{"type":"FeatureCollection","features":[{"type":"Feature","properties":{"sido":"강원특별자치도","sigungu":"강릉시","center":[37.7117,128.8802]},"geometry":{"type":"Polygon","coordinates":[[[128.874,37.5896],[128.8693,37.5794],[128.8627,37.5766],[128.8604,37.5438],[128.8479,37.515],[128.8138,37.5032],[128.7973,37.5186],[128.8037,37.53],[128.7809,37.5434],[128.7605,37.5413],[128.7455,37.5466],[128.7311,37.538],[128.7206,37.5418],[128.7041,37.5352],[128.6762,37.5515],[128.6684,37.5667],[128.6789,37.567],[128.6836,37.5929],[128.712,37.5886],[128.7194,37.606],[128.7365,37.61],[128.7359,37.6286],[128.7285,37.6362],[128.7334,37.654],[128.7471,37.6661],[128.7646,37.6718],[128.7639,37.6801],[128.7538,37.7077],[128.7462,37.7157],[128.7423,37.7413],[128.7245,37.7491],[128.7078,37.7688],[128.6771,37.7733],[128.6707,37.7671],[128.6389,37.7825],[128.624,37.7698],[128.609,37.7661],[128.6019,37.7697],[128.6008,37.8018],[128.5848,37.8151],[128.5804,37.8267],[128.5879,37.8619],[128.6009,37.8707],[128.6206,37.8723],[128.6246,37.8819],[128.6414,37.8949],[128.6647,37.8906],[128.6692,37.8858],[128.7133,37.8986],[128.7182,37.9037],[128.7321,37.8999],[128.7538,37.9123],[128.8027,37.9129],[128.81,37.9183],[128.8304,37.9065],[128.8349,37.8976],[128.8305,37.8839],[128.8758,37.8415],[128.8793,37.8297],[128.9561,37.7637],[128.9887,37.7429],[128.9951,37.727],[129.0144,37.7076],[129.0555,37.677],[129.0572,37.6588],[129.0443,37.6403],[129.0523,37.6264],[129.0578,37.6263],[129.0646,37.623],[129.0543,37.6258],[129.0543,37.6214],[129.073,37.6061],[129.0552,37.5975],[129.0596,37.5887],[129.0507,37.5763],[129.0468,37.5464],[129.0313,37.5473],[129.0187,37.5383],[128.9986,37.5429],[128.9806,37.5331],[128.9727,37.5338],[128.9606,37.549],[128.9545,37.5413],[128.9406,37.5371],[128.9124,37.553],[128.9057,37.5525],[128.9054,37.5673],[128.8984,37.5842],[128.8828,37.5921],[128.874,37.5896]]]}},{"type":"Feature","properties":{"sido":"강원특별자치도","sigungu":"고성군","center":[38.4076,128.3607]},"geometry":{"type":"Polygon","coordinates":[[[128.5899,38.2423],[128.5894,38.2346],[128.5785,38.2244],[128.5381,38.2178],[128.5227,38.2079],[128.5139,38.209],[128.4865,38.1892],[128.4677,38.1978],[128.45,38.1986],[128.442,38.2022],[128.4374,38.2146],[128.4414,38.2213],[128.4373,38.2306],[128.4393,38.239],[128.4244,38.2518],[128.4176,38.2544],[128.3958,38.2396],[128.3871,38.2482],[128.3717,38.2425],[128.3677,38.2355],[128.3582,38.264],[128.319,38.2661],[128.3215,38.2953],[128.3152,38.3023],[128.3109,38.3292],[128.2902,38.3345],[128.2612,38.3245],[128.2574,38.3427],[128.2628,38.3528],[128.2609,38.3634],[128.2276,38.3616],[128.224,38.3677],[128.2288,38.3746],[128.204,38.3777],[128.2222,38.3867],[128.2431,38.4025],[128.249,38.4126],[128.2822,38.4353],[128.3014,38.472],[128.3055,38.5067],[128.3133,38.5151],[128.3097,38.528],[128.3153,38.5645],[128.3109,38.592],[128.3174,38.6074],[128.3582,38.617],[128.3719,38.5926],[128.4028,38.5656],[128.405,38.5549],[128.4103,38.5555],[128.4062,38.5416],[128.4174,38.5245],[128.4233,38.5225],[128.4214,38.5069],[128.4281,38.5058],[128.427,38.4996],[128.434,38.4892],[128.4431,38.4858],[128.4391,38.4832],[128.4417,38.4748],[128.449,38.4725],[128.4686,38.4511],[128.4592,38.4428],[128.4634,38.4473],[128.4561,38.4466],[128.4582,38.43],[128.4792,38.4024],[128.5158,38.3717],[128.5161,38.3576],[128.5263,38.3384],[128.5377,38.3376],[128.5397,38.3247],[128.5511,38.3142],[128.5654,38.2752],[128.5899,38.2423]]]}},{"type":"Feature","properties":{"sido":"강원특별자치도","sigungu":"동해시","center":[37.5137,129.0463]},"geometry":{"type":"Polygon","coordinates":[[[129.1488,37.4649],[129.139,37.4645],[129.1349,37.4532],[129.1179,37.4603],[129.1074,37.4558],[129.0957,37.4634],[129.0769,37.4562],[129.0652,37.4601],[129.0442,37.4558],[129.009,37.4346],[129.0045,37.4266],[128.9756,37.4333],[128.9576,37.4468],[128.9658,37.4601],[128.9838,37.4704],[128.9867,37.484],[128.9906,37.4845],[128.9866,37.493],[128.9703,37.4946],[128.9748,37.5036],[128.9627,37.51],[128.9689,37.5304],[128.9871,37.534],[128.9986,37.5429],[129.0187,37.5383],[129.0313,37.5473],[129.0468,37.5464],[129.0507,37.5763],[129.0596,37.5887],[129.0552,37.5975],[129.073,37.6061],[129.1158,37.5794],[129.1222,37.5578],[129.1179,37.5451],[129.1122,37.5494],[129.113,37.5393],[129.1248,37.5258],[129.1243,37.5173],[129.1482,37.4981],[129.1356,37.504],[129.1314,37.5014],[129.1363,37.4964],[129.1242,37.4904],[129.1261,37.4874],[129.1446,37.4968],[129.1422,37.4922],[129.1605,37.4785],[129.1488,37.4649]]]}},{"type":"Feature","properties":{"sido":"강원특별자치도","sigungu":"삼척시","center":[37.2584,129.1712]},"geometry":{"type":"Polygon","coordinates":[[[129.0741,37.1617],[129.0718,37.1699],[129.0273,37.175],[129.0122,37.1853],[129.0084,37.1985],[128.9996,37.2015],[128.9958,37.2082],[128.9983,37.2174],[129.0108,37.2216],[129.0077,37.2304],[128.9955,37.2331],[128.9895,37.2423],[129.0002,37.2432],[129.0014,37.2521],[129.01,37.2538],[129.0045,37.263],[129.014,37.2752],[129.0038,37.2884],[129.0184,37.3033],[128.9978,37.3195],[128.9983,37.3258],[129.0145,37.3381],[129.0073,37.3458],[129.0002,37.3404],[128.9866,37.3421],[128.9635,37.3296],[128.9511,37.3087],[128.9437,37.3061],[128.946,37.2901],[128.9388,37.2835],[128.9407,37.2791],[128.9365,37.2742],[128.9242,37.2729],[128.935,37.2459],[128.9296,37.2408],[128.9177,37.24],[128.9164,37.2249],[128.9082,37.2164],[128.9052,37.2186],[128.8978,37.2487],[128.8799,37.2647],[128.8888,37.2759],[128.8729,37.2824],[128.8722,37.2902],[128.8589,37.3002],[128.8742,37.3266],[128.867,37.3381],[128.8458,37.3399],[128.8579,37.3809],[128.8689,37.3914],[128.8701,37.4003],[128.8957,37.4094],[128.8978,37.4301],[128.9032,37.4377],[128.9109,37.4363],[128.9276,37.4487],[128.9549,37.4494],[128.9756,37.4333],[129.0045,37.4266],[129.009,37.4346],[129.0442,37.4558],[129.0652,37.4601],[129.0769,37.4562],[129.0957,37.4634],[129.1074,37.4558],[129.1179,37.4603],[129.1349,37.4532],[129.139,37.4645],[129.1488,37.4649],[129.16,37.4767],[129.1901,37.4518],[129.1921,37.438],[129.1874,37.4375],[129.1941,37.4325],[129.1907,37.4319],[129.1932,37.4242],[129.2028,37.411],[129.2506,37.381],[129.2605,37.3806],[129.2528,37.3746],[129.2512,37.3635],[129.2669,37.3422],[129.2691,37.3235],[129.2882,37.3099],[129.2992,37.3103],[129.302,37.2922],[129.31,37.2918],[129.3115,37.2863],[129.3218,37.2886],[129.3207,37.2837],[129.3299,37.2782],[129.3274,37.2643],[129.349,37.2479],[129.3503,37.239],[129.3568,37.2355],[129.3413,37.2256],[129.3479,37.2095],[129.3397,37.1942],[129.346,37.169],[129.3641,37.1464],[129.3245,37.1417],[129.2982,37.1245],[129.2945,37.1144],[129.272,37.117],[129.2661,37.1023],[129.2496,37.0959],[129.2256,37.0734],[129.2332,37.0642],[129.2289,37.0569],[129.2381,37.0388],[129.2251,37.0445],[129.1865,37.0416],[129.1664,37.0695],[129.1558,37.0692],[129.1423,37.0811],[129.1281,37.0842],[129.1237,37.0912],[129.0958,37.1005],[129.0876,37.114],[129.0953,37.1387],[129.085,37.16],[129.0741,37.1617]]]}},{"type":"Feature","properties":{"sido":"강원특별자치도","sigungu":"속초시","center":[38.1753,128.5163]},"geometry":{"type":"Polygon","coordinates":[[[128.6152,38.1808],[128.6075,38.1729],[128.6091,38.1611],[128.5708,38.161],[128.5706,38.1544],[128.5594,38.1492],[128.5346,38.1483],[128.5287,38.1364],[128.4918,38.1381],[128.4664,38.1193],[128.4654,38.1375],[128.4422,38.1511],[128.4385,38.1628],[128.4198,38.1776],[128.4261,38.1891],[128.4364,38.1937],[128.4419,38.2023],[128.4865,38.1892],[128.5139,38.209],[128.5229,38.208],[128.5381,38.2178],[128.5731,38.2215],[128.5849,38.2311],[128.602,38.2147],[128.6031,38.2074],[128.6026,38.2052],[128.6005,38.2106],[128.5945,38.2107],[128.5944,38.2068],[128.6002,38.2066],[128.5961,38.2062],[128.596,38.2003],[128.6152,38.1808]]]}},{"type":"Feature","properties":{"sido":"강원특별자치도","sigungu":"양구군","center":[38.171,127.9888]},"geometry":{"type":"Polygon","coordinates":[[[128.0898,38.1007],[128.0892,38.0922],[128.099,38.079],[128.1128,38.0712],[128.118,38.0479],[128.1137,38.0369],[128.1047,38.0297],[128.0941,38.0287],[128.0801,38.0345],[128.0692,38.0471],[128.061,38.0472],[128.0564,38.0311],[128.0606,38.015],[128.0482,38.0199],[128.0297,38.0142],[128.0135,38.0191],[127.9944,38.0013],[127.9839,38.0134],[127.9858,38.0274],[127.9547,38.0397],[127.947,38.032],[127.9462,38.0195],[127.9398,38.0147],[127.9077,38.0254],[127.9027,38.035],[127.9036,38.0509],[127.9145,38.0584],[127.9045,38.0727],[127.9074,38.0805],[127.9003,38.093],[127.8851,38.1025],[127.8874,38.1159],[127.8752,38.1257],[127.8747,38.1588],[127.8819,38.1688],[127.8758,38.1894],[127.8782,38.1971],[127.8524,38.2091],[127.8526,38.2293],[127.8584,38.2379],[127.8398,38.2891],[127.8876,38.309],[127.9149,38.3107],[127.9422,38.3064],[127.9795,38.2836],[128.001,38.2774],[128.0088,38.3182],[128.0323,38.32],[128.0342,38.3154],[128.0635,38.3135],[128.1232,38.3407],[128.1211,38.3264],[128.1267,38.3232],[128.1565,38.3251],[128.1649,38.3143],[128.1653,38.2983],[128.1587,38.291],[128.1559,38.2611],[128.1162,38.2307],[128.1134,38.2195],[128.1188,38.2115],[128.0981,38.1931],[128.0969,38.1865],[128.1051,38.1853],[128.1037,38.1779],[128.0962,38.1732],[128.0968,38.1621],[128.0864,38.1519],[128.0881,38.138],[128.0983,38.1293],[128.104,38.113],[128.098,38.1015],[128.0898,38.1007]]]}},{"type":"Feature","properties":{"sido":"강원특별자치도","sigungu":"양양군","center":[38.0101,128.6236]},"geometry":{"type":"Polygon","coordinates":[[[128.8032,37.913],[128.7824,37.915],[128.7757,37.9101],[128.7538,37.9123],[128.7321,37.8999],[128.7182,37.9037],[128.7133,37.8986],[128.6692,37.8858],[128.6647,37.8906],[128.6414,37.8949],[128.6246,37.8819],[128.6206,37.8723],[128.6009,37.8707],[128.5879,37.8619],[128.5738,37.8646],[128.5669,37.8757],[128.56,37.8755],[128.5395,37.8912],[128.5132,37.8801],[128.5068,37.8867],[128.4965,37.8856],[128.4736,37.9001],[128.4765,37.9223],[128.4634,37.9358],[128.4663,37.9494],[128.4731,37.9538],[128.472,37.9602],[128.4963,37.9659],[128.4965,37.9823],[128.5022,37.9968],[128.512,38.0046],[128.5128,38.0125],[128.5022,38.0176],[128.5001,38.0383],[128.4862,38.0536],[128.4749,38.0484],[128.4417,38.0581],[128.4253,38.0493],[128.4124,38.0679],[128.4094,38.089],[128.4041,38.0964],[128.4122,38.1042],[128.4119,38.1118],[128.4284,38.1096],[128.4575,38.1215],[128.4719,38.121],[128.4918,38.1381],[128.5287,38.1364],[128.5346,38.1483],[128.5594,38.1492],[128.5706,38.1544],[128.5708,38.161],[128.6091,38.1611],[128.6096,38.1511],[128.6187,38.1374],[128.6302,38.1289],[128.6388,38.1136],[128.6672,38.092],[128.6783,38.0751],[128.6769,38.0672],[128.6865,38.056],[128.7264,38.024],[128.7369,38.0225],[128.7342,38.0076],[128.7522,37.9863],[128.7649,37.9803],[128.7603,37.9767],[128.7669,37.9728],[128.7642,37.9685],[128.7702,37.9584],[128.7905,37.9451],[128.7904,37.9346],[128.8091,37.9179],[128.8032,37.913]]]}},{"type":"Feature","properties":{"sido":"강원특별자치도","sigungu":"영월군","center":[37.2176,128.4605]},"geometry":{"type":"Polygon","coordinates":[[[128.765,37.064],[128.7571,37.0701],[128.752,37.0564],[128.7621,37.0367],[128.7514,37.0283],[128.7343,37.0403],[128.7186,37.044],[128.7089,37.0392],[128.7004,37.0411],[128.6893,37.053],[128.6839,37.0516],[128.6754,37.0588],[128.6575,37.0611],[128.6283,37.075],[128.6232,37.0871],[128.6063,37.0766],[128.6018,37.0828],[128.5917,37.0782],[128.5621,37.0904],[128.5508,37.0858],[128.538,37.09],[128.5347,37.0984],[128.5223,37.1034],[128.512,37.0961],[128.5124,37.1137],[128.4901,37.1229],[128.4803,37.1116],[128.4508,37.1124],[128.445,37.1074],[128.4352,37.1113],[128.4248,37.1024],[128.4186,37.1198],[128.3959,37.1287],[128.4026,37.1424],[128.3844,37.1582],[128.3771,37.1516],[128.3645,37.1554],[128.3595,37.15],[128.3501,37.158],[128.3429,37.1543],[128.337,37.1579],[128.3307,37.1503],[128.3274,37.153],[128.3256,37.1483],[128.3113,37.1453],[128.2965,37.134],[128.2733,37.1474],[128.2647,37.1605],[128.2763,37.172],[128.2982,37.1723],[128.2959,37.183],[128.3129,37.188],[128.3132,37.1967],[128.3274,37.1988],[128.3305,37.2165],[128.3156,37.2235],[128.3086,37.2169],[128.2684,37.2081],[128.2512,37.2292],[128.2287,37.2278],[128.2148,37.2463],[128.2012,37.2488],[128.2106,37.2578],[128.2116,37.2732],[128.2175,37.2776],[128.2147,37.2872],[128.1958,37.2973],[128.1791,37.2916],[128.1837,37.2838],[128.17,37.2778],[128.1217,37.276],[128.1131,37.2942],[128.1178,37.304],[128.1143,37.3162],[128.1313,37.3293],[128.1459,37.3224],[128.1537,37.3275],[128.1721,37.3226],[128.1678,37.3367],[128.1863,37.3413],[128.1779,37.3749],[128.1788,37.3859],[128.184,37.3908],[128.2093,37.395],[128.2364,37.3881],[128.2548,37.3935],[128.2656,37.408],[128.2834,37.4063],[128.2942,37.4006],[128.2977,37.3892],[128.3272,37.3757],[128.3185,37.3647],[128.3169,37.3537],[128.3223,37.3464],[128.3227,37.3198],[128.3314,37.3039],[128.3559,37.3095],[128.3718,37.2916],[128.3797,37.2889],[128.397,37.2973],[128.4086,37.2943],[128.4064,37.3041],[128.4111,37.3089],[128.4043,37.319],[128.4122,37.3303],[128.4111,37.3387],[128.4211,37.344],[128.4494,37.337],[128.4641,37.3219],[128.4627,37.3081],[128.4968,37.3032],[128.5016,37.2895],[128.5177,37.2867],[128.5291,37.2922],[128.538,37.2847],[128.5543,37.2892],[128.5652,37.2786],[128.5741,37.2798],[128.5784,37.27],[128.5679,37.2706],[128.5646,37.2592],[128.5657,37.2529],[128.5767,37.2452],[128.5746,37.2298],[128.579,37.2206],[128.5876,37.2208],[128.6003,37.213],[128.6084,37.2184],[128.6198,37.2183],[128.622,37.213],[128.6178,37.2055],[128.6228,37.1998],[128.6322,37.1996],[128.6355,37.1882],[128.6429,37.1827],[128.672,37.1872],[128.6945,37.1846],[128.7167,37.1961],[128.732,37.1974],[128.7536,37.2118],[128.8092,37.1907],[128.8218,37.1759],[128.8337,37.1761],[128.8415,37.1672],[128.8842,37.169],[128.8918,37.1611],[128.8932,37.1522],[128.8984,37.1508],[128.8877,37.14],[128.8888,37.1254],[128.8672,37.109],[128.8872,37.1019],[128.889,37.0924],[128.8752,37.0792],[128.8763,37.0733],[128.8887,37.0623],[128.8995,37.068],[128.9097,37.0669],[128.8974,37.0579],[128.897,37.0453],[128.8783,37.0536],[128.8727,37.0446],[128.8471,37.0519],[128.8276,37.078],[128.8086,37.0775],[128.8029,37.0854],[128.7802,37.0924],[128.7732,37.0874],[128.7775,37.083],[128.765,37.064]]]}},{"type":"Feature","properties":{"sido":"강원특별자치도","sigungu":"원주시","center":[37.3228,127.9053]},"geometry":{"type":"Polygon","coordinates":[[[127.9324,37.2075],[127.9366,37.1888],[127.9336,37.176],[127.9244,37.1643],[127.9152,37.1692],[127.9085,37.1672],[127.8994,37.1501],[127.8867,37.1609],[127.8707,37.1644],[127.862,37.1617],[127.8609,37.1554],[127.8537,37.161],[127.8494,37.1533],[127.7895,37.1444],[127.7616,37.164],[127.7439,37.2101],[127.7509,37.2222],[127.7464,37.2296],[127.7476,37.2435],[127.7583,37.258],[127.7548,37.2977],[127.7681,37.3025],[127.7578,37.3457],[127.7595,37.367],[127.7778,37.3712],[127.7766,37.3832],[127.7831,37.3903],[127.7946,37.4243],[127.8039,37.429],[127.8018,37.4353],[127.8225,37.4439],[127.8416,37.4308],[127.8512,37.4085],[127.8513,37.3946],[127.8665,37.3995],[127.871,37.4163],[127.8641,37.4244],[127.8634,37.4358],[127.8752,37.4657],[127.9041,37.4732],[127.9102,37.4871],[127.9285,37.5068],[127.9391,37.5003],[127.9327,37.4882],[127.9512,37.4548],[127.9643,37.4503],[127.9767,37.4587],[127.9879,37.4589],[128.0038,37.4568],[128.0065,37.4492],[128.015,37.4467],[128.0288,37.4505],[128.0419,37.4455],[128.0607,37.4471],[128.0645,37.4368],[128.0805,37.4284],[128.0974,37.4078],[128.0717,37.393],[128.0766,37.3761],[128.0723,37.3676],[128.05,37.366],[128.0414,37.3557],[128.0432,37.346],[128.0374,37.3347],[128.0571,37.3109],[128.1143,37.302],[128.1159,37.2833],[128.1217,37.276],[128.17,37.2778],[128.1837,37.2838],[128.1791,37.2916],[128.1958,37.2973],[128.2172,37.2836],[128.2068,37.2517],[128.1742,37.2325],[128.1717,37.2176],[128.1641,37.2132],[128.1537,37.216],[128.1411,37.2294],[128.1265,37.2346],[128.1216,37.2275],[128.1252,37.2211],[128.1116,37.2078],[128.0788,37.194],[128.0368,37.1897],[128.0298,37.2028],[128.0393,37.2156],[128.0213,37.2323],[128.019,37.2444],[127.9853,37.2582],[127.9481,37.2469],[127.9456,37.2405],[127.9387,37.2407],[127.9229,37.2279],[127.9324,37.2075]]]}},{"type":"Feature","properties":{"sido":"강원특별자치도","sigungu":"인제군","center":[38.0943,128.2474]},"geometry":{"type":"Polygon","coordinates":[[[128.4102,37.8726],[128.401,37.8619],[128.3821,37.8586],[128.365,37.8459],[128.3647,37.8334],[128.3458,37.8253],[128.3289,37.834],[128.3196,37.8309],[128.3075,37.8433],[128.3052,37.8577],[128.2937,37.8699],[128.2634,37.8583],[128.2544,37.8365],[128.2125,37.8117],[128.1921,37.8226],[128.1811,37.8346],[128.182,37.8435],[128.1691,37.8522],[128.1723,37.859],[128.1688,37.8719],[128.1744,37.8829],[128.1638,37.8877],[128.1608,37.8954],[128.1448,37.8929],[128.1074,37.8999],[128.0928,37.8978],[128.0531,37.9176],[128.0397,37.9273],[128.0298,37.9433],[128.0004,37.9388],[127.9772,37.9568],[127.9849,37.9667],[127.9832,37.9906],[127.9954,37.9894],[128.0154,37.9968],[128.0292,38.0146],[128.0449,38.0199],[128.0606,38.015],[128.0564,38.0311],[128.061,38.0472],[128.0692,38.0471],[128.0801,38.0345],[128.0956,38.0281],[128.1126,38.0353],[128.118,38.0479],[128.1128,38.0712],[128.099,38.079],[128.0892,38.0922],[128.0891,38.0999],[128.1009,38.1022],[128.1045,38.111],[128.0983,38.1293],[128.0881,38.138],[128.0864,38.1519],[128.0968,38.1621],[128.0962,38.1732],[128.1037,38.1779],[128.1051,38.1853],[128.0969,38.1865],[128.0981,38.1931],[128.1188,38.2115],[128.1134,38.2195],[128.1162,38.2307],[128.1559,38.2611],[128.1587,38.291],[128.1653,38.2983],[128.1649,38.3143],[128.1565,38.3251],[128.1267,38.3232],[128.1211,38.3264],[128.1232,38.3407],[128.2012,38.3768],[128.2199,38.3778],[128.2288,38.3746],[128.224,38.3677],[128.2276,38.3616],[128.2609,38.3634],[128.2628,38.3528],[128.2574,38.3427],[128.2612,38.3245],[128.2902,38.3345],[128.3109,38.3292],[128.3152,38.3023],[128.3215,38.2953],[128.319,38.2661],[128.3582,38.264],[128.3677,38.2355],[128.3717,38.2425],[128.3878,38.2484],[128.3969,38.2397],[128.4176,38.2544],[128.4393,38.239],[128.4373,38.2306],[128.4414,38.2213],[128.4374,38.2146],[128.4426,38.2032],[128.4364,38.1937],[128.4261,38.1891],[128.4198,38.1776],[128.4385,38.1628],[128.4422,38.1511],[128.4654,38.1375],[128.4654,38.1195],[128.4575,38.1215],[128.4284,38.1096],[128.4114,38.1115],[128.4122,38.1042],[128.4041,38.0964],[128.4094,38.089],[128.4092,38.0763],[128.4253,38.0493],[128.4417,38.0581],[128.4749,38.0484],[128.4868,38.0533],[128.5001,38.0383],[128.5022,38.0176],[128.5131,38.0101],[128.4965,37.9823],[128.4951,37.9641],[128.4744,37.9616],[128.4731,37.9538],[128.4663,37.9494],[128.4634,37.9355],[128.4765,37.9223],[128.4734,37.9005],[128.4819,37.8948],[128.4775,37.8879],[128.4584,37.8795],[128.4405,37.8635],[128.4125,37.8848],[128.4102,37.8726]]]}},{"type":"Feature","properties":{"sido":"강원특별자치도","sigungu":"정선군","center":[37.3752,128.7034]},"geometry":{"type":"Polygon","coordinates":[[[128.9159,37.2114],[128.9114,37.1971],[128.9177,37.1612],[128.9121,37.1494],[128.8992,37.1479],[128.8842,37.169],[128.8415,37.1672],[128.8337,37.1761],[128.8218,37.1759],[128.8092,37.1907],[128.7537,37.2117],[128.732,37.1974],[128.7167,37.1961],[128.6945,37.1846],[128.672,37.1872],[128.643,37.1827],[128.6355,37.1882],[128.6322,37.1996],[128.6228,37.1998],[128.6178,37.2055],[128.622,37.213],[128.6198,37.2183],[128.6084,37.2184],[128.6003,37.213],[128.5876,37.2208],[128.5791,37.2204],[128.5746,37.2298],[128.5767,37.2452],[128.5657,37.2529],[128.565,37.2617],[128.5683,37.2709],[128.581,37.2674],[128.5958,37.2831],[128.5797,37.2987],[128.5846,37.3105],[128.5701,37.3259],[128.5662,37.3452],[128.5473,37.3547],[128.5534,37.3695],[128.5389,37.3996],[128.5127,37.4055],[128.5061,37.4167],[128.519,37.4341],[128.5142,37.456],[128.5243,37.4636],[128.5529,37.4568],[128.5632,37.4613],[128.5563,37.4873],[128.5639,37.4999],[128.5721,37.4901],[128.5846,37.4873],[128.577,37.4953],[128.5768,37.5046],[128.5835,37.5359],[128.5897,37.5408],[128.5898,37.5605],[128.6015,37.5698],[128.6205,37.5749],[128.6254,37.5734],[128.627,37.5555],[128.6352,37.5394],[128.6417,37.5415],[128.6449,37.5533],[128.6691,37.5571],[128.7041,37.5352],[128.7206,37.5418],[128.7311,37.538],[128.7455,37.5466],[128.7605,37.5413],[128.7809,37.5434],[128.8037,37.53],[128.7973,37.5186],[128.8134,37.5032],[128.8479,37.515],[128.8604,37.5438],[128.8621,37.575],[128.874,37.5896],[128.8852,37.5927],[128.8964,37.5867],[128.9047,37.5699],[128.9057,37.5525],[128.9243,37.5469],[128.9326,37.5388],[128.9416,37.5373],[128.9545,37.5413],[128.9589,37.5487],[128.9628,37.547],[128.9731,37.534],[128.9627,37.51],[128.9748,37.5036],[128.9703,37.4946],[128.9867,37.4928],[128.9906,37.4848],[128.9867,37.484],[128.9878,37.4751],[128.9658,37.4601],[128.9576,37.4468],[128.9377,37.4508],[128.9229,37.4464],[128.9109,37.4363],[128.9021,37.4368],[128.8957,37.4094],[128.8701,37.4003],[128.8689,37.3914],[128.8579,37.3809],[128.8459,37.3407],[128.867,37.3381],[128.8742,37.3266],[128.8589,37.3002],[128.8722,37.2902],[128.8729,37.2824],[128.8888,37.2759],[128.8799,37.2647],[128.8978,37.2487],[128.8984,37.236],[128.9082,37.2164],[128.9159,37.2114]]]}},{"type":"Feature","properties":{"sido":"강원특별자치도","sigungu":"철원군","center":[38.217,127.3507]},"geometry":{"type":"Polygon","coordinates":[[[127.4121,38.1027],[127.403,38.1132],[127.3783,38.1178],[127.3645,38.107],[127.3389,38.1014],[127.3374,38.0898],[127.3212,38.0952],[127.3072,38.1194],[127.2856,38.1151],[127.282,38.1247],[127.2767,38.1254],[127.2756,38.1368],[127.2872,38.1514],[127.2872,38.1687],[127.2973,38.1748],[127.2828,38.1829],[127.2661,38.1805],[127.2559,38.164],[127.2339,38.1473],[127.2237,38.1473],[127.2198,38.1387],[127.1896,38.1614],[127.186,38.1734],[127.1904,38.1889],[127.1794,38.1847],[127.1662,38.1981],[127.1722,38.2104],[127.1594,38.2191],[127.1625,38.2322],[127.1584,38.2389],[127.1489,38.2427],[127.1305,38.2326],[127.113,38.2376],[127.1093,38.292],[127.1264,38.3016],[127.1321,38.3136],[127.1391,38.3154],[127.1537,38.3042],[127.2454,38.3337],[127.2868,38.3264],[127.3026,38.3141],[127.3383,38.332],[127.3538,38.3295],[127.3849,38.3399],[127.4024,38.3388],[127.4245,38.3343],[127.4491,38.3172],[127.4728,38.3194],[127.4868,38.3037],[127.5032,38.3033],[127.5508,38.3295],[127.5881,38.3401],[127.6102,38.3405],[127.5834,38.2927],[127.5964,38.2836],[127.5971,38.27],[127.5921,38.2611],[127.5789,38.2578],[127.5658,38.2375],[127.5417,38.2292],[127.5374,38.2196],[127.5401,38.2149],[127.5307,38.2106],[127.5244,38.2001],[127.5076,38.1984],[127.5042,38.1743],[127.4906,38.1598],[127.5027,38.1486],[127.4953,38.1327],[127.4846,38.1257],[127.4576,38.1234],[127.4515,38.1181],[127.4397,38.1241],[127.4121,38.1027]]]}},{"type":"Feature","properties":{"sido":"강원특별자치도","sigungu":"춘천시","center":[37.8795,127.7872]},"geometry":{"type":"Polygon","coordinates":[[[127.6247,37.6937],[127.6203,37.6788],[127.6098,37.6756],[127.6095,37.701],[127.5948,37.7036],[127.5955,37.7175],[127.5845,37.7279],[127.5691,37.7334],[127.5638,37.7282],[127.5521,37.7283],[127.5408,37.7191],[127.5254,37.7269],[127.5109,37.7177],[127.5073,37.7197],[127.5099,37.7349],[127.5445,37.7599],[127.5403,37.7711],[127.5216,37.7913],[127.5371,37.812],[127.5246,37.8247],[127.5279,37.8369],[127.5624,37.8555],[127.5781,37.8737],[127.6055,37.8763],[127.6076,37.8899],[127.6177,37.9065],[127.6121,37.9208],[127.6164,37.9314],[127.6138,37.9394],[127.6027,37.9477],[127.603,37.9551],[127.5443,37.9681],[127.5471,37.9798],[127.5397,38.0012],[127.5444,38.0196],[127.5635,38.022],[127.5654,38.0297],[127.5786,38.0398],[127.5739,38.0475],[127.5771,38.0604],[127.5654,38.0683],[127.566,38.0835],[127.5981,38.0803],[127.6075,38.0716],[127.6051,38.0607],[127.6147,38.0612],[127.6262,38.0507],[127.6504,38.0556],[127.6524,38.0243],[127.6772,38.0363],[127.7046,38.0368],[127.714,38.0242],[127.7243,38.0249],[127.7382,38.0386],[127.7577,38.0339],[127.7703,38.0267],[127.7936,37.9923],[127.8129,38.0036],[127.8271,38.0007],[127.8373,38.0128],[127.858,38.0186],[127.8492,38.0361],[127.855,38.0521],[127.8802,38.0472],[127.9036,38.0509],[127.9065,38.0266],[127.9363,38.0143],[127.9462,38.0195],[127.9478,38.0339],[127.9564,38.0391],[127.9858,38.0274],[127.9839,38.0134],[127.9944,38.0013],[128.0135,38.0191],[128.0294,38.0143],[128.0154,37.9968],[127.9954,37.9894],[127.9832,37.9906],[127.9849,37.9667],[127.9772,37.9568],[127.9874,37.9512],[127.9939,37.9365],[127.9832,37.9233],[127.9824,37.9113],[127.9708,37.8987],[127.9731,37.8826],[127.9556,37.871],[127.9611,37.8657],[127.9507,37.8636],[127.9441,37.8502],[127.9449,37.8385],[127.9374,37.8364],[127.9344,37.828],[127.9295,37.8273],[127.918,37.8444],[127.9085,37.8484],[127.908,37.8554],[127.8912,37.8628],[127.8765,37.8565],[127.878,37.8491],[127.8695,37.8365],[127.8485,37.8354],[127.8226,37.8458],[127.8153,37.8405],[127.814,37.8331],[127.8277,37.8198],[127.8249,37.7982],[127.8432,37.7897],[127.8572,37.7679],[127.8386,37.7554],[127.8448,37.7491],[127.8309,37.7398],[127.8161,37.7484],[127.8031,37.7438],[127.7996,37.7349],[127.7812,37.7418],[127.7536,37.7315],[127.7434,37.7421],[127.7273,37.7323],[127.7209,37.733],[127.6986,37.7167],[127.6769,37.7175],[127.6842,37.7068],[127.6826,37.6986],[127.6778,37.695],[127.652,37.6981],[127.6474,37.679],[127.6423,37.6804],[127.6404,37.697],[127.6247,37.6937]]]}},{"type":"Feature","properties":{"sido":"강원특별자치도","sigungu":"태백시","center":[37.2049,128.9558]},"geometry":{"type":"Polygon","coordinates":[[[129.0705,37.0885],[129.0678,37.0743],[129.0601,37.0648],[129.0343,37.0758],[128.9931,37.0846],[128.9598,37.0775],[128.9438,37.0952],[128.9215,37.0915],[128.9097,37.0669],[128.8995,37.068],[128.8887,37.0623],[128.876,37.0738],[128.8752,37.0792],[128.889,37.0924],[128.8872,37.1019],[128.8672,37.109],[128.8888,37.1254],[128.8893,37.1428],[128.9121,37.1494],[128.9177,37.1612],[128.9114,37.1971],[128.9159,37.2114],[128.9082,37.2164],[128.9164,37.2249],[128.9177,37.24],[128.9296,37.2408],[128.935,37.2459],[128.9243,37.2731],[128.9362,37.2741],[128.9406,37.2789],[128.9388,37.2835],[128.946,37.2901],[128.9433,37.3055],[128.9524,37.3102],[128.9635,37.3295],[128.9864,37.3421],[129.0099,37.3441],[129.0144,37.3379],[128.9983,37.3258],[128.9978,37.3195],[129.0184,37.3033],[129.0038,37.2884],[129.014,37.2752],[129.0045,37.263],[129.01,37.2538],[129.0014,37.2521],[129.0002,37.2432],[128.9895,37.2423],[128.9955,37.2331],[129.0077,37.2304],[129.0108,37.2216],[128.9983,37.2174],[128.9958,37.2082],[128.9996,37.2015],[129.0084,37.1985],[129.0122,37.1853],[129.0273,37.175],[129.072,37.1699],[129.0741,37.1617],[129.0885,37.1583],[129.0897,37.1439],[129.0953,37.1387],[129.0877,37.1136],[129.0949,37.0999],[129.0705,37.0885]]]}},{"type":"Feature","properties":{"sido":"강원특별자치도","sigungu":"평창군","center":[37.5435,128.4432]},"geometry":{"type":"Polygon","coordinates":[[[128.5797,37.2987],[128.5961,37.2804],[128.5777,37.2667],[128.5746,37.2793],[128.5652,37.2786],[128.5565,37.2886],[128.5447,37.2896],[128.538,37.2847],[128.5291,37.2922],[128.5177,37.2867],[128.5041,37.2889],[128.4968,37.3032],[128.4647,37.3066],[128.4641,37.3219],[128.4529,37.3347],[128.422,37.3438],[128.4095,37.3368],[128.4122,37.3303],[128.4051,37.3234],[128.4063,37.3112],[128.4111,37.3089],[128.4064,37.3041],[128.4086,37.2943],[128.397,37.2973],[128.3797,37.2889],[128.3718,37.2916],[128.3559,37.3095],[128.3314,37.3039],[128.3227,37.3198],[128.3223,37.3464],[128.3169,37.3537],[128.3185,37.3647],[128.3272,37.3757],[128.2977,37.3892],[128.2912,37.4024],[128.2656,37.408],[128.2544,37.4285],[128.2577,37.4382],[128.2476,37.4458],[128.2435,37.4798],[128.2643,37.4849],[128.2778,37.502],[128.2992,37.5116],[128.3022,37.5382],[128.2947,37.5455],[128.2983,37.5553],[128.2794,37.5938],[128.2858,37.6016],[128.2789,37.6114],[128.2833,37.6192],[128.2566,37.6251],[128.2548,37.6295],[128.2716,37.6402],[128.272,37.6558],[128.2799,37.6721],[128.3051,37.6909],[128.3125,37.7037],[128.3228,37.6881],[128.3597,37.6991],[128.3767,37.6915],[128.4159,37.688],[128.4353,37.6923],[128.4439,37.7006],[128.4451,37.7175],[128.4575,37.7306],[128.4657,37.7282],[128.4783,37.7345],[128.5266,37.7313],[128.5271,37.7522],[128.5211,37.7589],[128.533,37.7711],[128.533,37.7796],[128.5425,37.7886],[128.5426,37.7985],[128.5556,37.8086],[128.5693,37.8067],[128.5826,37.821],[128.6008,37.8018],[128.5989,37.7741],[128.6029,37.7691],[128.609,37.7661],[128.624,37.7698],[128.6368,37.7825],[128.6707,37.7671],[128.677,37.7733],[128.7005,37.771],[128.7104,37.7667],[128.7245,37.7491],[128.7422,37.7416],[128.7462,37.7157],[128.7538,37.7077],[128.7654,37.6742],[128.7334,37.654],[128.7285,37.6362],[128.7359,37.6286],[128.7365,37.61],[128.7194,37.606],[128.712,37.5886],[128.6837,37.5931],[128.6789,37.567],[128.6684,37.5667],[128.674,37.5559],[128.6459,37.5538],[128.6417,37.5415],[128.637,37.5397],[128.627,37.5555],[128.6254,37.5734],[128.6151,37.5753],[128.5999,37.569],[128.5891,37.5591],[128.5897,37.5408],[128.5835,37.5359],[128.5775,37.5117],[128.5768,37.496],[128.5846,37.4873],[128.5721,37.4901],[128.5639,37.4999],[128.5563,37.4873],[128.5632,37.4613],[128.5529,37.4568],[128.5243,37.4636],[128.5133,37.455],[128.519,37.4341],[128.5062,37.4183],[128.5084,37.4105],[128.5163,37.4037],[128.5389,37.3996],[128.5534,37.3695],[128.5473,37.3547],[128.5662,37.3452],[128.5701,37.3259],[128.5837,37.3087],[128.5797,37.2987]]]}},{"type":"Feature","properties":{"sido":"강원특별자치도","sigungu":"홍천군","center":[37.7499,128.1848]},"geometry":{"type":"Polygon","coordinates":[[[127.8934,37.585],[127.8716,37.5621],[127.872,37.5568],[127.8494,37.5532],[127.8371,37.5605],[127.8129,37.5646],[127.8103,37.5728],[127.7934,37.5854],[127.786,37.5786],[127.767,37.5826],[127.7535,37.5919],[127.7081,37.5864],[127.6979,37.5916],[127.7002,37.5967],[127.6965,37.6004],[127.6676,37.6173],[127.6637,37.624],[127.6524,37.6227],[127.6469,37.6329],[127.6394,37.6329],[127.6072,37.651],[127.5857,37.6421],[127.582,37.6341],[127.5646,37.6331],[127.559,37.6284],[127.537,37.643],[127.5354,37.6497],[127.5439,37.6516],[127.5528,37.6615],[127.5501,37.6855],[127.5624,37.721],[127.5595,37.7279],[127.5691,37.7334],[127.5944,37.7203],[127.5948,37.7036],[127.6082,37.7033],[127.6074,37.6776],[127.613,37.6757],[127.6228,37.681],[127.6247,37.6937],[127.6358,37.6986],[127.6404,37.697],[127.6423,37.6804],[127.6474,37.679],[127.652,37.6981],[127.6778,37.695],[127.6826,37.6986],[127.6842,37.7068],[127.6769,37.7175],[127.6986,37.7167],[127.7209,37.733],[127.7273,37.7323],[127.7434,37.7421],[127.7536,37.7315],[127.7812,37.7418],[127.7996,37.7349],[127.8031,37.7438],[127.8157,37.7484],[127.8309,37.7398],[127.8413,37.7463],[127.8463,37.7514],[127.8386,37.7554],[127.8572,37.7679],[127.8432,37.7897],[127.8249,37.7982],[127.8277,37.8198],[127.814,37.8331],[127.8153,37.8405],[127.8226,37.8458],[127.8485,37.8354],[127.8695,37.8365],[127.878,37.8491],[127.8765,37.8565],[127.8912,37.8628],[127.908,37.8554],[127.9085,37.8484],[127.918,37.8444],[127.9295,37.8273],[127.9342,37.8278],[127.9374,37.8364],[127.9449,37.8385],[127.9441,37.8502],[127.9507,37.8636],[127.9611,37.8657],[127.9556,37.871],[127.9731,37.8826],[127.9707,37.8985],[127.9839,37.9139],[127.9832,37.9233],[127.9916,37.9296],[127.9934,37.9427],[128.0085,37.9385],[128.0201,37.9443],[128.0298,37.9433],[128.0397,37.9273],[128.0531,37.9176],[128.0928,37.8978],[128.1074,37.8999],[128.1448,37.8929],[128.1608,37.8954],[128.1638,37.8877],[128.1744,37.8829],[128.1688,37.8719],[128.1723,37.859],[128.1691,37.8522],[128.182,37.8435],[128.1811,37.8346],[128.1921,37.8226],[128.2125,37.8117],[128.2544,37.8365],[128.2634,37.8583],[128.2936,37.8699],[128.3052,37.8577],[128.3075,37.8433],[128.3196,37.8309],[128.3289,37.834],[128.3456,37.8253],[128.3647,37.8334],[128.365,37.8459],[128.3821,37.8586],[128.401,37.8619],[128.4102,37.8726],[128.4126,37.8849],[128.4405,37.8635],[128.4817,37.8931],[128.4975,37.8852],[128.5068,37.8867],[128.5124,37.88],[128.5395,37.8912],[128.56,37.8755],[128.5669,37.8757],[128.5738,37.8646],[128.5884,37.8613],[128.5813,37.8395],[128.5826,37.821],[128.5693,37.8067],[128.5556,37.8086],[128.544,37.8002],[128.5424,37.7884],[128.533,37.7796],[128.533,37.7711],[128.5223,37.7624],[128.5283,37.7325],[128.4766,37.7345],[128.4657,37.7282],[128.4575,37.7306],[128.4452,37.7177],[128.4439,37.7006],[128.4353,37.6923],[128.4056,37.6885],[128.3751,37.6918],[128.3597,37.6991],[128.3228,37.6881],[128.3125,37.7037],[128.3051,37.6909],[128.2778,37.6692],[128.2675,37.6346],[128.247,37.6251],[128.2265,37.6268],[128.2207,37.6402],[128.2047,37.6505],[128.1883,37.6463],[128.1639,37.6646],[128.1529,37.659],[128.1366,37.6811],[128.1202,37.6785],[128.106,37.6625],[128.1117,37.6548],[128.1096,37.6512],[128.0794,37.6522],[128.0754,37.6445],[128.067,37.6411],[128.0674,37.6361],[128.0354,37.6244],[128.0192,37.6133],[128.0127,37.6165],[128.0124,37.6265],[127.9821,37.6309],[127.9716,37.6382],[127.9676,37.6271],[127.9599,37.6259],[127.9497,37.6103],[127.9331,37.6099],[127.9156,37.6002],[127.8924,37.5958],[127.8934,37.585]]]}},{"type":"Feature","properties":{"sido":"강원특별자치도","sigungu":"화천군","center":[38.1715,127.6914]},"geometry":{"type":"Polygon","coordinates":[[[127.8851,38.1025],[127.9003,38.093],[127.9074,38.0805],[127.9045,38.0727],[127.9143,38.058],[127.9036,38.0509],[127.8802,38.0472],[127.8541,38.0519],[127.8492,38.0361],[127.858,38.0186],[127.8373,38.0128],[127.8271,38.0007],[127.8129,38.0036],[127.7936,37.9923],[127.7698,38.0272],[127.7463,38.038],[127.7342,38.0367],[127.7236,38.0246],[127.7132,38.0243],[127.7086,38.0335],[127.7001,38.0382],[127.6712,38.0348],[127.6524,38.0243],[127.6504,38.0556],[127.624,38.0515],[127.6147,38.0612],[127.6051,38.0607],[127.6075,38.0716],[127.5981,38.0803],[127.5747,38.0852],[127.566,38.0835],[127.5641,38.0755],[127.5658,38.0673],[127.5771,38.0604],[127.5739,38.0475],[127.5786,38.0398],[127.5654,38.0297],[127.5635,38.022],[127.5444,38.0196],[127.5397,38.0012],[127.5014,37.9996],[127.4973,38.0036],[127.4722,38.0061],[127.4568,38.0189],[127.4525,38.0468],[127.4457,38.051],[127.4437,38.059],[127.447,38.0708],[127.4439,38.0994],[127.4409,38.1084],[127.4306,38.1153],[127.4403,38.1244],[127.4515,38.1181],[127.4576,38.1234],[127.4846,38.1257],[127.4953,38.1327],[127.5027,38.1486],[127.4906,38.1598],[127.5042,38.1743],[127.5076,38.1984],[127.5244,38.2001],[127.5307,38.2106],[127.5401,38.2149],[127.5374,38.2196],[127.5417,38.2292],[127.5658,38.2375],[127.5789,38.2578],[127.5921,38.2611],[127.5971,38.27],[127.5964,38.2836],[127.5834,38.2927],[127.6102,38.3405],[127.6247,38.3308],[127.6752,38.33],[127.6902,38.3332],[127.6999,38.3434],[127.7301,38.3377],[127.7467,38.3482],[127.7615,38.3458],[127.7775,38.3538],[127.7978,38.3267],[127.8128,38.3253],[127.8398,38.2891],[127.8584,38.2379],[127.8526,38.2293],[127.8524,38.2091],[127.8782,38.1971],[127.8758,38.1894],[127.8819,38.1688],[127.8747,38.1588],[127.8778,38.1496],[127.8735,38.1363],[127.8762,38.1237],[127.8874,38.1159],[127.8851,38.1025]]]}},{"type":"Feature","properties":{"sido":"강원특별자치도","sigungu":"횡성군","center":[37.4899,128.1009]},"geometry":{"type":"Polygon","coordinates":[[[128.1863,37.3413],[128.1678,37.3367],[128.1721,37.3226],[128.1537,37.3275],[128.1459,37.3224],[128.1302,37.329],[128.1144,37.3163],[128.1178,37.304],[128.1141,37.302],[128.0571,37.3109],[128.0374,37.3347],[128.0432,37.346],[128.0414,37.3557],[128.05,37.366],[128.0723,37.3676],[128.0766,37.3761],[128.0717,37.393],[128.0845,37.4034],[128.0978,37.4069],[128.0805,37.4284],[128.0645,37.4368],[128.0607,37.4471],[128.0419,37.4455],[128.0288,37.4505],[128.015,37.4467],[128.0065,37.4492],[128.0038,37.4568],[127.9879,37.4589],[127.9767,37.4587],[127.9643,37.4503],[127.9512,37.4548],[127.9327,37.4882],[127.9391,37.5003],[127.9285,37.5068],[127.9102,37.4871],[127.9041,37.4732],[127.8753,37.466],[127.8634,37.4358],[127.8641,37.4244],[127.871,37.4163],[127.8677,37.4014],[127.8515,37.3945],[127.8512,37.4085],[127.8416,37.4308],[127.8212,37.4443],[127.8018,37.4353],[127.7963,37.4628],[127.7997,37.4722],[127.7879,37.476],[127.7745,37.4916],[127.7603,37.4923],[127.7594,37.5037],[127.784,37.5122],[127.7967,37.5236],[127.7965,37.5285],[127.8051,37.5302],[127.8095,37.5367],[127.8424,37.539],[127.8498,37.5534],[127.8717,37.5565],[127.8716,37.5621],[127.8934,37.585],[127.8936,37.5984],[127.9147,37.5998],[127.9331,37.6099],[127.9497,37.6103],[127.9599,37.6259],[127.9676,37.6271],[127.9714,37.6381],[127.9821,37.6309],[128.0124,37.6265],[128.0127,37.6165],[128.0192,37.6133],[128.0354,37.6244],[128.0674,37.6361],[128.067,37.6411],[128.0754,37.6445],[128.0794,37.6522],[128.1096,37.6512],[128.1117,37.6548],[128.1058,37.6615],[128.114,37.674],[128.1366,37.6811],[128.1529,37.659],[128.1639,37.6646],[128.1883,37.6463],[128.206,37.65],[128.2207,37.6402],[128.2265,37.6268],[128.2475,37.6251],[128.2548,37.6295],[128.2566,37.6251],[128.2831,37.6196],[128.2791,37.61],[128.2858,37.6016],[128.2794,37.5938],[128.2846,37.5784],[128.2947,37.569],[128.2983,37.555],[128.2948,37.5448],[128.3022,37.5382],[128.2992,37.5116],[128.2778,37.502],[128.2643,37.4849],[128.2435,37.4798],[128.2476,37.4458],[128.2577,37.4382],[128.2544,37.4285],[128.2656,37.408],[128.2576,37.3966],[128.2364,37.3881],[128.221,37.3941],[128.1879,37.3924],[128.1794,37.3875],[128.1863,37.3413]]]}},{"type":"Feature","properties":{"sido":"경기도","sigungu":"가평군","center":[37.8089,127.4064]},"geometry":{"type":"Polygon","coordinates":[[[127.5624,37.721],[127.5501,37.6855],[127.5528,37.6615],[127.5352,37.6464],[127.5708,37.6137],[127.5623,37.6044],[127.5602,37.5831],[127.5218,37.5864],[127.4974,37.5718],[127.4716,37.5799],[127.4712,37.6211],[127.4626,37.6249],[127.4449,37.6478],[127.4381,37.6479],[127.4348,37.6536],[127.4399,37.6618],[127.4281,37.6715],[127.4251,37.6656],[127.4081,37.6599],[127.3994,37.6509],[127.3711,37.6482],[127.3792,37.6746],[127.3669,37.6882],[127.3721,37.692],[127.3613,37.6938],[127.3534,37.7038],[127.3555,37.7237],[127.3429,37.7294],[127.3424,37.7378],[127.3311,37.7495],[127.334,37.7528],[127.3156,37.769],[127.2931,37.7762],[127.274,37.7741],[127.2665,37.7805],[127.2788,37.8055],[127.2741,37.8305],[127.2863,37.8483],[127.2803,37.8546],[127.2873,37.8683],[127.2915,37.8741],[127.2962,37.8689],[127.3117,37.8661],[127.3224,37.8715],[127.3237,37.8879],[127.3291,37.8943],[127.331,37.9259],[127.3452,37.9272],[127.3558,37.9216],[127.3843,37.9435],[127.3761,37.9615],[127.3854,37.9761],[127.3839,37.9811],[127.413,37.9978],[127.4272,38.0275],[127.4249,38.0334],[127.435,38.038],[127.4457,38.051],[127.4522,38.0474],[127.451,38.0376],[127.4614,38.0129],[127.4722,38.0061],[127.4973,38.0036],[127.5014,37.9996],[127.5397,38.0012],[127.5471,37.9798],[127.5443,37.9681],[127.6014,37.9561],[127.6048,37.9442],[127.6138,37.9394],[127.6166,37.9295],[127.6121,37.9208],[127.6177,37.9065],[127.6076,37.8899],[127.6059,37.8767],[127.5764,37.8728],[127.5624,37.8555],[127.5336,37.8426],[127.525,37.8301],[127.5249,37.8242],[127.5372,37.8124],[127.5217,37.791],[127.5403,37.7711],[127.5445,37.7599],[127.5099,37.7349],[127.5073,37.7197],[127.5109,37.7177],[127.5254,37.7269],[127.5408,37.7191],[127.5521,37.7283],[127.5624,37.721]]]}},{"type":"Feature","properties":{"sido":"경기도","sigungu":"고양시","center":[37.6628,126.8431]},"geometry":{"type":"Polygon","coordinates":[[[126.7979,37.6109],[126.6735,37.6749],[126.667,37.6891],[126.6765,37.7001],[126.6914,37.6891],[126.6993,37.697],[126.7299,37.7049],[126.7733,37.7043],[126.7733,37.7092],[126.7937,37.7259],[126.7936,37.735],[126.7982,37.7372],[126.8013,37.7303],[126.814,37.7235],[126.8566,37.7357],[126.881,37.7262],[126.8861,37.7185],[126.9022,37.7284],[126.9009,37.7371],[126.9088,37.747],[126.9293,37.749],[126.933,37.7454],[126.931,37.7375],[126.9219,37.7302],[126.925,37.7199],[126.9205,37.7137],[126.9247,37.7079],[126.9141,37.6879],[126.9145,37.679],[126.9061,37.6734],[126.9113,37.6687],[126.9398,37.6708],[126.9448,37.6851],[126.9544,37.6926],[126.9821,37.6854],[126.9926,37.6788],[126.9943,37.6665],[126.9794,37.6558],[126.9846,37.6366],[126.9718,37.6323],[126.9471,37.659],[126.9213,37.6456],[126.9053,37.6489],[126.9125,37.6417],[126.901,37.6125],[126.8998,37.5899],[126.8873,37.5886],[126.8848,37.5934],[126.8771,37.5789],[126.8536,37.5718],[126.7979,37.6109]]]}},{"type":"Feature","properties":{"sido":"경기도","sigungu":"과천시","center":[37.4351,127.002]},"geometry":{"type":"Polygon","coordinates":[[[126.9883,37.4079],[126.9826,37.4007],[126.9782,37.4035],[126.9738,37.415],[126.9639,37.4192],[126.9609,37.426],[126.964,37.4449],[126.9968,37.4622],[126.9963,37.4667],[127.0034,37.4673],[127.0111,37.4554],[127.0247,37.4578],[127.0327,37.4653],[127.0384,37.4457],[127.0358,37.4393],[127.0475,37.4309],[127.0418,37.4269],[127.0417,37.4156],[127.0085,37.4122],[127.0005,37.4052],[126.9883,37.4079]]]}},{"type":"Feature","properties":{"sido":"경기도","sigungu":"광명시","center":[37.445,126.8677]},"geometry":{"type":"Polygon","coordinates":[[[126.8706,37.4069],[126.877,37.4021],[126.8577,37.4022],[126.8468,37.4117],[126.8378,37.4369],[126.8384,37.4573],[126.826,37.4594],[126.8332,37.4659],[126.833,37.4773],[126.8453,37.4738],[126.8465,37.4817],[126.8683,37.4951],[126.8887,37.4625],[126.8864,37.4562],[126.8941,37.4526],[126.9005,37.4374],[126.8889,37.4126],[126.8711,37.4121],[126.8706,37.4069]]]}},{"type":"Feature","properties":{"sido":"경기도","sigungu":"광주시","center":[37.399,127.2928]},"geometry":{"type":"Polygon","coordinates":[[[127.217,37.3552],[127.2236,37.3459],[127.2195,37.3466],[127.2085,37.331],[127.2015,37.3286],[127.1916,37.3472],[127.1419,37.3363],[127.1363,37.3396],[127.138,37.3441],[127.1317,37.3512],[127.1339,37.3585],[127.1502,37.3614],[127.1617,37.3797],[127.1765,37.3849],[127.1683,37.3927],[127.177,37.4146],[127.1849,37.4153],[127.1946,37.4254],[127.1947,37.449],[127.191,37.4574],[127.1816,37.4605],[127.1758,37.4853],[127.1884,37.4803],[127.2157,37.4823],[127.2394,37.4751],[127.259,37.4902],[127.2544,37.506],[127.2762,37.5082],[127.2832,37.5135],[127.2876,37.5135],[127.2893,37.507],[127.2979,37.5089],[127.326,37.5341],[127.3479,37.5357],[127.3642,37.53],[127.3836,37.5026],[127.3805,37.49],[127.3888,37.4756],[127.3852,37.4599],[127.368,37.4569],[127.3724,37.4449],[127.3823,37.4431],[127.3845,37.4345],[127.4006,37.4214],[127.3983,37.4153],[127.412,37.4052],[127.4203,37.3866],[127.4445,37.3855],[127.446,37.3608],[127.405,37.3277],[127.39,37.3196],[127.3759,37.3207],[127.3634,37.3158],[127.3649,37.3085],[127.3545,37.3015],[127.3571,37.2946],[127.3401,37.2881],[127.3491,37.277],[127.345,37.274],[127.3309,37.2702],[127.3192,37.275],[127.3041,37.2709],[127.3011,37.2657],[127.2967,37.2705],[127.2812,37.2691],[127.2759,37.2737],[127.2818,37.278],[127.2773,37.3092],[127.2831,37.3191],[127.2798,37.3301],[127.2833,37.3453],[127.265,37.3427],[127.2469,37.3556],[127.2398,37.3542],[127.2385,37.36],[127.217,37.3552]]]}},{"type":"Feature","properties":{"sido":"경기도","sigungu":"구리시","center":[37.6023,127.1334]},"geometry":{"type":"Polygon","coordinates":[[[127.1338,37.5684],[127.1138,37.5589],[127.1011,37.56],[127.1042,37.5711],[127.0998,37.5831],[127.1093,37.5847],[127.1184,37.595],[127.1138,37.6],[127.118,37.6046],[127.117,37.6174],[127.1035,37.6229],[127.112,37.6326],[127.1119,37.6434],[127.1306,37.6412],[127.1409,37.6463],[127.1503,37.6394],[127.143,37.6257],[127.1484,37.6061],[127.1541,37.5971],[127.1686,37.5937],[127.1605,37.5866],[127.1708,37.5809],[127.1529,37.5707],[127.1338,37.5684]]]}},{"type":"Feature","properties":{"sido":"경기도","sigungu":"군포시","center":[37.3421,126.9202]},"geometry":{"type":"Polygon","coordinates":[[[126.9451,37.3203],[126.9371,37.3223],[126.9296,37.317],[126.9328,37.3077],[126.9165,37.3051],[126.9155,37.3151],[126.9077,37.3219],[126.8877,37.3179],[126.8742,37.3209],[126.8727,37.3263],[126.8854,37.3382],[126.8941,37.3557],[126.9074,37.3601],[126.9148,37.3754],[126.9401,37.3759],[126.9408,37.3791],[126.9471,37.37],[126.9621,37.3616],[126.9576,37.3443],[126.9486,37.3398],[126.9451,37.3203]]]}},{"type":"Feature","properties":{"sido":"경기도","sigungu":"김포시","center":[37.6842,126.596]},"geometry":{"type":"MultiPolygon","coordinates":[[[[126.5496,37.5958],[126.548,37.6047],[126.5499,37.5999],[126.5496,37.5958]]],[[[126.7183,37.6493],[126.7985,37.6105],[126.8049,37.604],[126.7971,37.5989],[126.8008,37.588],[126.7937,37.5816],[126.7673,37.588],[126.7518,37.5796],[126.7436,37.5933],[126.7251,37.592],[126.712,37.6048],[126.7045,37.6026],[126.7053,37.6115],[126.6801,37.6296],[126.6525,37.6396],[126.6476,37.6287],[126.637,37.626],[126.6234,37.6028],[126.6131,37.6056],[126.5927,37.593],[126.5637,37.587],[126.5661,37.5942],[126.5542,37.6093],[126.5496,37.6271],[126.5379,37.6368],[126.529,37.653],[126.5358,37.665],[126.5235,37.6744],[126.5273,37.7031],[126.5185,37.7127],[126.5278,37.7484],[126.5146,37.7669],[126.5363,37.7719],[126.5588,37.7676],[126.5689,37.7551],[126.592,37.7577],[126.6095,37.7529],[126.6389,37.7784],[126.667,37.7845],[126.6774,37.735],[126.6854,37.7237],[126.6797,37.7052],[126.6663,37.6878],[126.6683,37.6805],[126.7183,37.6493]]],[[[126.5165,37.7721],[126.5189,37.7925],[126.5404,37.7761],[126.5165,37.7721]]]]}},{"type":"Feature","properties":{"sido":"경기도","sigungu":"남양주시","center":[37.6427,127.2567]},"geometry":{"type":"Polygon","coordinates":[[[127.1834,37.5917],[127.1708,37.5809],[127.1608,37.5858],[127.1692,37.5925],[127.1506,37.6006],[127.1433,37.6211],[127.1498,37.6342],[127.1461,37.6442],[127.1404,37.6462],[127.1306,37.6412],[127.0945,37.6458],[127.0928,37.6549],[127.086,37.6559],[127.094,37.6626],[127.0918,37.6792],[127.0958,37.6889],[127.0849,37.6908],[127.0804,37.6996],[127.109,37.7086],[127.1117,37.7172],[127.1237,37.7229],[127.1285,37.7478],[127.1425,37.7478],[127.1467,37.7548],[127.1663,37.7529],[127.1838,37.7647],[127.2053,37.7612],[127.2127,37.7647],[127.2254,37.7535],[127.2365,37.7622],[127.2597,37.7684],[127.2665,37.7805],[127.274,37.7741],[127.2931,37.7762],[127.3186,37.7672],[127.334,37.7528],[127.3311,37.7495],[127.3424,37.7378],[127.3429,37.7294],[127.3555,37.7237],[127.3534,37.7038],[127.3613,37.6938],[127.3721,37.692],[127.3669,37.6882],[127.3792,37.6746],[127.3711,37.6482],[127.3471,37.6178],[127.3392,37.5865],[127.3089,37.5406],[127.3071,37.5164],[127.2891,37.5071],[127.2828,37.5236],[127.2384,37.545],[127.2336,37.5587],[127.2219,37.5647],[127.2197,37.5739],[127.2024,37.5884],[127.1834,37.5917]]]}},{"type":"Feature","properties":{"sido":"경기도","sigungu":"동두천시","center":[37.9223,127.064]},"geometry":{"type":"Polygon","coordinates":[[[127.0604,37.8693],[127.0483,37.8829],[127.0463,37.8938],[127.0106,37.9048],[127.01,37.9276],[127.0276,37.9432],[127.0287,37.9552],[127.0418,37.96],[127.0444,37.9723],[127.0533,37.9813],[127.0925,37.9709],[127.0926,37.9592],[127.0992,37.9546],[127.096,37.9436],[127.108,37.9391],[127.1209,37.917],[127.146,37.9119],[127.1467,37.9028],[127.1557,37.8957],[127.147,37.876],[127.1286,37.8739],[127.1092,37.8599],[127.0857,37.872],[127.0604,37.8693]]]}},{"type":"Feature","properties":{"sido":"경기도","sigungu":"부천시","center":[37.5055,126.7822]},"geometry":{"type":"Polygon","coordinates":[[[126.7677,37.4718],[126.7545,37.4837],[126.7426,37.4866],[126.7416,37.5089],[126.7458,37.5148],[126.7603,37.5159],[126.7662,37.5541],[126.7717,37.5483],[126.7918,37.5437],[126.7944,37.5358],[126.8028,37.5431],[126.8221,37.5407],[126.8288,37.5265],[126.8216,37.5021],[126.813,37.4963],[126.8235,37.4877],[126.8148,37.4747],[126.833,37.4773],[126.8332,37.4659],[126.8254,37.459],[126.8118,37.4589],[126.7893,37.4657],[126.7838,37.4723],[126.7677,37.4718]]]}},{"type":"Feature","properties":{"sido":"경기도","sigungu":"성남시","center":[37.406,127.1079]},"geometry":{"type":"Polygon","coordinates":[[[127.1375,37.3399],[127.1103,37.3346],[127.0862,37.3515],[127.0776,37.3491],[127.0702,37.358],[127.0541,37.3602],[127.0461,37.3684],[127.0279,37.3721],[127.0387,37.3911],[127.0374,37.4011],[127.0469,37.4109],[127.0417,37.4156],[127.0418,37.4269],[127.0475,37.4309],[127.0705,37.4301],[127.0717,37.4418],[127.088,37.4451],[127.0963,37.4614],[127.1167,37.4586],[127.1251,37.4689],[127.1327,37.4682],[127.1326,37.4748],[127.1646,37.4691],[127.1802,37.4737],[127.1816,37.4605],[127.191,37.4574],[127.1947,37.449],[127.1946,37.4254],[127.1849,37.4153],[127.177,37.4146],[127.1683,37.3927],[127.1765,37.3849],[127.1617,37.3797],[127.1502,37.3614],[127.1339,37.3585],[127.1325,37.3491],[127.1375,37.3399]]]}},{"type":"Feature","properties":{"sido":"경기도","sigungu":"수원시","center":[37.2901,127.012]},"geometry":{"type":"Polygon","coordinates":[[[126.9704,37.2292],[126.9578,37.2398],[126.95,37.2558],[126.9308,37.261],[126.9281,37.2823],[126.9395,37.2953],[126.9328,37.303],[126.9611,37.302],[126.97,37.3169],[126.9669,37.3241],[126.9712,37.3318],[126.9828,37.3267],[127.0005,37.3385],[127.0091,37.3388],[127.0188,37.3516],[127.0334,37.3447],[127.0315,37.337],[127.0406,37.3201],[127.0577,37.3155],[127.0606,37.2966],[127.0793,37.2933],[127.0899,37.2984],[127.0888,37.287],[127.0695,37.2787],[127.0647,37.2711],[127.0769,37.2614],[127.076,37.2657],[127.0855,37.2705],[127.0811,37.26],[127.0847,37.2566],[127.0813,37.2485],[127.0696,37.2462],[127.0526,37.2311],[127.0391,37.2372],[127.0426,37.2468],[127.0411,37.2474],[127.0217,37.2243],[126.9912,37.232],[126.9704,37.2292]]]}},{"type":"Feature","properties":{"sido":"경기도","sigungu":"시흥시","center":[37.3903,126.8068]},"geometry":{"type":"Polygon","coordinates":[[[126.7496,37.3334],[126.7477,37.3248],[126.7385,37.3297],[126.7172,37.3075],[126.6924,37.319],[126.6772,37.3201],[126.6711,37.3299],[126.6915,37.3359],[126.6856,37.3409],[126.6884,37.3489],[126.7032,37.3513],[126.7005,37.3547],[126.7306,37.3862],[126.7426,37.3826],[126.745,37.3885],[126.7421,37.3846],[126.7342,37.3875],[126.7345,37.392],[126.7506,37.4076],[126.7537,37.4225],[126.7704,37.429],[126.7707,37.4485],[126.7798,37.4543],[126.7782,37.4718],[126.8118,37.4589],[126.8376,37.4584],[126.8378,37.4369],[126.8463,37.4125],[126.8577,37.4022],[126.877,37.4021],[126.8819,37.3762],[126.8648,37.3615],[126.8264,37.3641],[126.8058,37.3535],[126.7953,37.3551],[126.7874,37.3386],[126.7764,37.342],[126.7496,37.3334]]]}},{"type":"Feature","properties":{"sido":"경기도","sigungu":"안산시","center":[37.3214,126.8024]},"geometry":{"type":"MultiPolygon","coordinates":[[[[126.4682,37.0846],[126.4693,37.0824],[126.4684,37.0824],[126.4682,37.0846]]],[[[126.4623,37.0938],[126.4653,37.0897],[126.4615,37.0888],[126.4623,37.0938]]],[[[126.4521,37.1031],[126.4577,37.0963],[126.4522,37.0947],[126.4488,37.098],[126.4521,37.1031]]],[[[126.3814,37.1026],[126.382,37.1142],[126.3949,37.1126],[126.3949,37.0992],[126.3814,37.1026]]],[[[126.633,37.1889],[126.6401,37.1887],[126.6302,37.1854],[126.633,37.1889]]],[[[126.616,37.2286],[126.6171,37.2285],[126.618,37.2238],[126.614,37.2251],[126.616,37.2286]]],[[[126.613,37.2297],[126.6151,37.2297],[126.6139,37.2277],[126.613,37.2297]]],[[[126.6304,37.251],[126.6312,37.2499],[126.6284,37.2472],[126.6304,37.251]]],[[[126.5862,37.293],[126.5721,37.2824],[126.5693,37.2721],[126.5726,37.2761],[126.5831,37.2739],[126.5907,37.2641],[126.6163,37.259],[126.6146,37.2505],[126.6264,37.2441],[126.6226,37.2366],[126.6505,37.2253],[126.6476,37.2089],[126.6517,37.2137],[126.6543,37.2107],[126.6467,37.2057],[126.6513,37.1997],[126.6475,37.1929],[126.6406,37.1979],[126.6468,37.2108],[126.6292,37.218],[126.6218,37.2361],[126.6193,37.2293],[126.6112,37.2338],[126.61,37.2296],[126.5995,37.2269],[126.6116,37.219],[126.6143,37.2073],[126.5981,37.2111],[126.6032,37.2163],[126.6015,37.2209],[126.5907,37.2133],[126.5852,37.2206],[126.5766,37.2206],[126.5618,37.1933],[126.5494,37.2049],[126.5425,37.2057],[126.5383,37.1984],[126.535,37.1981],[126.5406,37.2067],[126.5447,37.2066],[126.5432,37.2138],[126.5471,37.2157],[126.5404,37.2289],[126.5444,37.2336],[126.5668,37.2372],[126.5604,37.2425],[126.563,37.2562],[126.5548,37.2711],[126.5329,37.2891],[126.5564,37.2837],[126.5604,37.2775],[126.5771,37.2909],[126.5708,37.2982],[126.579,37.296],[126.6122,37.3151],[126.6467,37.3218],[126.6148,37.3126],[126.5814,37.2917],[126.5862,37.293]]],[[[126.7726,37.2894],[126.7172,37.3075],[126.7385,37.3297],[126.7477,37.3248],[126.7496,37.3334],[126.7602,37.341],[126.7764,37.342],[126.7841,37.3375],[126.7921,37.3431],[126.7908,37.3504],[126.7953,37.3551],[126.8058,37.3535],[126.8264,37.3641],[126.8648,37.3615],[126.8865,37.3766],[126.8911,37.3753],[126.8972,37.3581],[126.8854,37.3382],[126.874,37.3299],[126.8742,37.3209],[126.8877,37.3179],[126.9077,37.3219],[126.9155,37.3151],[126.9153,37.3056],[126.9304,37.3071],[126.9395,37.2953],[126.933,37.2916],[126.9274,37.2788],[126.9139,37.2915],[126.8984,37.294],[126.8909,37.282],[126.8797,37.2857],[126.8767,37.2777],[126.8527,37.272],[126.8472,37.2657],[126.828,37.2798],[126.8278,37.2916],[126.8072,37.2993],[126.7726,37.2894]]]]}},{"type":"Feature","properties":{"sido":"경기도","sigungu":"안성시","center":[37.0244,127.3053]},"geometry":{"type":"Polygon","coordinates":[[[127.3041,36.9151],[127.2886,36.8935],[127.2718,36.9133],[127.2591,36.9156],[127.2531,36.9223],[127.244,36.9174],[127.2202,36.9303],[127.2107,36.9304],[127.2117,36.9379],[127.2019,36.9521],[127.1901,36.9529],[127.176,36.9621],[127.1651,36.962],[127.1443,36.9715],[127.1317,36.965],[127.1195,36.9691],[127.1245,36.9768],[127.1411,36.9787],[127.1306,36.9867],[127.1362,36.9934],[127.1539,36.9978],[127.1443,37.014],[127.1525,37.0215],[127.1531,37.0295],[127.1223,37.0351],[127.1169,37.0272],[127.107,37.0329],[127.1079,37.0387],[127.1306,37.0582],[127.1257,37.0647],[127.104,37.0661],[127.1036,37.0757],[127.1239,37.0772],[127.1231,37.0913],[127.1924,37.0871],[127.2094,37.1056],[127.2093,37.1123],[127.2512,37.1231],[127.2537,37.1381],[127.2503,37.1452],[127.2639,37.1559],[127.2688,37.1542],[127.2731,37.135],[127.2879,37.1315],[127.2999,37.1124],[127.3106,37.1054],[127.3267,37.1194],[127.3528,37.1],[127.359,37.1076],[127.373,37.1058],[127.3769,37.1011],[127.389,37.1083],[127.399,37.0954],[127.4161,37.0931],[127.4242,37.0997],[127.4211,37.1065],[127.4257,37.1131],[127.4126,37.1194],[127.4209,37.1261],[127.4273,37.1459],[127.4327,37.1488],[127.4501,37.1484],[127.448,37.1442],[127.4583,37.1302],[127.4988,37.1235],[127.5039,37.1095],[127.5136,37.1049],[127.5105,37.0968],[127.5186,37.0824],[127.5068,37.0693],[127.5072,37.0626],[127.4897,37.0525],[127.468,37.053],[127.4572,37.0422],[127.458,37.0206],[127.4496,37.0182],[127.4467,37.011],[127.4411,37.0116],[127.4297,37.0019],[127.4222,37.0048],[127.4151,36.9997],[127.394,36.9979],[127.3849,36.9837],[127.4019,36.9677],[127.3801,36.9586],[127.3755,36.9482],[127.3579,36.9475],[127.3497,36.9526],[127.343,36.9435],[127.327,36.9358],[127.2957,36.9289],[127.3041,36.9151]]]}},{"type":"Feature","properties":{"sido":"경기도","sigungu":"안양시","center":[37.3996,126.929]},"geometry":{"type":"Polygon","coordinates":[[[126.9175,37.3768],[126.9043,37.3571],[126.8972,37.3581],[126.8911,37.3753],[126.8819,37.3762],[126.8774,37.4047],[126.8706,37.4069],[126.8712,37.4125],[126.8889,37.4126],[126.8996,37.4375],[126.9087,37.4338],[126.9287,37.4502],[126.9386,37.436],[126.9655,37.4403],[126.9626,37.4211],[126.9738,37.415],[126.9818,37.3944],[126.9654,37.372],[126.9661,37.3622],[126.9503,37.3674],[126.9438,37.378],[126.9175,37.3768]]]}},{"type":"Feature","properties":{"sido":"경기도","sigungu":"양주시","center":[37.8113,127.0152]},"geometry":{"type":"Polygon","coordinates":[[[127.0022,37.7406],[127.0195,37.708],[127.0088,37.6946],[127.0086,37.6849],[126.9912,37.6794],[126.9658,37.6924],[126.9544,37.6926],[126.9448,37.6851],[126.9398,37.6708],[126.9081,37.6703],[126.9064,37.6749],[126.9145,37.679],[126.9141,37.6879],[126.9247,37.7079],[126.9205,37.7137],[126.925,37.7199],[126.9219,37.7302],[126.931,37.7375],[126.9287,37.7576],[126.9381,37.7869],[126.9272,37.7851],[126.9146,37.7917],[126.9039,37.7909],[126.9055,37.8021],[126.9119,37.8061],[126.9102,37.8165],[126.9023,37.8247],[126.9114,37.8286],[126.9139,37.8411],[126.9365,37.8408],[126.9356,37.8494],[126.9463,37.867],[126.9467,37.8996],[126.9547,37.9125],[126.9496,37.919],[126.96,37.9202],[126.9644,37.9383],[126.9703,37.942],[127.0012,37.9356],[127.0097,37.9292],[127.0107,37.9045],[127.0463,37.8938],[127.0483,37.8829],[127.0604,37.8693],[127.0879,37.8721],[127.1034,37.8654],[127.1147,37.8506],[127.1219,37.8281],[127.1172,37.7959],[127.1035,37.7787],[127.0509,37.7609],[127.0412,37.7667],[127.0173,37.7686],[127.0023,37.7628],[127.0022,37.7406]]]}},{"type":"Feature","properties":{"sido":"경기도","sigungu":"양평군","center":[37.52,127.5822]},"geometry":{"type":"Polygon","coordinates":[[[127.4865,37.4328],[127.4743,37.4223],[127.4229,37.4395],[127.4006,37.4214],[127.3845,37.4345],[127.3823,37.4431],[127.3725,37.4448],[127.3677,37.4563],[127.3852,37.4599],[127.3888,37.4756],[127.3805,37.49],[127.3836,37.5026],[127.3655,37.5289],[127.3491,37.5356],[127.326,37.5341],[127.3071,37.5164],[127.3089,37.5406],[127.3399,37.5879],[127.3522,37.6278],[127.3711,37.6482],[127.3994,37.6509],[127.4081,37.6599],[127.4251,37.6656],[127.4281,37.6715],[127.4414,37.6598],[127.4348,37.6536],[127.4381,37.6479],[127.4449,37.6478],[127.4626,37.6249],[127.4712,37.6211],[127.4716,37.5799],[127.4974,37.5718],[127.5218,37.5864],[127.5602,37.5831],[127.5623,37.6044],[127.5708,37.6137],[127.559,37.6284],[127.5646,37.6331],[127.582,37.6341],[127.5857,37.6421],[127.6023,37.6513],[127.6469,37.6329],[127.6524,37.6227],[127.6637,37.624],[127.6676,37.6173],[127.6965,37.6004],[127.7002,37.5967],[127.6979,37.5916],[127.7081,37.5864],[127.7535,37.5919],[127.767,37.5826],[127.786,37.5786],[127.7934,37.5854],[127.8103,37.5728],[127.8129,37.5646],[127.8371,37.5605],[127.8494,37.5532],[127.8424,37.539],[127.8095,37.5367],[127.8051,37.5302],[127.7965,37.5285],[127.7967,37.5236],[127.784,37.5122],[127.7594,37.5037],[127.7603,37.4923],[127.7745,37.4916],[127.7879,37.476],[127.8007,37.47],[127.7963,37.4628],[127.804,37.429],[127.7946,37.4242],[127.7831,37.3903],[127.7766,37.3832],[127.7778,37.3712],[127.7595,37.367],[127.732,37.3757],[127.7073,37.3702],[127.7013,37.3739],[127.706,37.3832],[127.704,37.3908],[127.7157,37.4016],[127.7078,37.4107],[127.6864,37.3994],[127.6851,37.4126],[127.6684,37.4119],[127.6585,37.4175],[127.646,37.4046],[127.6354,37.4135],[127.6203,37.409],[127.6169,37.4149],[127.5906,37.4228],[127.5856,37.4141],[127.5819,37.4169],[127.5717,37.4116],[127.5561,37.4178],[127.544,37.41],[127.537,37.4113],[127.5229,37.4347],[127.508,37.4398],[127.4865,37.4328]]]}},{"type":"Feature","properties":{"sido":"경기도","sigungu":"여주시","center":[37.2814,127.644]},"geometry":{"type":"Polygon","coordinates":[[[127.6158,37.1633],[127.6124,37.1734],[127.5953,37.1897],[127.5764,37.1892],[127.5724,37.1846],[127.5776,37.1762],[127.5705,37.1702],[127.5588,37.1809],[127.5528,37.1754],[127.5279,37.173],[127.5175,37.1821],[127.516,37.1853],[127.5311,37.1981],[127.5252,37.2397],[127.5374,37.2466],[127.5292,37.2735],[127.5344,37.2893],[127.5464,37.3014],[127.5461,37.3109],[127.5288,37.3162],[127.5292,37.3266],[127.5138,37.3393],[127.4895,37.3424],[127.4872,37.349],[127.4705,37.3615],[127.4488,37.3522],[127.4425,37.3584],[127.446,37.3609],[127.4445,37.3855],[127.4203,37.3866],[127.412,37.4052],[127.3983,37.4153],[127.4074,37.4301],[127.4229,37.4395],[127.4743,37.4223],[127.4852,37.4322],[127.4981,37.4331],[127.508,37.4398],[127.5229,37.4347],[127.537,37.4113],[127.544,37.41],[127.5561,37.4178],[127.5717,37.4116],[127.5819,37.4169],[127.5856,37.4141],[127.5906,37.4228],[127.6169,37.4149],[127.6203,37.409],[127.6354,37.4135],[127.646,37.4046],[127.6585,37.4175],[127.6684,37.4119],[127.6851,37.4126],[127.6864,37.3994],[127.7078,37.4107],[127.7157,37.4016],[127.7046,37.3926],[127.7013,37.3739],[127.7165,37.37],[127.732,37.3757],[127.7595,37.367],[127.7578,37.3457],[127.7681,37.3025],[127.7548,37.2977],[127.7583,37.258],[127.7476,37.2435],[127.7464,37.2296],[127.7508,37.2218],[127.7354,37.208],[127.7266,37.1827],[127.7146,37.1811],[127.7048,37.1673],[127.704,37.1565],[127.6949,37.1506],[127.6954,37.1404],[127.6875,37.1351],[127.6682,37.1366],[127.6476,37.1508],[127.6288,37.1538],[127.6307,37.1658],[127.6158,37.1633]]]}},{"type":"Feature","properties":{"sido":"경기도","sigungu":"연천군","center":[38.1055,127.0228]},"geometry":{"type":"Polygon","coordinates":[[[127.118,38.0439],[127.1144,38.04],[127.1378,38.0374],[127.1355,38.0293],[127.1453,38.0156],[127.1402,38.0115],[127.1468,37.9977],[127.1448,37.9919],[127.1208,37.9794],[127.1115,37.9893],[127.0914,37.9881],[127.0917,37.9714],[127.0533,37.9813],[127.0444,37.9723],[127.0418,37.96],[127.0287,37.9552],[127.0276,37.9432],[127.0113,37.9273],[127.0012,37.9356],[126.9734,37.942],[126.9964,37.9732],[127.0085,37.9738],[127.017,37.9869],[127.0149,37.9926],[126.9921,38.0034],[126.9696,38.0033],[126.9525,37.988],[126.9372,37.9817],[126.8947,37.9994],[126.8912,37.9871],[126.8955,37.9711],[126.8878,37.9661],[126.8718,37.9711],[126.8549,37.9872],[126.8481,37.987],[126.8402,37.9809],[126.8368,37.9647],[126.8207,37.9575],[126.8147,37.9682],[126.8045,37.9707],[126.7985,37.9877],[126.8074,37.9938],[126.8302,37.9937],[126.8231,38.0113],[126.8287,38.0202],[126.8351,38.0182],[126.8357,38.0245],[126.8305,38.0254],[126.8318,38.0337],[126.8536,38.0315],[126.8528,38.0531],[126.8581,38.0531],[126.8594,38.0646],[126.8696,38.0779],[126.8606,38.0859],[126.8561,38.0997],[126.8672,38.1112],[126.8837,38.1163],[126.8892,38.1288],[126.9047,38.1379],[126.9171,38.1367],[126.9305,38.1274],[126.9323,38.1317],[126.9609,38.1361],[126.9609,38.1397],[126.9648,38.1358],[126.9694,38.1456],[126.95,38.1591],[126.9517,38.1649],[126.9657,38.1714],[126.9692,38.1819],[126.9629,38.1905],[126.9668,38.1991],[126.9751,38.1993],[126.984,38.2109],[126.9782,38.2221],[126.982,38.2275],[126.9916,38.2295],[127.0052,38.2229],[127.0142,38.2371],[127.0222,38.2404],[127.0209,38.2459],[127.0329,38.2484],[127.0419,38.259],[127.0551,38.259],[127.0669,38.2657],[127.076,38.2781],[127.1093,38.292],[127.113,38.2376],[127.1305,38.2326],[127.1527,38.2417],[127.1624,38.2325],[127.1594,38.2191],[127.1719,38.2114],[127.1661,38.1985],[127.1794,38.1847],[127.1738,38.1711],[127.1772,38.1515],[127.1716,38.1216],[127.1837,38.1156],[127.1845,38.0922],[127.1923,38.0825],[127.1862,38.0743],[127.1866,38.0644],[127.1738,38.0664],[127.1487,38.0577],[127.1437,38.0736],[127.1293,38.0609],[127.1172,38.0607],[127.1123,38.051],[127.118,38.0439]]]}},{"type":"Feature","properties":{"sido":"경기도","sigungu":"오산시","center":[37.1656,127.0454]},"geometry":{"type":"Polygon","coordinates":[[[127.0557,37.1335],[127.0427,37.1278],[127.0298,37.1453],[127.0281,37.1631],[127.0065,37.1681],[126.9952,37.1773],[127.0046,37.1804],[127.011,37.1938],[127.0267,37.2004],[127.065,37.1977],[127.0686,37.1906],[127.0661,37.1843],[127.0721,37.182],[127.0713,37.1682],[127.0763,37.1622],[127.0952,37.1585],[127.1036,37.1436],[127.0979,37.1369],[127.0877,37.1348],[127.0929,37.1293],[127.0749,37.1264],[127.0557,37.1335]]]}},{"type":"Feature","properties":{"sido":"경기도","sigungu":"용인시","center":[37.225,127.2044]},"geometry":{"type":"Polygon","coordinates":[[[127.089,37.2164],[127.0688,37.2301],[127.0662,37.2439],[127.0813,37.2485],[127.0847,37.2566],[127.0812,37.2606],[127.0862,37.2648],[127.0855,37.2705],[127.076,37.2657],[127.0759,37.2615],[127.0647,37.2711],[127.0695,37.2787],[127.0888,37.287],[127.0906,37.2971],[127.0793,37.2933],[127.0606,37.2966],[127.0577,37.3156],[127.0406,37.3201],[127.0315,37.337],[127.0334,37.3447],[127.0161,37.3566],[127.0279,37.3721],[127.0461,37.3684],[127.0541,37.3602],[127.0702,37.358],[127.0776,37.3491],[127.0862,37.3515],[127.1169,37.3334],[127.1916,37.3472],[127.2015,37.3286],[127.2085,37.331],[127.2195,37.3466],[127.2236,37.3459],[127.217,37.3552],[127.2381,37.3604],[127.2398,37.3542],[127.2469,37.3556],[127.265,37.3427],[127.2833,37.3453],[127.2798,37.3301],[127.2831,37.3191],[127.2773,37.3092],[127.2818,37.278],[127.276,37.2736],[127.2812,37.2691],[127.2967,37.2705],[127.301,37.2657],[127.3041,37.2709],[127.3192,37.275],[127.3388,37.2705],[127.3386,37.2524],[127.3312,37.2431],[127.3345,37.2378],[127.3319,37.22],[127.3422,37.2081],[127.3568,37.2006],[127.3704,37.2039],[127.3782,37.1956],[127.3722,37.186],[127.3812,37.1876],[127.3824,37.1827],[127.4019,37.1802],[127.4112,37.1834],[127.4123,37.1551],[127.4298,37.1477],[127.4242,37.1311],[127.4126,37.1194],[127.4257,37.1131],[127.4211,37.1065],[127.4242,37.0997],[127.4161,37.0931],[127.402,37.0939],[127.3889,37.1083],[127.3769,37.1011],[127.373,37.1058],[127.359,37.1076],[127.3528,37.1],[127.3267,37.1194],[127.3106,37.1054],[127.2999,37.1124],[127.2879,37.1315],[127.2731,37.135],[127.2688,37.1542],[127.2639,37.1559],[127.2503,37.1452],[127.2537,37.1381],[127.2512,37.1231],[127.2093,37.1123],[127.2094,37.1056],[127.1924,37.0871],[127.1231,37.0913],[127.1087,37.1249],[127.1207,37.1297],[127.1211,37.1416],[127.1295,37.1488],[127.1279,37.1607],[127.133,37.1691],[127.1484,37.1697],[127.1607,37.1803],[127.161,37.1916],[127.152,37.1991],[127.1578,37.2072],[127.1513,37.2187],[127.089,37.2164]]]}},{"type":"Feature","properties":{"sido":"경기도","sigungu":"의왕시","center":[37.3594,126.9898]},"geometry":{"type":"Polygon","coordinates":[[[126.97,37.3169],[126.9611,37.302],[126.9305,37.3052],[126.9296,37.317],[126.9371,37.3223],[126.9451,37.3203],[126.9486,37.3398],[126.9576,37.3443],[126.962,37.3615],[126.9662,37.3625],[126.9654,37.372],[126.9858,37.4066],[126.9998,37.4046],[127.0086,37.4122],[127.0469,37.4135],[127.0435,37.4036],[127.0374,37.4011],[127.0387,37.3911],[127.0274,37.3768],[127.0273,37.3691],[127.0161,37.3572],[127.0185,37.3504],[127.0091,37.3388],[127.0005,37.3385],[126.9828,37.3267],[126.9712,37.3318],[126.9673,37.3244],[126.97,37.3169]]]}},{"type":"Feature","properties":{"sido":"경기도","sigungu":"의정부시","center":[37.7318,127.0662]},"geometry":{"type":"Polygon","coordinates":[[[127.0416,37.6954],[127.0325,37.6917],[127.028,37.7006],[127.0158,37.701],[127.0195,37.7081],[127.0022,37.7406],[127.0023,37.7628],[127.0187,37.7686],[127.0602,37.7621],[127.0927,37.7766],[127.1107,37.7794],[127.1156,37.7738],[127.1281,37.7718],[127.1254,37.7633],[127.1397,37.7641],[127.1467,37.7548],[127.1425,37.7478],[127.1285,37.7478],[127.1237,37.7229],[127.1117,37.7172],[127.109,37.7086],[127.0838,37.7017],[127.0811,37.6961],[127.0645,37.6896],[127.0508,37.687],[127.0491,37.6935],[127.0416,37.6954]]]}},{"type":"Feature","properties":{"sido":"경기도","sigungu":"이천시","center":[37.2023,127.4512]},"geometry":{"type":"Polygon","coordinates":[[[127.4019,37.1802],[127.3824,37.1827],[127.3812,37.1876],[127.3722,37.186],[127.3782,37.1956],[127.3704,37.2039],[127.3568,37.2006],[127.3422,37.2081],[127.3319,37.22],[127.3345,37.2378],[127.3312,37.2431],[127.3386,37.2524],[127.3389,37.2713],[127.3491,37.2768],[127.3401,37.2881],[127.3571,37.2946],[127.3545,37.3015],[127.3649,37.3085],[127.3634,37.3158],[127.3759,37.3207],[127.3903,37.3197],[127.415,37.3341],[127.4425,37.3584],[127.4491,37.3522],[127.4705,37.3615],[127.4872,37.349],[127.4895,37.3424],[127.5138,37.3393],[127.5292,37.3266],[127.5288,37.3162],[127.5464,37.3099],[127.5464,37.3014],[127.5344,37.2893],[127.5292,37.2735],[127.5374,37.2466],[127.5252,37.2397],[127.5311,37.1981],[127.516,37.1853],[127.5175,37.1821],[127.5279,37.173],[127.5528,37.1754],[127.5588,37.1809],[127.5705,37.1702],[127.5776,37.1762],[127.5724,37.1846],[127.5764,37.1892],[127.5953,37.1897],[127.6124,37.1734],[127.6158,37.1633],[127.6305,37.1661],[127.6289,37.1531],[127.6378,37.141],[127.6345,37.1012],[127.6145,37.0879],[127.6009,37.0855],[127.6042,37.0685],[127.5959,37.0739],[127.576,37.0738],[127.5651,37.0603],[127.5681,37.0477],[127.5609,37.0433],[127.5183,37.0584],[127.509,37.0495],[127.4969,37.0484],[127.49,37.0528],[127.5072,37.0626],[127.5068,37.0693],[127.5186,37.0824],[127.5105,37.0968],[127.5133,37.1055],[127.5049,37.1084],[127.4975,37.1244],[127.458,37.1304],[127.448,37.1442],[127.4497,37.1486],[127.4148,37.1521],[127.4097,37.1644],[127.4141,37.1734],[127.4105,37.1841],[127.4019,37.1802]]]}},{"type":"Feature","properties":{"sido":"경기도","sigungu":"파주시","center":[37.8477,126.8082]},"geometry":{"type":"Polygon","coordinates":[[[126.7299,37.7049],[126.6993,37.697],[126.6914,37.6891],[126.6765,37.7001],[126.6854,37.7237],[126.6774,37.735],[126.6729,37.7694],[126.6622,37.7902],[126.674,37.831],[126.6593,37.8402],[126.6796,37.846],[126.6922,37.8684],[126.6834,37.874],[126.6726,37.8701],[126.6721,37.878],[126.6821,37.8797],[126.6797,37.8846],[126.6725,37.8822],[126.6745,37.8859],[126.6702,37.888],[126.6774,37.8977],[126.6759,37.9062],[126.6846,37.9126],[126.6659,37.9183],[126.6718,37.9397],[126.6704,37.9557],[126.6873,37.9572],[126.6916,37.9662],[126.7077,37.9756],[126.7194,37.965],[126.7278,37.9687],[126.7366,37.9658],[126.7522,37.9817],[126.7631,37.9851],[126.7728,37.9784],[126.7735,37.984],[126.7822,37.9805],[126.7964,37.9937],[126.8009,37.992],[126.7985,37.9877],[126.8045,37.9707],[126.8147,37.9682],[126.8207,37.9575],[126.8368,37.9647],[126.8402,37.9809],[126.8503,37.9874],[126.8787,37.9677],[126.8935,37.968],[126.8912,37.9882],[126.8947,37.9994],[126.9357,37.9817],[126.9525,37.988],[126.9696,38.0033],[126.9921,38.0034],[127.0153,37.9923],[127.0113,37.9761],[126.9964,37.9732],[126.9791,37.9541],[126.9762,37.9443],[126.9648,37.939],[126.96,37.9202],[126.9496,37.919],[126.9547,37.9125],[126.9467,37.8996],[126.9463,37.867],[126.9356,37.8494],[126.9365,37.8408],[126.9139,37.8411],[126.9114,37.8286],[126.9023,37.8247],[126.9102,37.8165],[126.9119,37.8061],[126.9055,37.8021],[126.9039,37.7909],[126.9146,37.7917],[126.9272,37.7851],[126.9381,37.7869],[126.9334,37.7799],[126.9363,37.7742],[126.9287,37.7576],[126.9297,37.7485],[126.9088,37.747],[126.9009,37.7371],[126.9022,37.7284],[126.8847,37.7182],[126.881,37.7262],[126.8566,37.7357],[126.814,37.7235],[126.7973,37.737],[126.7937,37.7259],[126.7733,37.7092],[126.7733,37.7043],[126.7299,37.7049]]]}},{"type":"Feature","properties":{"sido":"경기도","sigungu":"평택시","center":[37.0244,127.0029]},"geometry":{"type":"Polygon","coordinates":[[[127.0963,36.9592],[127.1018,36.9547],[127.096,36.9422],[127.0861,36.9478],[127.0739,36.9384],[127.0606,36.9395],[127.0317,36.9283],[126.9954,36.9355],[126.9102,36.9047],[126.9006,36.9306],[126.887,36.9361],[126.8642,36.9327],[126.8624,36.9488],[126.8499,36.9454],[126.8254,36.9871],[126.8256,36.9952],[126.7997,36.9994],[126.7902,36.9941],[126.7775,37.0019],[126.7952,37.0059],[126.7969,37.0121],[126.8469,37.0158],[126.8838,37.0665],[126.9049,37.0736],[126.9149,37.0658],[126.9286,37.068],[126.9404,37.0608],[126.9688,37.0734],[126.9951,37.07],[126.9917,37.0848],[126.9989,37.0926],[126.9957,37.1082],[127.0024,37.1236],[126.9981,37.1231],[127.0054,37.1281],[127.0356,37.136],[127.0456,37.1263],[127.0557,37.1335],[127.0793,37.1258],[127.0929,37.1293],[127.0877,37.1348],[127.0979,37.1369],[127.1025,37.1434],[127.1227,37.1445],[127.1206,37.1295],[127.1087,37.1248],[127.1264,37.0816],[127.1214,37.0764],[127.1036,37.0757],[127.1023,37.0687],[127.1185,37.0627],[127.1257,37.0647],[127.1306,37.0581],[127.1053,37.0352],[127.1169,37.0272],[127.1223,37.0351],[127.1531,37.0295],[127.1525,37.0215],[127.1443,37.014],[127.1539,36.9978],[127.1362,36.9934],[127.1306,36.9867],[127.1411,36.9787],[127.1245,36.9768],[127.1195,36.9691],[127.1111,36.9709],[127.0963,36.9592]]]}},{"type":"Feature","properties":{"sido":"경기도","sigungu":"포천시","center":[37.9688,127.2362]},"geometry":{"type":"Polygon","coordinates":[[[127.1677,37.7532],[127.1467,37.7548],[127.1397,37.7641],[127.1254,37.7633],[127.1281,37.7718],[127.1043,37.7797],[127.1164,37.7944],[127.1221,37.8132],[127.1219,37.8281],[127.1092,37.8599],[127.1286,37.8739],[127.147,37.876],[127.1557,37.8957],[127.1467,37.9028],[127.146,37.9119],[127.1209,37.917],[127.108,37.9391],[127.096,37.9436],[127.0992,37.9546],[127.0922,37.9601],[127.0904,37.9844],[127.0948,37.9891],[127.1115,37.9893],[127.1208,37.9794],[127.1469,37.9956],[127.1405,38.0066],[127.1453,38.0156],[127.1355,38.0293],[127.1378,38.0374],[127.1144,38.04],[127.118,38.0439],[127.1123,38.0514],[127.1172,38.0607],[127.1293,38.0609],[127.1437,38.0736],[127.1487,38.0577],[127.1738,38.0664],[127.1866,38.0644],[127.1862,38.0743],[127.1923,38.0825],[127.1845,38.0922],[127.1843,38.1144],[127.1716,38.1216],[127.1772,38.1515],[127.1738,38.1711],[127.1794,38.1847],[127.1904,38.1889],[127.186,38.173],[127.19,38.1607],[127.2219,38.1376],[127.2233,38.1469],[127.2339,38.1473],[127.2559,38.164],[127.2661,38.1805],[127.2831,38.1829],[127.2962,38.1763],[127.2872,38.1687],[127.2872,38.1514],[127.2756,38.1368],[127.2767,38.1254],[127.282,38.1247],[127.2856,38.1151],[127.3072,38.1194],[127.3212,38.0952],[127.3374,38.0898],[127.3389,38.1014],[127.3645,38.107],[127.3781,38.1177],[127.403,38.1132],[127.4121,38.1027],[127.4306,38.1153],[127.44,38.1091],[127.4469,38.0795],[127.4457,38.051],[127.435,38.038],[127.4249,38.0334],[127.4272,38.0275],[127.413,37.9978],[127.3839,37.9811],[127.3854,37.9761],[127.3761,37.9615],[127.3843,37.9435],[127.3558,37.9216],[127.3452,37.9272],[127.331,37.9259],[127.3291,37.8943],[127.3237,37.8879],[127.3224,37.8715],[127.3117,37.8661],[127.2962,37.8689],[127.2915,37.8741],[127.2873,37.8683],[127.2803,37.8546],[127.2863,37.8483],[127.2741,37.8305],[127.2788,37.8055],[127.2597,37.7684],[127.2365,37.7622],[127.2251,37.7534],[127.2127,37.7647],[127.1796,37.7624],[127.1677,37.7532]]]}},{"type":"Feature","properties":{"sido":"경기도","sigungu":"하남시","center":[37.5357,127.208]},"geometry":{"type":"Polygon","coordinates":[[[127.1811,37.4733],[127.1671,37.4693],[127.1434,37.4741],[127.1498,37.4853],[127.1576,37.4891],[127.1614,37.5003],[127.14,37.5086],[127.1632,37.545],[127.1836,37.5458],[127.1777,37.5808],[127.1686,37.5798],[127.1834,37.5917],[127.2016,37.5898],[127.2197,37.5739],[127.2219,37.5647],[127.2336,37.5587],[127.2384,37.545],[127.279,37.5264],[127.2868,37.5167],[127.2762,37.5082],[127.2544,37.506],[127.259,37.4902],[127.2394,37.4751],[127.2157,37.4823],[127.1884,37.4803],[127.1775,37.4856],[127.1756,37.4781],[127.1811,37.4733]]]}},{"type":"Feature","properties":{"sido":"경기도","sigungu":"화성시","center":[37.1529,126.915]},"geometry":{"type":"MultiPolygon","coordinates":[[[[126.5593,37.0618],[126.5537,37.0583],[126.5529,37.0593],[126.5574,37.0645],[126.5593,37.0618]]],[[[126.7358,37.083],[126.7361,37.0931],[126.7425,37.0768],[126.7303,37.0732],[126.7358,37.083]]],[[[126.5402,37.1118],[126.5391,37.0991],[126.5379,37.1036],[126.5402,37.1118]]],[[[126.6138,37.1172],[126.6128,37.1178],[126.6145,37.1197],[126.6138,37.1172]]],[[[126.6373,37.1434],[126.6378,37.1435],[126.6392,37.1423],[126.6373,37.1434]]],[[[126.7311,37.1491],[126.7281,37.1388],[126.7173,37.1308],[126.7064,37.131],[126.7048,37.1231],[126.6924,37.1192],[126.6861,37.1119],[126.6779,37.115],[126.6845,37.1196],[126.6735,37.138],[126.6837,37.1497],[126.6945,37.1524],[126.6842,37.1597],[126.6893,37.1678],[126.6701,37.1557],[126.6507,37.1536],[126.6494,37.1566],[126.6607,37.1621],[126.6533,37.1809],[126.6609,37.178],[126.6697,37.1891],[126.6599,37.1905],[126.6548,37.1828],[126.6493,37.1838],[126.6552,37.1897],[126.6516,37.1916],[126.6919,37.2031],[126.6992,37.2137],[126.6917,37.2143],[126.6884,37.2075],[126.6842,37.2095],[126.6724,37.2002],[126.6661,37.2167],[126.6774,37.2236],[126.6645,37.2368],[126.6556,37.2348],[126.6514,37.2388],[126.6499,37.2542],[126.655,37.2468],[126.669,37.2427],[126.6766,37.2465],[126.6803,37.256],[126.6754,37.2574],[126.6769,37.2607],[126.6811,37.2572],[126.6867,37.2627],[126.7173,37.2561],[126.7255,37.2586],[126.734,37.2503],[126.7407,37.2552],[126.757,37.255],[126.7752,37.2479],[126.7776,37.2379],[126.7817,37.2344],[126.7864,37.233],[126.7783,37.2392],[126.7781,37.2459],[126.7894,37.2444],[126.7881,37.2552],[126.793,37.2595],[126.7901,37.2673],[126.7961,37.2709],[126.8105,37.2672],[126.7992,37.279],[126.8045,37.2837],[126.8046,37.2932],[126.8193,37.2905],[126.8281,37.2771],[126.8356,37.2766],[126.8472,37.2657],[126.8527,37.272],[126.8767,37.2777],[126.8797,37.2857],[126.8909,37.282],[126.8984,37.294],[126.9139,37.2915],[126.9287,37.2767],[126.9308,37.261],[126.95,37.2558],[126.9578,37.2398],[126.9704,37.2292],[126.9881,37.2336],[127.0217,37.2243],[127.0411,37.2474],[127.0416,37.2352],[127.0526,37.2311],[127.0667,37.2401],[127.0689,37.2299],[127.089,37.2164],[127.1513,37.2187],[127.1578,37.2072],[127.152,37.1991],[127.1613,37.1907],[127.1607,37.1803],[127.1511,37.1716],[127.133,37.1691],[127.1271,37.1456],[127.1042,37.1419],[127.0952,37.1585],[127.0763,37.1622],[127.0713,37.1682],[127.0721,37.182],[127.0661,37.1843],[127.0686,37.1906],[127.065,37.1977],[127.0267,37.2004],[127.011,37.1938],[127.0046,37.1804],[126.9953,37.175],[127.0281,37.1631],[127.0298,37.1453],[127.0356,37.136],[126.9981,37.1231],[127.0024,37.1236],[126.9957,37.1082],[126.9989,37.0926],[126.9917,37.0848],[126.9951,37.07],[126.9688,37.0734],[126.9404,37.0608],[126.9286,37.068],[126.9149,37.0658],[126.9049,37.0736],[126.8839,37.0666],[126.8531,37.02],[126.8381,37.0137],[126.7969,37.0121],[126.7946,37.0258],[126.7891,37.0292],[126.751,37.0293],[126.7448,37.0363],[126.7484,37.049],[126.7702,37.0638],[126.7629,37.0628],[126.7613,37.0681],[126.7703,37.1015],[126.7583,37.1111],[126.7598,37.1171],[126.7761,37.1323],[126.7827,37.1351],[126.7949,37.129],[126.8011,37.1387],[126.8154,37.1427],[126.8076,37.1444],[126.8005,37.1534],[126.7903,37.1495],[126.7812,37.152],[126.7976,37.1624],[126.792,37.1731],[126.7956,37.1797],[126.7971,37.1889],[126.7953,37.1814],[126.778,37.1647],[126.7492,37.1669],[126.7443,37.1576],[126.7311,37.1491]]],[[[126.6271,37.1671],[126.6145,37.1554],[126.6185,37.1772],[126.6306,37.1738],[126.6271,37.1671]]],[[[126.6581,37.203],[126.6589,37.2029],[126.6587,37.2019],[126.6581,37.203]]],[[[126.6621,37.2057],[126.6635,37.2049],[126.6631,37.2034],[126.6621,37.2057]]],[[[126.7656,37.262],[126.7665,37.2595],[126.7662,37.2594],[126.7627,37.2601],[126.7656,37.262]]],[[[126.6787,37.2837],[126.685,37.2806],[126.68,37.2744],[126.6671,37.2745],[126.6787,37.2837]]],[[[126.7449,37.283],[126.7342,37.2831],[126.7394,37.2892],[126.7449,37.283]]]]}},{"type":"Feature","properties":{"sido":"경상남도","sigungu":"거제시","center":[34.8706,128.6076]},"geometry":{"type":"MultiPolygon","coordinates":[[[[128.6119,34.6928],[128.6087,34.6921],[128.6078,34.695],[128.6119,34.6928]]],[[[128.5987,34.6959],[128.6006,34.6957],[128.599,34.693],[128.5987,34.6959]]],[[[128.5332,34.7883],[128.5352,34.7873],[128.5313,34.7855],[128.5332,34.7883]]],[[[128.6578,34.774],[128.6463,34.7782],[128.6383,34.763],[128.6529,34.7427],[128.6775,34.744],[128.6836,34.7378],[128.6758,34.7362],[128.6763,34.728],[128.6715,34.7304],[128.6709,34.7386],[128.6665,34.735],[128.6538,34.7393],[128.6517,34.7338],[128.6389,34.7351],[128.6286,34.7298],[128.6273,34.7363],[128.621,34.7296],[128.6279,34.7293],[128.6314,34.7202],[128.6416,34.7152],[128.6376,34.709],[128.6255,34.7131],[128.6102,34.7011],[128.5907,34.7085],[128.5766,34.7019],[128.5803,34.7161],[128.5875,34.7176],[128.5832,34.7234],[128.6033,34.7266],[128.6069,34.7313],[128.6056,34.7353],[128.5768,34.7411],[128.5775,34.7536],[128.5818,34.7565],[128.579,34.7621],[128.6007,34.7646],[128.5907,34.7705],[128.597,34.7775],[128.5757,34.7783],[128.564,34.7657],[128.5545,34.7664],[128.5519,34.7753],[128.5686,34.7858],[128.5569,34.7892],[128.5431,34.7749],[128.5381,34.7882],[128.548,34.7891],[128.5508,34.7942],[128.5625,34.7911],[128.5836,34.7974],[128.5836,34.8172],[128.5951,34.8286],[128.5759,34.8433],[128.5872,34.841],[128.5886,34.8469],[128.5732,34.8542],[128.5632,34.8436],[128.5633,34.8327],[128.5405,34.8358],[128.5365,34.8291],[128.5338,34.8336],[128.5242,34.8324],[128.5278,34.8295],[128.5211,34.8268],[128.5285,34.8212],[128.5194,34.8224],[128.5239,34.8166],[128.5165,34.8081],[128.5105,34.8089],[128.5091,34.8177],[128.5006,34.8254],[128.5014,34.8332],[128.508,34.8377],[128.4966,34.8328],[128.4818,34.8404],[128.4783,34.8489],[128.4814,34.8553],[128.4758,34.8557],[128.4717,34.8727],[128.4917,34.9006],[128.4983,34.8985],[128.5012,34.9022],[128.4969,34.9074],[128.5065,34.9039],[128.4996,34.9109],[128.5141,34.9091],[128.515,34.9151],[128.5273,34.9238],[128.5679,34.8994],[128.576,34.9014],[128.5707,34.9086],[128.5856,34.9141],[128.5927,34.9036],[128.5983,34.9009],[128.607,34.9063],[128.6066,34.9002],[128.612,34.9013],[128.6182,34.8912],[128.624,34.892],[128.626,34.8982],[128.6165,34.9087],[128.6154,34.9166],[128.6078,34.9152],[128.6112,34.9232],[128.6036,34.9248],[128.5826,34.9484],[128.5869,34.9473],[128.5882,34.9531],[128.5965,34.9515],[128.5974,34.9655],[128.6061,34.9703],[128.6117,34.9651],[128.6062,34.9582],[128.6163,34.9643],[128.6318,34.9626],[128.6314,34.9676],[128.6438,34.9587],[128.6504,34.9591],[128.646,34.9675],[128.6502,34.9792],[128.6304,34.9777],[128.6288,34.9756],[128.6223,34.983],[128.6126,34.9725],[128.6087,34.9747],[128.611,34.9843],[128.6213,34.9862],[128.6259,34.9928],[128.6153,34.9949],[128.6165,34.9991],[128.6337,34.9995],[128.6309,35.0089],[128.6365,35.0153],[128.6442,35.013],[128.6486,35.0229],[128.6555,35.0112],[128.6465,35.0003],[128.6528,34.9965],[128.6458,34.9938],[128.6473,34.9807],[128.6578,34.9802],[128.6528,34.9841],[128.6554,34.991],[128.666,34.9896],[128.6589,34.9941],[128.6587,34.9979],[128.6637,34.9979],[128.6609,35.0012],[128.6656,35.0004],[128.6659,34.9944],[128.6712,34.9986],[128.679,34.9873],[128.6816,34.9914],[128.6732,35.0004],[128.6823,35.0017],[128.6815,35.0067],[128.6762,35.0038],[128.6671,35.008],[128.6712,35.0129],[128.669,35.0264],[128.675,35.0208],[128.6753,35.0324],[128.6841,35.0335],[128.6747,35.04],[128.6781,35.041],[128.6869,35.0389],[128.6926,35.0309],[128.6993,35.0318],[128.6995,35.0372],[128.7126,35.0323],[128.7217,35.0237],[128.7176,35.0091],[128.7128,35.005],[128.7091,35.0088],[128.7025,35.006],[128.7075,34.9973],[128.6936,34.9967],[128.7014,34.9908],[128.6955,34.9807],[128.6972,34.9731],[128.7166,34.9647],[128.7158,34.9574],[128.7273,34.947],[128.7262,34.937],[128.7214,34.9358],[128.7222,34.9382],[128.7202,34.941],[128.7157,34.9364],[128.7203,34.9336],[128.7173,34.9248],[128.7238,34.9137],[128.7207,34.9095],[128.711,34.9114],[128.7175,34.9006],[128.6967,34.8913],[128.696,34.8814],[128.7145,34.8748],[128.7318,34.8917],[128.7399,34.885],[128.7526,34.8943],[128.7436,34.8843],[128.745,34.8794],[128.7389,34.8783],[128.7442,34.8684],[128.7336,34.862],[128.7286,34.8626],[128.7293,34.8671],[128.7238,34.8648],[128.7346,34.8519],[128.735,34.8427],[128.7256,34.841],[128.7172,34.8495],[128.7013,34.8393],[128.7103,34.8288],[128.719,34.838],[128.7248,34.8335],[128.7259,34.8264],[128.7194,34.8248],[128.721,34.8156],[128.7374,34.7989],[128.7408,34.7867],[128.7093,34.7946],[128.7144,34.802],[128.7081,34.8126],[128.6964,34.8069],[128.6991,34.7974],[128.6913,34.7966],[128.6878,34.7996],[128.6916,34.8075],[128.6735,34.8134],[128.6673,34.8108],[128.6669,34.7929],[128.6743,34.7857],[128.6578,34.774]]],[[[128.5263,34.8115],[128.5342,34.8226],[128.5469,34.8234],[128.5407,34.807],[128.5285,34.8023],[128.5263,34.8115]]],[[[128.4706,34.8295],[128.4795,34.825],[128.4764,34.8207],[128.4629,34.8272],[128.4656,34.8351],[128.4735,34.8326],[128.4706,34.8295]]],[[[128.4941,34.8316],[128.4968,34.8315],[128.4969,34.8288],[128.4933,34.8282],[128.4941,34.8316]]],[[[128.4563,34.838],[128.4623,34.8387],[128.4597,34.8369],[128.4563,34.838]]],[[[128.4839,34.8974],[128.486,34.8956],[128.485,34.8945],[128.481,34.8957],[128.4839,34.8974]]],[[[128.5644,34.9151],[128.5657,34.9117],[128.5637,34.912],[128.5644,34.9151]]],[[[128.5312,34.9307],[128.5248,34.9275],[128.5182,34.9301],[128.5117,34.9417],[128.5174,34.9464],[128.517,34.9588],[128.5115,34.9641],[128.5185,34.9761],[128.537,34.9689],[128.5324,34.9603],[128.5223,34.956],[128.5348,34.9418],[128.5329,34.9373],[128.5258,34.9377],[128.5312,34.9307]]],[[[128.6147,34.6851],[128.6247,34.6857],[128.6242,34.6829],[128.6147,34.6851]]],[[[128.6165,34.6866],[128.6151,34.6874],[128.6178,34.6893],[128.6165,34.6866]]],[[[128.6128,34.6987],[128.6127,34.6981],[128.6091,34.6989],[128.6128,34.6987]]],[[[128.645,34.7117],[128.649,34.7098],[128.6471,34.7094],[128.645,34.7117]]],[[[128.6858,34.7362],[128.6838,34.7292],[128.6824,34.7298],[128.6858,34.7362]]],[[[128.6807,34.8072],[128.6833,34.8054],[128.6807,34.8046],[128.6807,34.8072]]],[[[128.63,34.9732],[128.6361,34.9769],[128.6335,34.9717],[128.63,34.9732]]],[[[128.619,35.0084],[128.6136,35.014],[128.6197,35.0158],[128.6289,35.0076],[128.619,35.0084]]],[[[128.6418,35.0212],[128.642,35.0165],[128.6402,35.0153],[128.6379,35.0192],[128.6418,35.0212]]],[[[128.7101,34.7727],[128.718,34.7692],[128.7162,34.7675],[128.7099,34.7679],[128.7101,34.7727]]],[[[128.7169,34.7813],[128.7124,34.7813],[128.7107,34.7874],[128.7144,34.7901],[128.7169,34.7813]]],[[[128.7534,34.8171],[128.7459,34.8144],[128.7499,34.8245],[128.7545,34.825],[128.7534,34.8171]]],[[[128.7325,34.9702],[128.7364,34.9676],[128.7296,34.9647],[128.7247,34.9682],[128.7325,34.9702]]],[[[128.7283,35.0262],[128.7285,35.0253],[128.7241,35.0244],[128.7283,35.0262]]],[[[128.7168,35.0405],[128.7189,35.0393],[128.7167,35.038],[128.7168,35.0405]]]]}},{"type":"Feature","properties":{"sido":"경상남도","sigungu":"거창군","center":[35.712,127.9248]},"geometry":{"type":"Polygon","coordinates":[[[127.8769,35.6693],[127.8689,35.6705],[127.858,35.6579],[127.8359,35.6606],[127.8336,35.6686],[127.8222,35.6693],[127.8112,35.6855],[127.8033,35.6859],[127.7954,35.7042],[127.7845,35.7053],[127.764,35.7211],[127.7611,35.7308],[127.7551,35.7335],[127.7341,35.719],[127.7294,35.7209],[127.7149,35.7312],[127.7118,35.7435],[127.7017,35.7557],[127.6792,35.7684],[127.7004,35.789],[127.7193,35.7971],[127.7234,35.8106],[127.7304,35.8137],[127.7387,35.827],[127.7381,35.8351],[127.7444,35.8443],[127.7584,35.8367],[127.7722,35.8389],[127.7805,35.8483],[127.8039,35.8572],[127.8127,35.8528],[127.8253,35.8684],[127.8436,35.8691],[127.8451,35.8763],[127.8528,35.8807],[127.8507,35.8901],[127.8583,35.897],[127.8595,35.9065],[127.8709,35.9046],[127.8876,35.9146],[127.8849,35.893],[127.8933,35.8866],[127.9202,35.8929],[127.9233,35.8822],[127.9305,35.8782],[127.9331,35.8633],[127.9261,35.8554],[127.9423,35.8543],[127.9508,35.8613],[127.9733,35.8508],[127.9818,35.8589],[127.9974,35.8378],[128.0119,35.8289],[128.031,35.8358],[128.0508,35.8293],[128.0704,35.8407],[128.0907,35.8308],[128.0849,35.817],[128.0685,35.8064],[128.0537,35.8056],[128.0356,35.7861],[128.0527,35.7747],[128.0513,35.7611],[128.0442,35.7522],[128.0545,35.7411],[128.0612,35.7239],[128.073,35.7187],[128.0755,35.6998],[128.0951,35.6905],[128.0933,35.6854],[128.0778,35.6797],[128.0728,35.673],[128.0667,35.6828],[128.0504,35.6781],[128.0444,35.6743],[128.0436,35.6603],[128.0209,35.6521],[128.0179,35.6433],[128.0003,35.6326],[127.9978,35.6113],[127.9848,35.6087],[127.9827,35.6022],[127.9883,35.5895],[127.9807,35.5801],[127.9795,35.5635],[127.9721,35.5559],[127.955,35.5499],[127.9536,35.5298],[127.9595,35.5181],[127.9251,35.5153],[127.9214,35.5237],[127.9019,35.5345],[127.8795,35.5272],[127.8805,35.5317],[127.873,35.536],[127.8776,35.5505],[127.8701,35.5566],[127.8749,35.5676],[127.8699,35.575],[127.8629,35.5762],[127.8563,35.5694],[127.8504,35.5775],[127.8354,35.5776],[127.8351,35.5831],[127.8641,35.608],[127.8719,35.6219],[127.8708,35.6341],[127.8772,35.6394],[127.8769,35.6693]]]}},{"type":"Feature","properties":{"sido":"경상남도","sigungu":"고성군","center":[35.0102,128.2571]},"geometry":{"type":"MultiPolygon","coordinates":[[[[128.176,34.8865],[128.1779,34.8921],[128.1823,34.8894],[128.176,34.8865]]],[[[128.2521,34.8909],[128.2495,34.8941],[128.252,34.897],[128.2521,34.8909]]],[[[128.2067,34.9091],[128.2082,34.9091],[128.2079,34.9068],[128.2067,34.9091]]],[[[128.2066,34.9191],[128.2062,34.922],[128.2078,34.9222],[128.2066,34.9191]]],[[[128.2209,34.9329],[128.2273,34.9334],[128.2232,34.9228],[128.2175,34.9269],[128.2209,34.9329]]],[[[128.2607,34.931],[128.2629,34.9341],[128.2638,34.9306],[128.2607,34.931]]],[[[128.2021,34.9339],[128.2039,34.9317],[128.2023,34.9315],[128.2021,34.9339]]],[[[128.2508,34.9369],[128.2526,34.9352],[128.2507,34.9333],[128.2508,34.9369]]],[[[128.2228,34.9463],[128.218,34.9391],[128.213,34.9426],[128.2091,34.9359],[128.2032,34.9402],[128.196,34.9367],[128.2044,34.9249],[128.1969,34.9125],[128.2035,34.8993],[128.201,34.8936],[128.1875,34.8934],[128.1868,34.9054],[128.1843,34.8948],[128.1747,34.9057],[128.1749,34.896],[128.1699,34.8963],[128.1687,34.9017],[128.1619,34.8991],[128.1563,34.9085],[128.1467,34.9046],[128.1507,34.8987],[128.1417,34.9025],[128.1407,34.8929],[128.1327,34.8877],[128.1218,34.9044],[128.1086,34.907],[128.1024,34.9142],[128.1033,34.9192],[128.1121,34.923],[128.1195,34.9211],[128.1143,34.9337],[128.1226,34.9388],[128.1232,34.949],[128.1341,34.9631],[128.1335,34.9792],[128.1482,34.9913],[128.1702,34.9846],[128.1578,35.0069],[128.1626,35.0274],[128.1726,35.0311],[128.1945,35.0635],[128.2113,35.0739],[128.1906,35.0767],[128.1895,35.0957],[128.1972,35.0961],[128.2002,35.1077],[128.2109,35.1151],[128.2273,35.114],[128.2474,35.1285],[128.2639,35.1271],[128.2745,35.1321],[128.2999,35.1255],[128.3159,35.1295],[128.3281,35.1243],[128.3479,35.1268],[128.3538,35.1184],[128.3502,35.1118],[128.373,35.1098],[128.3863,35.1026],[128.3925,35.088],[128.3995,35.0836],[128.3998,35.0904],[128.4113,35.0927],[128.4271,35.0864],[128.4224,35.0563],[128.4152,35.0552],[128.4174,35.0599],[128.4117,35.0618],[128.384,35.0506],[128.3831,35.0459],[128.3734,35.0496],[128.3727,35.042],[128.3823,35.0353],[128.3695,35.0312],[128.374,35.0217],[128.3692,35.0234],[128.355,35.0096],[128.3675,35.0162],[128.3886,35.0172],[128.3892,35.0351],[128.3992,35.0407],[128.4376,35.046],[128.4384,35.0499],[128.4504,35.0518],[128.442,35.0602],[128.4452,35.0682],[128.4523,35.0717],[128.4615,35.0648],[128.4682,35.0688],[128.4692,35.0761],[128.4775,35.0687],[128.4752,35.066],[128.482,35.0661],[128.4754,35.0554],[128.4824,35.0529],[128.4794,35.0468],[128.4596,35.0476],[128.4738,35.0356],[128.4748,35.0419],[128.4864,35.0386],[128.4824,35.0283],[128.5034,35.0174],[128.4921,35.005],[128.4843,35.0108],[128.4848,34.999],[128.4771,34.9978],[128.4786,34.9926],[128.4655,34.9972],[128.469,34.9923],[128.4633,34.9874],[128.4393,34.9937],[128.4078,34.9938],[128.4082,34.9829],[128.4178,34.9868],[128.4344,34.9851],[128.4413,34.9828],[128.4435,34.9739],[128.4236,34.9754],[128.4158,34.9667],[128.4011,34.9709],[128.4003,34.9641],[128.389,34.9608],[128.3911,34.9518],[128.3827,34.9474],[128.336,34.9355],[128.3418,34.9407],[128.3405,34.9484],[128.3339,34.9445],[128.3298,34.9479],[128.3316,34.9537],[128.3178,34.9614],[128.3208,34.944],[128.3146,34.9425],[128.3145,34.9379],[128.3082,34.9415],[128.3083,34.937],[128.3,34.9358],[128.3052,34.9187],[128.3006,34.9121],[128.2887,34.9097],[128.2819,34.9156],[128.2831,34.9044],[128.2728,34.8994],[128.2741,34.9101],[128.2657,34.912],[128.2676,34.9183],[128.2574,34.9293],[128.2686,34.93],[128.2671,34.9394],[128.2595,34.9401],[128.2572,34.9359],[128.2495,34.9434],[128.2452,34.9358],[128.2453,34.9439],[128.2298,34.9415],[128.2228,34.9463]]],[[[128.2372,34.9392],[128.2387,34.9395],[128.2384,34.9357],[128.2372,34.9392]]],[[[128.2801,34.8938],[128.2805,34.8939],[128.2815,34.891],[128.2801,34.8938]]],[[[128.2619,34.9187],[128.2637,34.916],[128.2624,34.9155],[128.2619,34.9187]]],[[[128.3087,34.9242],[128.3083,34.9266],[128.3123,34.9214],[128.3087,34.9242]]],[[[128.3252,34.9435],[128.3267,34.944],[128.3271,34.9426],[128.3252,34.9435]]]]}},{"type":"Feature","properties":{"sido":"경상남도","sigungu":"김해시","center":[35.2797,128.8566]},"geometry":{"type":"Polygon","coordinates":[[[128.8793,35.162],[128.8745,35.1598],[128.8748,35.1517],[128.8655,35.1579],[128.8637,35.1674],[128.8467,35.1653],[128.8434,35.158],[128.828,35.1558],[128.8159,35.1604],[128.7859,35.1574],[128.7628,35.1684],[128.7412,35.167],[128.7514,35.2012],[128.7452,35.2057],[128.7298,35.206],[128.7248,35.2115],[128.7205,35.2261],[128.7246,35.2406],[128.7193,35.2434],[128.6947,35.3078],[128.7167,35.31],[128.7115,35.3153],[128.7177,35.3256],[128.733,35.3157],[128.7393,35.3173],[128.7419,35.3314],[128.7501,35.3323],[128.7502,35.3399],[128.7546,35.3354],[128.7622,35.3474],[128.7915,35.3478],[128.7987,35.3563],[128.7973,35.3696],[128.8095,35.3794],[128.8604,35.395],[128.8704,35.3901],[128.8814,35.368],[128.9168,35.3622],[128.9434,35.3386],[128.9675,35.3297],[128.9825,35.2973],[129.0029,35.286],[129.0126,35.2733],[128.9976,35.2344],[128.9595,35.2251],[128.9448,35.2279],[128.9235,35.2161],[128.9095,35.2231],[128.905,35.2201],[128.9102,35.215],[128.8841,35.2137],[128.8704,35.2017],[128.8816,35.1819],[128.8802,35.172],[128.8724,35.1723],[128.8793,35.162]]]}},{"type":"Feature","properties":{"sido":"경상남도","sigungu":"남해군","center":[34.823,127.8817]},"geometry":{"type":"MultiPolygon","coordinates":[[[[127.9954,34.7056],[127.9978,34.7057],[127.9981,34.7034],[127.9954,34.7056]]],[[[127.9333,34.7281],[127.9402,34.7315],[127.9435,34.7247],[127.9333,34.7281]]],[[[128.0116,34.7164],[128.0079,34.711],[128.0009,34.7163],[127.9921,34.714],[127.9889,34.7202],[127.9846,34.7091],[127.9563,34.7095],[127.9527,34.7154],[127.9576,34.7189],[127.9494,34.7263],[127.9539,34.7309],[127.9474,34.7301],[127.9438,34.747],[127.948,34.7657],[127.954,34.7724],[127.9492,34.7773],[127.929,34.7759],[127.9041,34.7657],[127.9128,34.7363],[127.906,34.7272],[127.8916,34.7213],[127.8568,34.7275],[127.8618,34.7318],[127.8509,34.7377],[127.8552,34.7411],[127.8529,34.7472],[127.8362,34.7503],[127.8353,34.7566],[127.8418,34.7579],[127.8435,34.7631],[127.8405,34.7675],[127.852,34.7693],[127.8446,34.7798],[127.8449,34.7872],[127.8354,34.7923],[127.8325,34.8111],[127.8278,34.811],[127.8127,34.8354],[127.8124,34.8479],[127.8065,34.8574],[127.8188,34.8765],[127.8267,34.8741],[127.8296,34.8804],[127.8243,34.884],[127.8331,34.8923],[127.824,34.8941],[127.831,34.8955],[127.8256,34.9033],[127.8421,34.8984],[127.8416,34.9068],[127.8473,34.901],[127.8643,34.904],[127.8511,34.9101],[127.8562,34.9142],[127.8499,34.9141],[127.8535,34.9218],[127.8589,34.9216],[127.8535,34.927],[127.859,34.9295],[127.8571,34.9337],[127.8655,34.9322],[127.8704,34.9423],[127.8909,34.9471],[127.9074,34.9432],[127.9087,34.9387],[127.9256,34.9405],[127.9209,34.9336],[127.9276,34.9327],[127.9307,34.9248],[127.9241,34.9265],[127.9302,34.9154],[127.9402,34.9109],[127.9303,34.9146],[127.9229,34.8994],[127.9261,34.8908],[127.9053,34.8819],[127.9027,34.8846],[127.8979,34.8749],[127.9027,34.8605],[127.9144,34.8499],[127.9174,34.8355],[127.9243,34.8307],[127.932,34.8335],[127.9445,34.8291],[127.9414,34.8157],[127.9451,34.8093],[127.9544,34.8052],[127.9658,34.8087],[127.9584,34.8136],[127.9709,34.8161],[127.9784,34.8205],[127.9763,34.8255],[127.992,34.8334],[128.0195,34.8304],[128.0301,34.8348],[128.0324,34.8304],[128.0667,34.8182],[128.0621,34.8062],[128.0651,34.8005],[128.0524,34.7998],[128.0518,34.7944],[128.0591,34.7943],[128.0489,34.7809],[128.059,34.7513],[128.0504,34.7395],[128.0359,34.7315],[128.0347,34.7238],[128.0456,34.7136],[128.0536,34.7151],[128.06,34.7093],[128.0535,34.7115],[128.0532,34.7079],[128.0427,34.7065],[128.0483,34.705],[128.0436,34.7022],[128.029,34.7079],[128.0248,34.7005],[128.0202,34.7012],[128.0257,34.7191],[128.014,34.724],[128.008,34.7213],[128.0116,34.7164]]],[[[127.8429,34.7466],[127.8395,34.7458],[127.8399,34.7462],[127.8429,34.7466]]],[[[127.8391,34.7607],[127.8348,34.7607],[127.8349,34.7618],[127.8391,34.7607]]],[[[127.84,34.7764],[127.8438,34.7771],[127.8412,34.775],[127.84,34.7764]]],[[[127.8316,34.7872],[127.8336,34.787],[127.8338,34.7852],[127.8316,34.7872]]],[[[127.8202,34.8824],[127.8192,34.8844],[127.8219,34.8848],[127.8202,34.8824]]],[[[127.821,34.9188],[127.8238,34.9174],[127.8202,34.9125],[127.8157,34.9145],[127.821,34.9188]]],[[[128.0629,34.6818],[128.0637,34.6792],[128.0591,34.68],[128.0584,34.6831],[128.0629,34.6818]]],[[[128.0449,34.691],[128.0494,34.6914],[128.051,34.6832],[128.0436,34.6827],[128.0449,34.691]]],[[[128.0601,34.6882],[128.0569,34.6879],[128.0533,34.6915],[128.0601,34.6882]]],[[[128.0352,34.6947],[128.0375,34.6934],[128.0344,34.6903],[128.0352,34.6947]]],[[[128.024,34.6982],[128.0262,34.6974],[128.0251,34.6962],[128.0212,34.6953],[128.024,34.6982]]],[[[128.0505,34.7001],[128.0573,34.6985],[128.0552,34.6941],[128.0473,34.695],[128.0505,34.7001]]],[[[128.0352,34.696],[128.029,34.6971],[128.0301,34.6983],[128.0352,34.696]]],[[[128.0654,34.6985],[128.0578,34.6981],[128.0625,34.7005],[128.0654,34.6985]]],[[[128.0519,34.7223],[128.0552,34.7198],[128.0531,34.7186],[128.0519,34.7223]]],[[[128.0636,34.7421],[128.0655,34.74],[128.0645,34.7395],[128.0595,34.7398],[128.0636,34.7421]]],[[[128.0702,34.7539],[128.073,34.7573],[128.0734,34.7512],[128.0702,34.7539]]],[[[128.0326,34.8408],[128.0256,34.8434],[128.0267,34.8444],[128.0326,34.8408]]],[[[128.0159,34.893],[128.0112,34.8681],[128.0198,34.8638],[128.0242,34.8664],[128.0214,34.8819],[128.0342,34.8973],[128.0387,34.8939],[128.048,34.8972],[128.0421,34.8927],[128.05,34.8881],[128.0477,34.8822],[128.0604,34.883],[128.0583,34.8794],[128.0641,34.8781],[128.067,34.8703],[128.0653,34.8617],[128.0535,34.8529],[128.0623,34.8559],[128.0615,34.8445],[128.0768,34.8439],[128.087,34.8284],[128.0775,34.8283],[128.0712,34.8358],[128.0634,34.8303],[128.0539,34.8382],[128.0465,34.8355],[128.0248,34.8465],[128.0241,34.8392],[128.0196,34.8429],[128.0185,34.8375],[128.0027,34.836],[127.9686,34.8436],[127.9704,34.8485],[127.9651,34.8525],[127.9614,34.8697],[127.9783,34.8801],[127.9776,34.8864],[127.9903,34.895],[127.9877,34.9028],[128.0114,34.9208],[128.0315,34.9218],[128.0293,34.909],[128.0159,34.893]]],[[[128.0267,34.8993],[128.029,34.9002],[128.0304,34.8945],[128.0214,34.8863],[128.0267,34.8993]]]]}},{"type":"Feature","properties":{"sido":"경상남도","sigungu":"밀양시","center":[35.4964,128.7658]},"geometry":{"type":"Polygon","coordinates":[[[128.7363,35.348],[128.6912,35.3785],[128.6727,35.38],[128.6562,35.3726],[128.6475,35.3796],[128.6498,35.3852],[128.6388,35.3844],[128.6471,35.3965],[128.6459,35.4131],[128.6511,35.4255],[128.636,35.4348],[128.6325,35.4469],[128.626,35.4517],[128.6151,35.4459],[128.5831,35.4538],[128.573,35.4746],[128.5711,35.4923],[128.5747,35.5019],[128.5859,35.5051],[128.5918,35.5149],[128.5771,35.537],[128.5911,35.5367],[128.5937,35.5405],[128.5856,35.5539],[128.5896,35.5603],[128.584,35.567],[128.5853,35.5798],[128.5937,35.5845],[128.6068,35.5804],[128.6311,35.5867],[128.636,35.5841],[128.6553,35.598],[128.6908,35.5946],[128.7033,35.5785],[128.724,35.581],[128.7574,35.5677],[128.7681,35.5705],[128.7863,35.5659],[128.7969,35.5745],[128.8012,35.5882],[128.8262,35.5967],[128.8342,35.5972],[128.843,35.5891],[128.8517,35.5946],[128.8711,35.6182],[128.8747,35.6349],[128.8826,35.6347],[128.8855,35.6298],[128.8982,35.6318],[128.9197,35.647],[128.9233,35.6466],[128.9242,35.6369],[128.9409,35.6331],[128.9592,35.6204],[128.9599,35.6154],[128.9791,35.6083],[128.9861,35.608],[129.0033,35.6201],[129.0211,35.6149],[129.026,35.6007],[129.0202,35.585],[128.9954,35.5689],[128.9709,35.5606],[128.9806,35.546],[128.9929,35.548],[128.9981,35.5394],[128.9891,35.5165],[128.9775,35.5079],[128.9612,35.5099],[128.9532,35.5004],[128.9672,35.4907],[128.9626,35.4852],[128.9683,35.4726],[128.9671,35.4619],[128.9499,35.4545],[128.9188,35.4517],[128.9064,35.4389],[128.9235,35.4212],[128.9136,35.4156],[128.9035,35.4201],[128.8914,35.4145],[128.8908,35.4043],[128.8786,35.397],[128.8807,35.3865],[128.8725,35.3805],[128.8704,35.3901],[128.8614,35.3951],[128.8095,35.3794],[128.7973,35.3696],[128.7987,35.3563],[128.791,35.3474],[128.7363,35.348]]]}},{"type":"Feature","properties":{"sido":"경상남도","sigungu":"사천시","center":[35.0357,128.1086]},"geometry":{"type":"MultiPolygon","coordinates":[[[[128.0436,34.9235],[128.0461,34.9223],[128.0449,34.9217],[128.0436,34.9235]]],[[[128.029,34.9297],[128.0316,34.9274],[128.0285,34.9267],[128.029,34.9297]]],[[[128.0307,34.9386],[128.0337,34.9345],[128.0292,34.9347],[128.0307,34.9386]]],[[[128.0533,34.9296],[128.0475,34.926],[128.0435,34.9246],[128.0367,34.9187],[128.0348,34.9273],[128.0409,34.9234],[128.0524,34.9307],[128.0378,34.9423],[128.0295,34.9576],[128.0459,34.9674],[128.0523,34.9775],[128.0454,34.9803],[128.0384,34.9958],[128.0498,35.0161],[128.0446,35.0243],[128.0377,35.0181],[128.0345,35.0232],[128.0422,35.0318],[128.0383,35.0512],[128.0428,35.0638],[128.0619,35.0786],[128.056,35.0804],[128.0565,35.0873],[128.0524,35.0795],[128.0327,35.0684],[128.035,35.0623],[128.0264,35.0547],[128.0313,35.0496],[128.0211,35.0283],[128.0087,35.0303],[128.0022,35.0422],[127.9947,35.0457],[127.9853,35.0452],[127.9763,35.0333],[127.988,35.0334],[127.9888,35.0395],[127.996,35.0379],[127.996,35.0318],[128.0092,35.0225],[128.0084,35.0134],[128.0188,35.0104],[128.0148,34.9911],[128.0076,34.9959],[128.0081,34.9823],[128.0036,34.9832],[128.0054,34.9882],[127.9997,34.9835],[127.9974,34.996],[127.9951,34.9851],[127.9893,34.9892],[127.9915,34.9811],[127.9828,34.9777],[127.9723,34.9864],[127.972,34.9938],[127.9636,34.9944],[127.9572,34.9841],[127.949,34.984],[127.9533,34.9756],[127.9478,34.9767],[127.9348,34.9818],[127.9435,34.9843],[127.9383,34.9891],[127.9336,34.9854],[127.9317,34.9922],[127.9345,34.9966],[127.9397,34.9929],[127.9381,34.9973],[127.9444,34.9993],[127.9357,34.9979],[127.9401,35.0042],[127.9223,35.0149],[127.9236,35.0418],[127.9313,35.0479],[127.9203,35.0643],[127.9145,35.0646],[127.912,35.0737],[127.9047,35.0795],[127.8959,35.0793],[127.8916,35.0864],[127.9017,35.0875],[127.9023,35.0944],[127.9096,35.0975],[127.8994,35.108],[127.9111,35.1188],[127.8857,35.1304],[127.8801,35.1479],[127.8965,35.1527],[127.8961,35.1565],[127.9096,35.1485],[127.9215,35.1501],[127.9298,35.1447],[127.9424,35.1556],[127.9931,35.1566],[128.0016,35.1486],[127.9973,35.1443],[128.0031,35.1336],[128.0012,35.1174],[128.0056,35.1131],[128.0194,35.1123],[128.0281,35.1228],[128.0436,35.1206],[128.0508,35.1313],[128.0696,35.1289],[128.0868,35.1202],[128.0912,35.1159],[128.0912,35.101],[128.1342,35.117],[128.1476,35.1146],[128.158,35.1013],[128.173,35.0948],[128.1686,35.0833],[128.1484,35.077],[128.1724,35.0521],[128.1846,35.0503],[128.18,35.0383],[128.1627,35.0276],[128.158,35.0081],[128.1702,34.9845],[128.1482,34.9913],[128.1335,34.9792],[128.1341,34.9631],[128.1232,34.949],[128.1226,34.9388],[128.1143,34.9337],[128.1192,34.9215],[128.1003,34.9251],[128.0983,34.9203],[128.0957,34.9263],[128.0855,34.9177],[128.0878,34.9261],[128.0778,34.9268],[128.0745,34.9228],[128.0717,34.9272],[128.0533,34.9296]]],[[[128.0322,34.9439],[128.0313,34.9423],[128.029,34.9425],[128.0298,34.9465],[128.0322,34.9439]]],[[[127.9713,34.9634],[127.9721,34.963],[127.9704,34.961],[127.9713,34.9634]]],[[[127.9485,34.964],[127.9494,34.9619],[127.9486,34.9616],[127.9485,34.964]]],[[[127.9628,34.966],[127.9669,34.9657],[127.9644,34.9617],[127.9608,34.9615],[127.9628,34.966]]],[[[127.9851,34.9671],[127.9869,34.9733],[127.9949,34.9687],[127.9819,34.9635],[127.9738,34.9656],[127.9641,34.971],[127.9623,34.9802],[127.9685,34.982],[127.9851,34.9671]]],[[[127.9958,34.9779],[127.9984,34.9748],[127.9946,34.9726],[127.9958,34.9779]]],[[[127.9362,34.9793],[127.9397,34.9773],[127.9345,34.9772],[127.9362,34.9793]]],[[[127.9655,34.9898],[127.9696,34.9906],[127.9713,34.984],[127.9655,34.9834],[127.9655,34.9898]]],[[[128.0807,34.8896],[128.0741,34.8858],[128.0704,34.8897],[128.0752,34.9109],[128.0849,34.8966],[128.0762,34.8941],[128.0807,34.8896]]],[[[128.0597,34.9028],[128.0605,34.9011],[128.0597,34.9005],[128.056,34.9008],[128.0597,34.9028]]],[[[128.0819,34.909],[128.0849,34.9091],[128.0821,34.9063],[128.0819,34.909]]],[[[128.0637,34.9091],[128.0645,34.9088],[128.0641,34.9072],[128.0637,34.9091]]]]}},{"type":"Feature","properties":{"sido":"경상남도","sigungu":"산청군","center":[35.3999,127.9095]},"geometry":{"type":"Polygon","coordinates":[[[127.8643,35.2539],[127.8569,35.2492],[127.8572,35.2403],[127.8458,35.2336],[127.8438,35.2271],[127.8355,35.2294],[127.826,35.222],[127.8126,35.22],[127.7761,35.2195],[127.7566,35.2321],[127.7485,35.25],[127.705,35.2647],[127.6902,35.2837],[127.6879,35.3101],[127.6888,35.3192],[127.7007,35.3162],[127.7185,35.3344],[127.731,35.3372],[127.7387,35.3723],[127.7526,35.383],[127.7485,35.397],[127.7586,35.4027],[127.7593,35.415],[127.7706,35.4206],[127.7704,35.4264],[127.7794,35.4342],[127.7724,35.444],[127.7891,35.4452],[127.7825,35.4591],[127.8143,35.4701],[127.8053,35.4887],[127.8169,35.4913],[127.8233,35.4997],[127.8232,35.5167],[127.8168,35.5257],[127.8407,35.5463],[127.863,35.5762],[127.8699,35.575],[127.8749,35.5676],[127.8694,35.5595],[127.8776,35.5505],[127.873,35.536],[127.8805,35.5317],[127.8793,35.5273],[127.9019,35.5345],[127.9214,35.5237],[127.9251,35.5153],[127.9598,35.5186],[127.9623,35.5001],[127.9743,35.495],[127.9741,35.4767],[127.9869,35.4454],[128.0081,35.4356],[128.0116,35.4262],[128.0231,35.4264],[128.0307,35.4164],[128.0532,35.4176],[128.0729,35.3889],[128.0807,35.3891],[128.0885,35.3805],[128.0803,35.3701],[128.1024,35.3661],[128.0946,35.3578],[128.0994,35.3539],[128.0943,35.3447],[128.1152,35.3328],[128.0801,35.3368],[128.0588,35.3336],[128.0503,35.3209],[128.0525,35.3129],[128.0456,35.3061],[128.0151,35.3034],[127.9959,35.2865],[127.9862,35.2869],[127.9854,35.2738],[127.9736,35.27],[127.9674,35.2467],[127.9474,35.2415],[127.9381,35.2496],[127.9212,35.2522],[127.9131,35.2436],[127.9107,35.2266],[127.9062,35.2227],[127.8903,35.2265],[127.8874,35.2375],[127.8922,35.2502],[127.8757,35.2516],[127.8766,35.2574],[127.8639,35.2589],[127.8643,35.2539]]]}},{"type":"Feature","properties":{"sido":"경상남도","sigungu":"양산시","center":[35.4007,129.0483]},"geometry":{"type":"Polygon","coordinates":[[[128.9832,35.2965],[128.9675,35.3297],[128.9434,35.3386],[128.9168,35.3622],[128.8838,35.3667],[128.8725,35.3805],[128.8807,35.3865],[128.8786,35.397],[128.8908,35.4043],[128.8914,35.4145],[128.9035,35.4201],[128.9136,35.4156],[128.9237,35.4213],[128.9072,35.4361],[128.9101,35.4448],[128.9189,35.4518],[128.9499,35.4545],[128.9672,35.462],[128.9683,35.4726],[128.9626,35.4852],[128.9672,35.4907],[128.9532,35.5004],[128.9562,35.506],[128.9613,35.51],[128.9776,35.5079],[128.9897,35.5172],[128.9945,35.529],[129.0096,35.528],[129.0127,35.5231],[129.0558,35.5321],[129.052,35.5157],[129.0908,35.4982],[129.1053,35.4965],[129.1095,35.4798],[129.143,35.4459],[129.1658,35.432],[129.1965,35.4394],[129.2023,35.432],[129.202,35.4216],[129.2112,35.4192],[129.22,35.4084],[129.1945,35.3837],[129.1994,35.3756],[129.1936,35.361],[129.1782,35.3515],[129.1499,35.3638],[129.1313,35.3656],[129.1296,35.3592],[129.1346,35.3514],[129.1274,35.3457],[129.126,35.3322],[129.1133,35.3195],[129.1096,35.3054],[129.0891,35.3031],[129.0732,35.2899],[129.0601,35.2956],[129.0519,35.288],[129.0509,35.2802],[129.0392,35.2759],[129.0301,35.2785],[129.0126,35.2733],[129.0095,35.2796],[128.9832,35.2965]]]}},{"type":"Feature","properties":{"sido":"경상남도","sigungu":"의령군","center":[35.3868,128.2903]},"geometry":{"type":"Polygon","coordinates":[[[128.2917,35.3096],[128.2893,35.2998],[128.3021,35.2824],[128.2816,35.2747],[128.273,35.2561],[128.2368,35.2537],[128.2116,35.2649],[128.1994,35.2535],[128.1939,35.2565],[128.1951,35.2661],[128.1802,35.2792],[128.1745,35.2921],[128.1773,35.2993],[128.1728,35.3081],[128.1784,35.3225],[128.1567,35.3498],[128.1453,35.3479],[128.1157,35.3302],[128.1135,35.3354],[128.0943,35.3447],[128.0994,35.3539],[128.0946,35.3578],[128.1024,35.3661],[128.088,35.3661],[128.0803,35.3701],[128.0953,35.3682],[128.1122,35.3823],[128.1275,35.3724],[128.1289,35.3877],[128.1477,35.3858],[128.1895,35.3987],[128.1916,35.409],[128.1857,35.4192],[128.2002,35.4321],[128.2081,35.4599],[128.2167,35.4615],[128.2006,35.4752],[128.2095,35.4829],[128.2399,35.4939],[128.255,35.4937],[128.2619,35.4972],[128.2664,35.5095],[128.2887,35.5119],[128.2929,35.5173],[128.3041,35.5135],[128.3134,35.5164],[128.3228,35.5081],[128.339,35.5095],[128.3488,35.4992],[128.3592,35.5031],[128.3667,35.5002],[128.3733,35.5037],[128.3693,35.5137],[128.3722,35.519],[128.4259,35.4884],[128.4223,35.4773],[128.4126,35.4694],[128.3772,35.4572],[128.3744,35.4458],[128.3878,35.426],[128.4249,35.4153],[128.4365,35.3924],[128.4201,35.3785],[128.4273,35.3643],[128.4138,35.3584],[128.3835,35.3573],[128.3822,35.351],[128.3948,35.34],[128.394,35.3346],[128.3779,35.3332],[128.3558,35.3386],[128.339,35.3593],[128.3157,35.3616],[128.311,35.3473],[128.3168,35.3229],[128.2917,35.3096]]]}},{"type":"Feature","properties":{"sido":"경상남도","sigungu":"진주시","center":[35.2018,128.1267]},"geometry":{"type":"Polygon","coordinates":[[[128.0434,35.1206],[128.0281,35.1228],[128.0194,35.1123],[128.0056,35.1131],[128.0012,35.1174],[128.0031,35.1336],[127.9973,35.1443],[128.0016,35.1486],[127.9958,35.1551],[127.98,35.1589],[127.9713,35.1535],[127.9622,35.1578],[127.9404,35.1561],[127.9366,35.159],[127.9378,35.1697],[127.9081,35.1843],[127.8935,35.1969],[127.8945,35.2094],[127.8878,35.2155],[127.8903,35.2265],[127.909,35.2241],[127.9118,35.241],[127.9212,35.2522],[127.9381,35.2496],[127.9474,35.2415],[127.9674,35.2467],[127.9736,35.27],[127.9854,35.2738],[127.9862,35.2869],[127.9959,35.2865],[128.0151,35.3034],[128.0456,35.3061],[128.0525,35.3129],[128.0503,35.3209],[128.0588,35.3336],[128.0801,35.3368],[128.1158,35.3302],[128.1545,35.3511],[128.1784,35.3225],[128.1728,35.3081],[128.1773,35.2993],[128.1745,35.2921],[128.1802,35.2792],[128.1951,35.2661],[128.1941,35.2563],[128.2009,35.2535],[128.2056,35.2629],[128.2186,35.2648],[128.2344,35.254],[128.2742,35.2574],[128.2861,35.2517],[128.2935,35.2535],[128.299,35.2483],[128.2942,35.2412],[128.3036,35.2375],[128.3073,35.2217],[128.3183,35.2217],[128.3298,35.2067],[128.3528,35.2094],[128.368,35.1924],[128.3586,35.1469],[128.3621,35.1419],[128.3479,35.1268],[128.3281,35.1243],[128.3159,35.1295],[128.2999,35.1255],[128.289,35.1314],[128.2696,35.1317],[128.2639,35.1271],[128.2412,35.1265],[128.2415,35.1209],[128.2271,35.1139],[128.2109,35.1151],[128.2002,35.1077],[128.1972,35.0961],[128.1909,35.0975],[128.1874,35.0885],[128.1906,35.0767],[128.2112,35.0737],[128.1972,35.066],[128.1846,35.0503],[128.1724,35.0521],[128.1629,35.0661],[128.1568,35.0658],[128.1488,35.0754],[128.153,35.0807],[128.1686,35.0833],[128.1734,35.0941],[128.158,35.1013],[128.1539,35.1108],[128.1325,35.1169],[128.0912,35.101],[128.0912,35.1159],[128.0868,35.1202],[128.0696,35.1289],[128.0518,35.1307],[128.0434,35.1206]]]}},{"type":"Feature","properties":{"sido":"경상남도","sigungu":"창녕군","center":[35.5258,128.4748]},"geometry":{"type":"Polygon","coordinates":[[[128.4775,35.3809],[128.4462,35.3852],[128.4368,35.3921],[128.4237,35.4162],[128.3919,35.4236],[128.3766,35.4396],[128.3772,35.4572],[128.4126,35.4694],[128.4264,35.4865],[128.4183,35.496],[128.3785,35.5148],[128.3509,35.5374],[128.3492,35.5502],[128.3617,35.5773],[128.3519,35.6067],[128.3612,35.6119],[128.3818,35.6068],[128.3994,35.6159],[128.411,35.6153],[128.4163,35.6217],[128.4319,35.6236],[128.4465,35.6384],[128.4611,35.6406],[128.4698,35.6363],[128.4789,35.6403],[128.4848,35.6354],[128.5053,35.6391],[128.5107,35.6457],[128.5068,35.6501],[128.5075,35.6733],[128.5264,35.6824],[128.5307,35.6629],[128.5367,35.6612],[128.5383,35.655],[128.5365,35.6237],[128.5562,35.6167],[128.5597,35.6033],[128.5934,35.5843],[128.5853,35.5798],[128.584,35.567],[128.5896,35.5611],[128.5855,35.5551],[128.5875,35.5477],[128.5937,35.5405],[128.5911,35.5367],[128.5849,35.539],[128.5771,35.537],[128.5918,35.5149],[128.5859,35.5051],[128.5776,35.5057],[128.5711,35.4923],[128.5737,35.4723],[128.5793,35.4662],[128.5772,35.46],[128.5831,35.4538],[128.615,35.4459],[128.6234,35.4516],[128.6312,35.4489],[128.6356,35.4353],[128.6511,35.4255],[128.6459,35.4131],[128.6471,35.3965],[128.6386,35.3847],[128.6498,35.3852],[128.6475,35.3796],[128.6562,35.3726],[128.6178,35.3805],[128.6003,35.3942],[128.5835,35.3813],[128.5654,35.3786],[128.5496,35.3801],[128.509,35.3991],[128.4775,35.3809]]]}},{"type":"Feature","properties":{"sido":"경상남도","sigungu":"창원시","center":[35.2314,128.5989]},"geometry":{"type":"MultiPolygon","coordinates":[[[[128.5742,35.0635],[128.5757,35.0608],[128.5703,35.057],[128.5694,35.0617],[128.5742,35.0635]]],[[[128.5674,35.0532],[128.5553,35.0535],[128.5419,35.0691],[128.5618,35.0669],[128.5674,35.0532]]],[[[128.5725,35.0672],[128.5733,35.0648],[128.5708,35.0649],[128.5725,35.0672]]],[[[128.4962,35.0731],[128.4975,35.0703],[128.4956,35.0693],[128.4962,35.0731]]],[[[128.56,35.0719],[128.5527,35.0727],[128.5546,35.0738],[128.5626,35.0735],[128.56,35.0719]]],[[[128.5491,35.0754],[128.5505,35.0745],[128.5473,35.0735],[128.5491,35.0754]]],[[[128.4878,35.0783],[128.4884,35.084],[128.495,35.0796],[128.4878,35.0783]]],[[[128.5485,35.0807],[128.5425,35.0783],[128.5428,35.0858],[128.5485,35.0807]]],[[[128.4928,35.0942],[128.4933,35.089],[128.4926,35.0884],[128.4882,35.0921],[128.4928,35.0942]]],[[[128.5184,35.0932],[128.5167,35.0886],[128.5144,35.0961],[128.5214,35.0965],[128.5184,35.0932]]],[[[128.5122,35.0963],[128.5141,35.0958],[128.5118,35.0943],[128.5122,35.0963]]],[[[128.4164,35.1705],[128.4343,35.1641],[128.4439,35.17],[128.4463,35.1803],[128.4649,35.1888],[128.4807,35.1893],[128.4901,35.2068],[128.479,35.2125],[128.4742,35.2223],[128.4744,35.2414],[128.4787,35.2531],[128.491,35.2657],[128.4908,35.2737],[128.4974,35.2756],[128.511,35.269],[128.5327,35.2665],[128.5383,35.2727],[128.5451,35.2707],[128.557,35.2773],[128.5782,35.2691],[128.5912,35.2716],[128.5735,35.2958],[128.5725,35.3012],[128.5827,35.3086],[128.5634,35.3259],[128.5702,35.336],[128.5595,35.3528],[128.577,35.3661],[128.577,35.3792],[128.6003,35.3942],[128.6178,35.3805],[128.6442,35.3722],[128.6727,35.38],[128.6901,35.3789],[128.7349,35.3484],[128.7622,35.3474],[128.7546,35.3354],[128.7502,35.3399],[128.7501,35.3323],[128.7419,35.3314],[128.7393,35.3173],[128.733,35.3157],[128.7177,35.3256],[128.7115,35.3153],[128.7167,35.31],[128.6944,35.3071],[128.7057,35.2867],[128.7193,35.2434],[128.7246,35.2406],[128.7221,35.2189],[128.7298,35.206],[128.7452,35.2057],[128.7514,35.2012],[128.7412,35.167],[128.7628,35.1684],[128.7768,35.1593],[128.7936,35.1571],[128.8154,35.1326],[128.8336,35.1292],[128.8432,35.1097],[128.8356,35.1014],[128.8239,35.1018],[128.8229,35.0969],[128.8325,35.0863],[128.8284,35.0895],[128.8185,35.083],[128.7916,35.0788],[128.7848,35.0798],[128.7818,35.0861],[128.7894,35.0943],[128.7982,35.0931],[128.8025,35.0986],[128.788,35.0983],[128.7914,35.1016],[128.7892,35.1133],[128.7825,35.1124],[128.78,35.1031],[128.7731,35.0989],[128.763,35.1051],[128.7657,35.098],[128.7844,35.0967],[128.78,35.0817],[128.765,35.0829],[128.7664,35.0675],[128.7515,35.0821],[128.7417,35.078],[128.7437,35.0843],[128.7399,35.0819],[128.7353,35.0887],[128.7436,35.0998],[128.7291,35.09],[128.7305,35.0939],[128.7245,35.0975],[128.7143,35.0952],[128.7135,35.1067],[128.7009,35.104],[128.703,35.1001],[128.6943,35.0974],[128.6857,35.107],[128.7005,35.1158],[128.6938,35.1332],[128.6963,35.1384],[128.6874,35.1423],[128.6905,35.1466],[128.6708,35.1425],[128.6779,35.1251],[128.6671,35.1185],[128.6617,35.1217],[128.659,35.1362],[128.6489,35.1354],[128.6436,35.1406],[128.6427,35.1473],[128.6471,35.1465],[128.6471,35.1504],[128.6348,35.1494],[128.6372,35.1457],[128.6254,35.1474],[128.6219,35.1365],[128.6068,35.1372],[128.6138,35.1449],[128.6091,35.1525],[128.6109,35.1633],[128.6048,35.1605],[128.593,35.1733],[128.5892,35.1996],[128.6086,35.2122],[128.6201,35.212],[128.6095,35.2132],[128.5865,35.2096],[128.5648,35.1845],[128.5917,35.1579],[128.5918,35.1498],[128.5856,35.1464],[128.5976,35.1422],[128.5874,35.1303],[128.5802,35.138],[128.5747,35.1333],[128.5876,35.1295],[128.5927,35.1342],[128.601,35.1334],[128.6008,35.1243],[128.5918,35.1208],[128.6007,35.1197],[128.6031,35.1041],[128.6181,35.0953],[128.6141,35.0914],[128.6254,35.0876],[128.623,35.0818],[128.6084,35.0792],[128.6067,35.0754],[128.6127,35.0758],[128.6101,35.0704],[128.614,35.0699],[128.626,35.0755],[128.6367,35.0722],[128.6367,35.0677],[128.6041,35.0551],[128.5744,35.0518],[128.5718,35.0547],[128.5776,35.0612],[128.5934,35.0687],[128.5893,35.072],[128.587,35.0719],[128.5809,35.0637],[128.5739,35.0675],[128.5622,35.0669],[128.5642,35.0728],[128.5615,35.0833],[128.581,35.0892],[128.5499,35.0955],[128.5451,35.0925],[128.541,35.1015],[128.5474,35.1071],[128.5359,35.1075],[128.5368,35.1187],[128.5311,35.1062],[128.5217,35.1044],[128.5187,35.0969],[128.5042,35.0976],[128.4898,35.1068],[128.4835,35.0999],[128.4711,35.0971],[128.4511,35.1056],[128.4486,35.0961],[128.4797,35.0789],[128.4743,35.0756],[128.4693,35.0818],[128.4616,35.0715],[128.4398,35.0717],[128.4274,35.0549],[128.4224,35.0563],[128.4268,35.0868],[128.4113,35.0927],[128.3998,35.0904],[128.3997,35.0835],[128.3925,35.088],[128.3863,35.1026],[128.373,35.1098],[128.3501,35.1119],[128.3538,35.1184],[128.3488,35.131],[128.3621,35.1419],[128.3586,35.1469],[128.3675,35.1941],[128.3756,35.1939],[128.3893,35.2069],[128.399,35.2056],[128.4079,35.1924],[128.4037,35.186],[128.4164,35.1705]]],[[[128.6369,35.0661],[128.6389,35.0639],[128.6335,35.0599],[128.6369,35.0661]]],[[[128.664,35.0921],[128.666,35.0909],[128.6649,35.09],[128.664,35.0921]]],[[[128.661,35.0941],[128.6476,35.0999],[128.6479,35.1053],[128.6589,35.1058],[128.661,35.0941]]],[[[128.6506,35.1163],[128.6491,35.118],[128.6504,35.1189],[128.6506,35.1163]]],[[[128.5834,35.18],[128.5842,35.1773],[128.5838,35.1769],[128.5784,35.1786],[128.5834,35.18]]],[[[128.6724,35.0576],[128.6719,35.0564],[128.6657,35.0602],[128.6724,35.0576]]],[[[128.7629,35.0659],[128.769,35.0654],[128.764,35.0598],[128.7629,35.0659]]],[[[128.6955,35.0793],[128.6976,35.0792],[128.6972,35.0772],[128.693,35.0768],[128.6955,35.0793]]],[[[128.713,35.08],[128.7078,35.082],[128.7094,35.0829],[128.713,35.08]]],[[[128.7229,35.0839],[128.7189,35.0842],[128.7183,35.085],[128.7227,35.0892],[128.7229,35.0839]]],[[[128.7195,35.0931],[128.7227,35.0912],[128.7191,35.0895],[128.7195,35.0931]]],[[[128.6715,35.0988],[128.6726,35.098],[128.6705,35.0969],[128.6715,35.0988]]]]}},{"type":"Feature","properties":{"sido":"경상남도","sigungu":"통영시","center":[34.8689,128.4198]},"geometry":{"type":"MultiPolygon","coordinates":[[[[128.185,34.5718],[128.1901,34.5718],[128.1852,34.5604],[128.18,34.5605],[128.185,34.5718]]],[[[128.2991,34.6178],[128.2979,34.6216],[128.3053,34.6256],[128.3089,34.6157],[128.2991,34.6178]]],[[[128.2741,34.64],[128.2732,34.6353],[128.2651,34.6344],[128.2747,34.6248],[128.2844,34.6386],[128.2991,34.6381],[128.2937,34.635],[128.2966,34.6314],[128.2874,34.6266],[128.2895,34.6199],[128.2756,34.6193],[128.2633,34.6274],[128.2559,34.6191],[128.2441,34.6184],[128.2433,34.6116],[128.2357,34.6117],[128.2309,34.6171],[128.2428,34.6226],[128.2346,34.6286],[128.2374,34.6349],[128.2294,34.6306],[128.2235,34.638],[128.235,34.6406],[128.2276,34.6487],[128.2339,34.6529],[128.2483,34.6517],[128.2741,34.64]]],[[[128.2603,34.6614],[128.2611,34.6601],[128.2598,34.6595],[128.2603,34.6614]]],[[[128.3144,34.6631],[128.3155,34.6638],[128.3173,34.6586],[128.3144,34.6631]]],[[[128.2453,34.663],[128.2431,34.6664],[128.2573,34.6665],[128.2453,34.663]]],[[[128.2667,34.6698],[128.2689,34.6659],[128.2673,34.6648],[128.263,34.6663],[128.2667,34.6698]]],[[[128.3021,34.6708],[128.3052,34.6714],[128.3057,34.666],[128.301,34.6667],[128.3021,34.6708]]],[[[128.3078,34.6737],[128.3087,34.6723],[128.3071,34.6706],[128.3078,34.6737]]],[[[128.2778,34.6752],[128.2792,34.6755],[128.2785,34.6728],[128.2778,34.6752]]],[[[128.2444,34.6677],[128.222,34.673],[128.2183,34.6797],[128.2285,34.6733],[128.2526,34.6812],[128.2543,34.6748],[128.2594,34.6752],[128.2444,34.6677]]],[[[128.2632,34.6828],[128.2678,34.6787],[128.2657,34.6785],[128.2593,34.6811],[128.2632,34.6828]]],[[[128.2875,34.6874],[128.2791,34.6875],[128.2852,34.6915],[128.2875,34.6874]]],[[[128.191,34.7114],[128.1992,34.706],[128.2024,34.6912],[128.1839,34.6904],[128.1677,34.7022],[128.1762,34.7116],[128.191,34.7114]]],[[[128.2978,34.7493],[128.3027,34.7458],[128.2925,34.748],[128.2867,34.7593],[128.2945,34.7631],[128.3079,34.7563],[128.3066,34.7515],[128.3015,34.7535],[128.2978,34.7493]]],[[[128.2487,34.7963],[128.2525,34.7952],[128.2521,34.7943],[128.2487,34.7963]]],[[[128.2573,34.8042],[128.2574,34.7996],[128.2553,34.8037],[128.2573,34.8042]]],[[[128.2663,34.8154],[128.2548,34.8081],[128.2449,34.8135],[128.2384,34.811],[128.2457,34.8011],[128.2422,34.7949],[128.2367,34.8013],[128.2255,34.7998],[128.2239,34.8078],[128.2087,34.8082],[128.2156,34.8125],[128.2136,34.8151],[128.1984,34.8179],[128.2008,34.8253],[128.2113,34.8215],[128.2067,34.8274],[128.2175,34.8391],[128.2365,34.8415],[128.2663,34.8154]]],[[[128.1777,34.8189],[128.1735,34.8205],[128.1764,34.8219],[128.1777,34.8189]]],[[[128.1433,34.8266],[128.1357,34.8234],[128.1244,34.8319],[128.1304,34.8361],[128.1422,34.8329],[128.1433,34.8266]]],[[[128.3138,34.8331],[128.3196,34.8356],[128.3198,34.834],[128.3138,34.8331]]],[[[128.1593,34.8366],[128.1596,34.8351],[128.1581,34.8352],[128.1593,34.8366]]],[[[128.2231,34.8524],[128.2329,34.8452],[128.2037,34.8418],[128.1991,34.8316],[128.1898,34.8258],[128.1796,34.8287],[128.1822,34.8375],[128.167,34.842],[128.1683,34.8524],[128.1906,34.8594],[128.2051,34.8583],[128.2105,34.8522],[128.2231,34.8524]]],[[[128.3215,34.6227],[128.3265,34.6199],[128.3183,34.6195],[128.3147,34.6227],[128.3215,34.6227]]],[[[128.3712,34.6408],[128.3788,34.6449],[128.3813,34.64],[128.3756,34.6386],[128.379,34.6331],[128.3622,34.6428],[128.3562,34.6388],[128.3457,34.6414],[128.3441,34.6496],[128.3564,34.6504],[128.3712,34.6408]]],[[[128.3483,34.662],[128.3507,34.6553],[128.3414,34.658],[128.3421,34.6624],[128.3483,34.662]]],[[[128.3918,34.7368],[128.3782,34.7379],[128.3807,34.7411],[128.3918,34.7368]]],[[[128.3897,34.7655],[128.3898,34.7666],[128.3922,34.7641],[128.3897,34.7655]]],[[[128.367,34.7711],[128.3691,34.7711],[128.3686,34.7696],[128.367,34.7711]]],[[[128.38,34.7808],[128.381,34.7807],[128.3795,34.7783],[128.38,34.7808]]],[[[128.3599,34.7742],[128.3554,34.7789],[128.3687,34.7863],[128.3743,34.7826],[128.3722,34.7762],[128.3599,34.7742]]],[[[128.3581,34.7851],[128.3583,34.7871],[128.3623,34.7858],[128.3581,34.7851]]],[[[128.4422,34.8029],[128.4359,34.8025],[128.4333,34.8088],[128.4312,34.8016],[128.4401,34.7945],[128.4338,34.7889],[128.4195,34.7924],[128.4356,34.7818],[128.4239,34.77],[128.4238,34.7621],[128.4213,34.7653],[128.4066,34.7623],[128.4066,34.7684],[128.3976,34.7653],[128.3972,34.7796],[128.3873,34.7759],[128.3858,34.7806],[128.3912,34.7865],[128.3805,34.7928],[128.3835,34.7968],[128.3744,34.7946],[128.3752,34.7886],[128.3734,34.794],[128.3636,34.7965],[128.3723,34.803],[128.3782,34.7986],[128.3792,34.8151],[128.3493,34.8255],[128.3363,34.8172],[128.3297,34.8295],[128.3363,34.8263],[128.3333,34.8345],[128.3401,34.8288],[128.3379,34.8427],[128.3421,34.8415],[128.3444,34.8314],[128.3483,34.8421],[128.3538,34.8427],[128.359,34.838],[128.3561,34.8323],[128.3709,34.8341],[128.3783,34.8295],[128.3862,34.8144],[128.3839,34.8296],[128.3942,34.8249],[128.4046,34.8319],[128.399,34.8353],[128.3937,34.8291],[128.3913,34.8355],[128.3791,34.836],[128.3885,34.8405],[128.3724,34.8427],[128.3773,34.8454],[128.3696,34.8489],[128.371,34.8528],[128.3774,34.8517],[128.3887,34.8632],[128.3965,34.8635],[128.397,34.8584],[128.4004,34.8626],[128.4133,34.859],[128.4196,34.8606],[128.4196,34.8648],[128.3848,34.8685],[128.3896,34.8748],[128.381,34.8729],[128.3848,34.8818],[128.3807,34.889],[128.3762,34.891],[128.3803,34.8856],[128.3716,34.8829],[128.3749,34.8693],[128.3557,34.8708],[128.3572,34.88],[128.3532,34.8788],[128.349,34.8871],[128.3482,34.8727],[128.3413,34.8744],[128.3401,34.8823],[128.3334,34.8826],[128.3382,34.8775],[128.3284,34.8754],[128.3247,34.8794],[128.3286,34.8857],[128.3167,34.8798],[128.3091,34.8936],[128.298,34.902],[128.3122,34.9091],[128.3504,34.9056],[128.3555,34.9093],[128.351,34.9157],[128.3544,34.9193],[128.3422,34.9251],[128.346,34.9389],[128.3911,34.9518],[128.389,34.9608],[128.4003,34.9641],[128.4012,34.9709],[128.4158,34.9667],[128.4239,34.9755],[128.4429,34.9728],[128.4372,34.9658],[128.4402,34.9623],[128.4314,34.9569],[128.4315,34.9442],[128.4261,34.9418],[128.4367,34.9318],[128.4293,34.9282],[128.4307,34.9141],[128.4239,34.9101],[128.4266,34.904],[128.4203,34.8935],[128.4213,34.8732],[128.4343,34.8809],[128.4316,34.8882],[128.4454,34.8888],[128.4388,34.8929],[128.4511,34.9029],[128.4403,34.9134],[128.4535,34.9145],[128.4525,34.9106],[128.4608,34.905],[128.4539,34.9007],[128.4643,34.8996],[128.4654,34.8923],[128.4734,34.894],[128.475,34.8904],[128.4688,34.8876],[128.4671,34.8717],[128.4602,34.8728],[128.4573,34.8824],[128.4523,34.8733],[128.4565,34.8648],[128.4469,34.8656],[128.4542,34.855],[128.4522,34.8466],[128.4337,34.8445],[128.4328,34.8412],[128.4418,34.8407],[128.4354,34.8385],[128.4244,34.8424],[128.4232,34.8332],[128.4409,34.828],[128.4422,34.8029]]],[[[128.3603,34.8183],[128.3571,34.8148],[128.3635,34.815],[128.3693,34.8113],[128.3464,34.8172],[128.3603,34.8183]]],[[[128.3428,34.8179],[128.3432,34.8191],[128.345,34.8186],[128.3428,34.8179]]],[[[128.3578,34.8528],[128.3597,34.8512],[128.3588,34.8507],[128.3548,34.8517],[128.3578,34.8528]]],[[[128.3662,34.8536],[128.367,34.8542],[128.3696,34.8506],[128.3662,34.8536]]],[[[128.3473,34.8661],[128.3435,34.8647],[128.3499,34.8673],[128.3514,34.8639],[128.3473,34.8661]]],[[[128.3359,34.8703],[128.3388,34.8685],[128.3329,34.8711],[128.3359,34.8703]]],[[[128.3757,34.8785],[128.3763,34.8757],[128.3748,34.8764],[128.3757,34.8785]]],[[[128.3247,34.9227],[128.3191,34.9212],[128.3201,34.9262],[128.3247,34.9227]]],[[[128.3378,34.9269],[128.3403,34.9239],[128.336,34.9217],[128.3378,34.9269]]],[[[128.3403,34.9239],[128.3422,34.9251],[128.3415,34.9242],[128.3403,34.9239]]],[[[128.3301,34.926],[128.3336,34.928],[128.3316,34.9228],[128.3282,34.9229],[128.3301,34.926]]],[[[128.3427,34.931],[128.3382,34.9302],[128.3391,34.9312],[128.3427,34.931]]],[[[128.444,34.548],[128.4471,34.5478],[128.4403,34.5389],[128.4351,34.5401],[128.444,34.548]]],[[[128.3944,34.6373],[128.3882,34.6361],[128.3882,34.6378],[128.3944,34.6373]]],[[[128.461,34.7172],[128.4671,34.7068],[128.4511,34.7042],[128.4477,34.7084],[128.4504,34.7137],[128.4599,34.7179],[128.4556,34.73],[128.4644,34.7359],[128.4717,34.7294],[128.461,34.7172]]],[[[128.4544,34.7223],[128.4525,34.72],[128.4522,34.7202],[128.4544,34.7223]]],[[[128.4281,34.7324],[128.4289,34.7199],[128.4256,34.7199],[128.4227,34.7266],[128.4281,34.7324]]],[[[128.3976,34.7301],[128.3925,34.7368],[128.3998,34.7406],[128.4043,34.7374],[128.4066,34.7296],[128.3976,34.7301]]],[[[128.4148,34.7466],[128.4041,34.7416],[128.3989,34.7468],[128.4042,34.7503],[128.4201,34.7475],[128.4246,34.756],[128.4189,34.7442],[128.4148,34.7466]]],[[[128.3914,34.7543],[128.4015,34.7555],[128.4002,34.7505],[128.3914,34.7543]]],[[[128.4087,34.7526],[128.4039,34.7526],[128.4065,34.7555],[128.4087,34.7526]]],[[[128.4588,34.8151],[128.46,34.8147],[128.456,34.8096],[128.4588,34.8151]]],[[[128.4253,34.8951],[128.4235,34.8895],[128.4211,34.8941],[128.4253,34.8951]]],[[[128.4397,34.9257],[128.4331,34.9248],[128.4338,34.9259],[128.4397,34.9257]]],[[[128.4348,34.942],[128.433,34.9419],[128.4331,34.9442],[128.4348,34.942]]],[[[128.55,34.6184],[128.5452,34.6187],[128.5455,34.6207],[128.55,34.6184]]],[[[128.5493,34.6307],[128.5565,34.6309],[128.5518,34.6218],[128.5454,34.6279],[128.5493,34.6307]]],[[[128.5716,34.6332],[128.5599,34.6356],[128.5774,34.6511],[128.5784,34.6459],[128.5856,34.6437],[128.5716,34.6332]]],[[[128.5785,34.6577],[128.5793,34.6558],[128.5737,34.6534],[128.5785,34.6577]]],[[[128.5781,34.6887],[128.5843,34.6811],[128.5771,34.6809],[128.574,34.6825],[128.5781,34.6887]]],[[[128.5422,34.7008],[128.5488,34.7007],[128.549,34.6964],[128.5422,34.7008]]],[[[128.5579,34.7056],[128.5592,34.7039],[128.558,34.7027],[128.5579,34.7056]]],[[[128.5662,34.7075],[128.566,34.7066],[128.5605,34.7071],[128.5527,34.7183],[128.5662,34.7075]]],[[[128.5302,34.7271],[128.5199,34.7285],[128.5296,34.7352],[128.5376,34.7321],[128.5302,34.7271]]],[[[128.5143,34.7343],[128.5044,34.7321],[128.5015,34.7383],[128.4955,34.7314],[128.4816,34.7349],[128.4817,34.7394],[128.4658,34.7411],[128.4942,34.7504],[128.5143,34.7343]]],[[[128.5345,34.7644],[128.5315,34.7576],[128.5589,34.7599],[128.5607,34.756],[128.5538,34.7536],[128.5609,34.7505],[128.5513,34.748],[128.5248,34.7547],[128.5109,34.7587],[128.5092,34.765],[128.5345,34.7644]]],[[[128.5314,34.7659],[128.5292,34.7665],[128.5296,34.767],[128.5314,34.7659]]],[[[128.4638,34.7791],[128.4607,34.7752],[128.4602,34.7759],[128.4638,34.7791]]],[[[128.4974,34.787],[128.498,34.7858],[128.4947,34.7855],[128.4974,34.787]]],[[[128.4802,34.8084],[128.4896,34.8126],[128.4852,34.8074],[128.4918,34.8015],[128.4934,34.7827],[128.5048,34.7845],[128.5109,34.7789],[128.5086,34.7666],[128.4912,34.7572],[128.4695,34.7608],[128.4729,34.7756],[128.4685,34.7831],[128.4594,34.7865],[128.4635,34.7968],[128.4614,34.806],[128.4686,34.8009],[128.466,34.7879],[128.4729,34.8037],[128.4858,34.7977],[128.4784,34.8061],[128.4695,34.8041],[128.464,34.811],[128.4692,34.818],[128.4848,34.8178],[128.4784,34.8126],[128.4802,34.8084]]],[[[128.5159,34.7989],[128.5212,34.7931],[128.517,34.7922],[128.5114,34.7942],[128.5159,34.7989]]],[[[128.505,34.787],[128.5,34.7926],[128.4948,34.7914],[128.5004,34.8042],[128.5109,34.7999],[128.505,34.787]]],[[[128.4914,34.813],[128.4993,34.8114],[128.4952,34.8092],[128.4914,34.813]]],[[[128.4662,34.8679],[128.4691,34.869],[128.4691,34.865],[128.4659,34.8638],[128.4662,34.8679]]],[[[128.4796,34.9092],[128.4763,34.9045],[128.4639,34.9098],[128.4681,34.9179],[128.4649,34.9208],[128.4796,34.9092]]],[[[128.4847,34.9171],[128.4864,34.9161],[128.4847,34.9147],[128.4847,34.9171]]],[[[128.4851,34.9303],[128.4875,34.941],[128.4886,34.9406],[128.4915,34.9325],[128.4851,34.9303]]],[[[128.4839,34.9548],[128.4833,34.966],[128.49,34.966],[128.4851,34.9599],[128.4905,34.9557],[128.4839,34.9548]]]]}},{"type":"Feature","properties":{"sido":"경상남도","sigungu":"하동군","center":[35.1383,127.784]},"geometry":{"type":"MultiPolygon","coordinates":[[[[127.8288,34.9257],[127.8349,34.9264],[127.834,34.9248],[127.8288,34.9257]]],[[[127.7816,34.9416],[127.7821,34.9417],[127.7835,34.9383],[127.7816,34.9416]]],[[[127.8386,34.9502],[127.8346,34.9491],[127.8287,34.9509],[127.8185,34.9436],[127.8181,34.9493],[127.8099,34.9481],[127.8158,34.939],[127.8074,34.9386],[127.8069,34.9437],[127.7857,34.9399],[127.7808,34.9444],[127.7651,34.9728],[127.7801,34.9884],[127.7873,35.0162],[127.7695,35.034],[127.7678,35.0527],[127.7628,35.0577],[127.7422,35.0603],[127.7375,35.0781],[127.7182,35.082],[127.6946,35.1031],[127.694,35.1318],[127.6597,35.1582],[127.6453,35.1613],[127.6214,35.1885],[127.6171,35.2096],[127.6209,35.223],[127.6187,35.2368],[127.6131,35.2412],[127.6149,35.2503],[127.61,35.2619],[127.5958,35.2682],[127.5771,35.2955],[127.5774,35.309],[127.5932,35.3119],[127.6204,35.3323],[127.6403,35.3246],[127.6581,35.3287],[127.6655,35.3205],[127.6846,35.3225],[127.6888,35.3192],[127.6902,35.2837],[127.705,35.2647],[127.7485,35.25],[127.7566,35.2321],[127.7761,35.2195],[127.8126,35.22],[127.826,35.222],[127.8355,35.2294],[127.8438,35.2271],[127.8458,35.2336],[127.8572,35.2403],[127.8569,35.2492],[127.8643,35.2539],[127.8642,35.2596],[127.8766,35.2574],[127.8754,35.2517],[127.8923,35.2502],[127.8874,35.2375],[127.8908,35.2322],[127.8878,35.2155],[127.8945,35.2094],[127.8935,35.1969],[127.9081,35.1843],[127.9378,35.1697],[127.9366,35.159],[127.9424,35.1556],[127.9298,35.1447],[127.9215,35.1501],[127.9096,35.1485],[127.8961,35.1565],[127.8965,35.1527],[127.8794,35.1449],[127.8857,35.1304],[127.9111,35.1188],[127.8994,35.108],[127.9096,35.0975],[127.9023,35.0944],[127.9017,35.0875],[127.8916,35.0864],[127.8959,35.0793],[127.9047,35.0795],[127.912,35.0737],[127.9145,35.0646],[127.9203,35.0643],[127.9313,35.0478],[127.9236,35.0418],[127.9226,35.014],[127.9186,35.0103],[127.9227,35.0059],[127.9168,34.9954],[127.9225,34.9888],[127.9185,34.988],[127.918,34.9798],[127.909,34.9832],[127.9121,34.9725],[127.9007,34.9686],[127.9022,34.9548],[127.8944,34.9578],[127.8749,34.9469],[127.8632,34.9458],[127.858,34.9506],[127.8476,34.9463],[127.8413,34.9617],[127.8391,34.9511],[127.8386,34.9502]],[[127.8369,34.95],[127.8385,34.9503],[127.8384,34.9543],[127.836,34.9564],[127.8369,34.95]],[[127.837,34.9593],[127.8354,34.9588],[127.8371,34.9567],[127.837,34.9593]]],[[[127.7619,34.9676],[127.7639,34.9712],[127.7664,34.9651],[127.7619,34.9676]]],[[[127.84,34.927],[127.8407,34.9242],[127.8401,34.9242],[127.84,34.927]]],[[[127.8391,34.933],[127.8405,34.9309],[127.8385,34.9302],[127.8391,34.933]]],[[[127.8291,34.9296],[127.8335,34.9393],[127.8344,34.9279],[127.8291,34.9296]]],[[[127.9174,34.9727],[127.9175,34.9701],[127.9166,34.9701],[127.9174,34.9727]]],[[[127.9222,34.9747],[127.915,34.9754],[127.9153,34.9767],[127.9222,34.9747]]],[[[127.9214,34.9811],[127.9206,34.986],[127.924,34.9846],[127.9214,34.9811]]]]}},{"type":"Feature","properties":{"sido":"경상남도","sigungu":"함안군","center":[35.2798,128.4402]},"geometry":{"type":"Polygon","coordinates":[[[128.4904,35.2045],[128.4807,35.1893],[128.4649,35.1888],[128.4463,35.1803],[128.4439,35.17],[128.4315,35.1639],[128.4063,35.1793],[128.4037,35.186],[128.4079,35.1924],[128.4008,35.2048],[128.3893,35.2069],[128.3756,35.1939],[128.3675,35.1941],[128.3528,35.2094],[128.3298,35.2067],[128.3183,35.2217],[128.3073,35.2217],[128.3036,35.2375],[128.2942,35.2413],[128.2985,35.2501],[128.2742,35.2574],[128.2816,35.2747],[128.3021,35.2824],[128.289,35.3031],[128.295,35.3132],[128.3168,35.3229],[128.311,35.3473],[128.3149,35.361],[128.3385,35.3596],[128.3543,35.3393],[128.3797,35.3332],[128.3961,35.3361],[128.3822,35.351],[128.3851,35.359],[128.4138,35.3584],[128.4278,35.3647],[128.4201,35.3784],[128.434,35.3922],[128.4521,35.3832],[128.4763,35.3807],[128.5084,35.3992],[128.5516,35.3794],[128.577,35.3792],[128.577,35.3661],[128.5595,35.3528],[128.5702,35.336],[128.5634,35.3259],[128.5827,35.3086],[128.5725,35.3012],[128.5735,35.2958],[128.5912,35.2716],[128.5782,35.2691],[128.557,35.2773],[128.5451,35.2707],[128.5383,35.2727],[128.5327,35.2665],[128.511,35.269],[128.4974,35.2756],[128.4908,35.2737],[128.491,35.2657],[128.4787,35.2531],[128.4744,35.2414],[128.4742,35.2223],[128.4904,35.2045]]]}},{"type":"Feature","properties":{"sido":"경상남도","sigungu":"함양군","center":[35.5411,127.7195]},"geometry":{"type":"Polygon","coordinates":[[[127.7526,35.383],[127.7387,35.3723],[127.731,35.3372],[127.7185,35.3344],[127.6998,35.3159],[127.6838,35.3228],[127.6645,35.3207],[127.6581,35.3287],[127.6403,35.3246],[127.6263,35.3289],[127.6204,35.3323],[127.6229,35.3439],[127.6112,35.3595],[127.6103,35.3663],[127.6224,35.3732],[127.6354,35.3998],[127.6464,35.4027],[127.662,35.4167],[127.6655,35.4363],[127.6728,35.4438],[127.6679,35.4479],[127.6451,35.4495],[127.6369,35.4593],[127.6368,35.4785],[127.6527,35.4857],[127.6508,35.4976],[127.6449,35.499],[127.6341,35.513],[127.6342,35.5211],[127.6245,35.5273],[127.6287,35.5358],[127.6119,35.5357],[127.5854,35.5546],[127.5874,35.5652],[127.6106,35.5849],[127.6076,35.5948],[127.613,35.6087],[127.6355,35.6185],[127.6241,35.6323],[127.6202,35.6463],[127.6296,35.6566],[127.6291,35.6642],[127.6403,35.6723],[127.645,35.6977],[127.6608,35.7097],[127.6623,35.761],[127.67,35.7717],[127.699,35.758],[127.7094,35.7476],[127.7149,35.7312],[127.7294,35.7209],[127.7341,35.719],[127.7551,35.7335],[127.7611,35.7308],[127.764,35.7211],[127.7845,35.7053],[127.7954,35.7042],[127.8033,35.6859],[127.8112,35.6855],[127.8222,35.6693],[127.8336,35.6686],[127.8359,35.6606],[127.858,35.6579],[127.8689,35.6705],[127.8769,35.6693],[127.8772,35.6394],[127.8708,35.6341],[127.8719,35.6218],[127.8619,35.6053],[127.8351,35.5831],[127.8362,35.5769],[127.8504,35.5775],[127.8562,35.5691],[127.8407,35.5463],[127.8169,35.5258],[127.8158,35.5219],[127.8232,35.5167],[127.8233,35.4997],[127.8169,35.4913],[127.8054,35.4898],[127.8143,35.4701],[127.7825,35.4591],[127.7895,35.4455],[127.7724,35.444],[127.7794,35.4342],[127.7704,35.4264],[127.7706,35.4206],[127.7593,35.415],[127.7596,35.4043],[127.7488,35.3973],[127.7526,35.383]]]}},{"type":"Feature","properties":{"sido":"경상남도","sigungu":"합천군","center":[35.5982,128.1702]},"geometry":{"type":"Polygon","coordinates":[[[128.1477,35.3858],[128.1288,35.3877],[128.1275,35.3724],[128.1122,35.3823],[128.0953,35.3682],[128.0803,35.3701],[128.0885,35.3805],[128.0807,35.3891],[128.0729,35.3889],[128.0532,35.4176],[128.0307,35.4164],[128.0231,35.4264],[128.0116,35.4262],[128.0081,35.4356],[127.9869,35.4454],[127.9741,35.4767],[127.9743,35.495],[127.9623,35.5001],[127.9611,35.5172],[127.9536,35.5298],[127.9551,35.55],[127.9721,35.5559],[127.9809,35.5661],[127.9802,35.5783],[127.9887,35.5942],[127.9827,35.6022],[127.9848,35.6087],[127.9978,35.6113],[128.0003,35.6326],[128.0179,35.6433],[128.0209,35.6521],[128.0436,35.6603],[128.0444,35.6743],[128.0504,35.6781],[128.0667,35.6828],[128.0728,35.673],[128.0778,35.6797],[128.0929,35.6846],[128.0951,35.6905],[128.0755,35.6998],[128.073,35.7187],[128.0612,35.7239],[128.0545,35.7411],[128.0442,35.7522],[128.0513,35.7611],[128.0527,35.7747],[128.0356,35.7861],[128.0537,35.8056],[128.0685,35.8064],[128.0849,35.817],[128.0848,35.823],[128.095,35.8326],[128.1087,35.8239],[128.1253,35.8228],[128.1217,35.8036],[128.1288,35.7894],[128.1395,35.7841],[128.1548,35.7865],[128.164,35.7773],[128.1638,35.7633],[128.1873,35.7542],[128.1982,35.7363],[128.2033,35.6857],[128.1792,35.673],[128.164,35.6729],[128.1595,35.6549],[128.1843,35.6585],[128.2011,35.6438],[128.2297,35.6395],[128.2357,35.6407],[128.2358,35.6512],[128.2419,35.6554],[128.2611,35.6427],[128.2767,35.6467],[128.2797,35.6523],[128.2962,35.6505],[128.2973,35.6562],[128.306,35.6551],[128.3237,35.646],[128.3492,35.6464],[128.3631,35.6286],[128.3635,35.6135],[128.3519,35.6067],[128.3617,35.5767],[128.3488,35.5465],[128.3528,35.5349],[128.3722,35.519],[128.3693,35.514],[128.3725,35.5024],[128.3564,35.5027],[128.3526,35.4983],[128.339,35.5095],[128.3228,35.5081],[128.3134,35.5164],[128.3041,35.5135],[128.2929,35.5173],[128.2887,35.5119],[128.2664,35.5095],[128.2619,35.4972],[128.255,35.4937],[128.2399,35.4939],[128.2095,35.4829],[128.2006,35.4752],[128.2167,35.4615],[128.2081,35.4599],[128.2002,35.4321],[128.1857,35.4192],[128.1916,35.409],[128.1896,35.3989],[128.1477,35.3858]]]}},{"type":"Feature","properties":{"sido":"경상북도","sigungu":"경산시","center":[35.8477,128.8017]},"geometry":{"type":"Polygon","coordinates":[[[128.7894,35.7425],[128.7849,35.7319],[128.7747,35.7294],[128.774,35.7213],[128.7644,35.7161],[128.7656,35.7004],[128.7436,35.7039],[128.734,35.7186],[128.7153,35.7208],[128.7022,35.7436],[128.6944,35.7439],[128.6962,35.7566],[128.6817,35.7837],[128.6826,35.7899],[128.6912,35.7957],[128.7,35.7951],[128.7177,35.8067],[128.7086,35.8256],[128.7182,35.8353],[128.7251,35.8361],[128.7253,35.8535],[128.7215,35.8563],[128.7383,35.8508],[128.76,35.8655],[128.7618,35.886],[128.757,35.9025],[128.7604,35.907],[128.7378,35.9295],[128.7456,35.9444],[128.739,35.9553],[128.7461,35.9719],[128.7317,35.9849],[128.7352,35.9929],[128.7692,35.983],[128.7861,35.988],[128.8118,35.9732],[128.8133,35.9653],[128.8278,35.964],[128.8365,35.9681],[128.8593,35.9524],[128.8626,35.9297],[128.8525,35.9203],[128.8566,35.916],[128.8532,35.908],[128.8553,35.8998],[128.8756,35.8894],[128.8586,35.8768],[128.873,35.866],[128.8752,35.851],[128.8822,35.8432],[128.8921,35.8446],[128.8945,35.8374],[128.9085,35.8315],[128.9149,35.8374],[128.924,35.8336],[128.9336,35.8371],[128.944,35.8299],[128.9592,35.8417],[128.9708,35.8377],[128.9552,35.8141],[128.9556,35.8028],[128.9445,35.7864],[128.9463,35.7815],[128.9348,35.7616],[128.9261,35.7555],[128.914,35.758],[128.9042,35.7463],[128.8953,35.7639],[128.8916,35.7548],[128.8763,35.748],[128.8664,35.7581],[128.8556,35.7569],[128.8584,35.7474],[128.8497,35.7413],[128.8355,35.7456],[128.8271,35.7384],[128.8001,35.7445],[128.7894,35.7425]]]}},{"type":"Feature","properties":{"sido":"경상북도","sigungu":"경주시","center":[35.8598,129.2075]},"geometry":{"type":"Polygon","coordinates":[[[129.2341,35.7036],[129.2072,35.7215],[129.1976,35.7158],[129.1815,35.7231],[129.1733,35.7144],[129.1606,35.7149],[129.1544,35.7217],[129.1428,35.7239],[129.1352,35.7119],[129.1267,35.7145],[129.1233,35.7075],[129.0886,35.702],[129.0774,35.693],[129.0676,35.6712],[129.068,35.6587],[129.0816,35.6454],[129.0741,35.6401],[129.0473,35.6501],[129.041,35.6571],[129.0344,35.6762],[129.0376,35.6926],[129.0225,35.6875],[129.005,35.6936],[129.005,35.7048],[128.997,35.7175],[128.9725,35.7371],[128.9743,35.7475],[128.9699,35.7529],[128.9744,35.7705],[128.988,35.7728],[128.9872,35.7846],[128.993,35.7954],[128.9903,35.8002],[129.0164,35.8406],[129.0141,35.8462],[129.0187,35.8564],[129.0329,35.8707],[129.026,35.8906],[129.0285,35.9047],[129.0549,35.9201],[129.0671,35.9423],[129.1007,35.9377],[129.1099,35.9298],[129.1153,35.917],[129.132,35.9252],[129.1349,35.933],[129.1175,35.9608],[129.1172,35.9853],[129.1105,36.0048],[129.115,36.0126],[129.1271,36.0054],[129.1441,36.011],[129.1342,36.0342],[129.1389,36.0424],[129.1504,36.0486],[129.1516,36.0548],[129.1645,36.0555],[129.1774,36.0479],[129.1773,36.0306],[129.1813,36.0274],[129.1977,36.0404],[129.2237,36.0438],[129.2377,36.0528],[129.2465,36.0737],[129.2728,36.0798],[129.2862,36.0696],[129.2772,36.0269],[129.2973,36.0076],[129.2961,35.9949],[129.3038,35.9953],[129.3079,35.9697],[129.32,35.9581],[129.3167,35.9464],[129.333,35.9307],[129.3294,35.9259],[129.3367,35.917],[129.3332,35.9022],[129.3373,35.8929],[129.3477,35.8886],[129.3515,35.8918],[129.3573,35.8858],[129.3611,35.8882],[129.3636,35.8783],[129.355,35.8729],[129.3606,35.8653],[129.3718,35.8613],[129.3771,35.8654],[129.3908,35.8639],[129.3937,35.8582],[129.4061,35.858],[129.4102,35.8704],[129.4255,35.8839],[129.4369,35.879],[129.4549,35.8468],[129.4801,35.8529],[129.4904,35.8432],[129.5183,35.8419],[129.5208,35.8376],[129.5096,35.8235],[129.5143,35.8167],[129.5125,35.8067],[129.5039,35.8074],[129.5071,35.8059],[129.4995,35.7996],[129.5014,35.793],[129.4921,35.7889],[129.4969,35.7735],[129.4934,35.7517],[129.4847,35.7434],[129.4857,35.7289],[129.4733,35.7053],[129.4777,35.6906],[129.4725,35.6803],[129.4654,35.677],[129.4651,35.6663],[129.4546,35.6639],[129.45,35.6509],[129.4352,35.6522],[129.4327,35.6566],[129.4126,35.664],[129.4034,35.6629],[129.3999,35.6675],[129.3735,35.6698],[129.3646,35.6788],[129.3557,35.6797],[129.324,35.6592],[129.3036,35.657],[129.3028,35.6483],[129.2921,35.6451],[129.2844,35.6515],[129.2602,35.6544],[129.2552,35.6603],[129.2627,35.6914],[129.254,35.7015],[129.2341,35.7036]]]}},{"type":"Feature","properties":{"sido":"경상북도","sigungu":"고령군","center":[35.7322,128.3101]},"geometry":{"type":"Polygon","coordinates":[[[128.4024,35.6434],[128.4017,35.6321],[128.3854,35.6121],[128.3623,35.6119],[128.3631,35.6286],[128.3492,35.6464],[128.3237,35.646],[128.306,35.6551],[128.2973,35.6562],[128.2962,35.6505],[128.2797,35.6523],[128.2767,35.6467],[128.2611,35.6427],[128.2419,35.6554],[128.2358,35.6512],[128.2357,35.6407],[128.2297,35.6395],[128.2011,35.6438],[128.1843,35.6585],[128.1602,35.6544],[128.1626,35.6718],[128.1792,35.673],[128.1944,35.6844],[128.2018,35.6842],[128.2045,35.6974],[128.1982,35.7363],[128.1893,35.7523],[128.1638,35.7633],[128.1641,35.777],[128.1791,35.7883],[128.1601,35.8085],[128.1807,35.8194],[128.2086,35.8155],[128.2183,35.792],[128.2531,35.7802],[128.2518,35.7886],[128.2602,35.7948],[128.2752,35.7894],[128.2749,35.8252],[128.291,35.8264],[128.3064,35.8123],[128.3192,35.8138],[128.3379,35.7969],[128.3505,35.7991],[128.3655,35.7921],[128.3712,35.8044],[128.3691,35.8166],[128.381,35.8228],[128.3748,35.8346],[128.3919,35.8384],[128.3901,35.8504],[128.4228,35.8513],[128.4601,35.8413],[128.4798,35.824],[128.4777,35.8132],[128.4683,35.8083],[128.4207,35.8096],[128.4078,35.7971],[128.3852,35.7603],[128.3926,35.7455],[128.4303,35.7281],[128.4344,35.7048],[128.416,35.6931],[128.3563,35.7071],[128.3504,35.6956],[128.3607,35.6741],[128.4024,35.6434]]]}},{"type":"Feature","properties":{"sido":"경상북도","sigungu":"구미시","center":[36.2126,128.3642]},"geometry":{"type":"Polygon","coordinates":[[[128.3306,36.0915],[128.3033,36.0862],[128.275,36.1039],[128.2774,36.1137],[128.2962,36.1335],[128.2804,36.1429],[128.2873,36.1474],[128.2957,36.1669],[128.2706,36.1741],[128.2713,36.1953],[128.2567,36.2011],[128.2349,36.2011],[128.2386,36.2072],[128.2345,36.2262],[128.2258,36.2317],[128.2184,36.2305],[128.1969,36.2447],[128.1723,36.2458],[128.1601,36.2571],[128.137,36.2572],[128.1328,36.2679],[128.1389,36.2849],[128.1554,36.2952],[128.1706,36.3],[128.2068,36.2989],[128.2186,36.3071],[128.2285,36.3038],[128.2315,36.3338],[128.2514,36.3518],[128.2553,36.3615],[128.2741,36.3606],[128.2773,36.3503],[128.3016,36.3436],[128.3083,36.3303],[128.3141,36.3306],[128.3346,36.3489],[128.3512,36.351],[128.3545,36.3441],[128.3663,36.3388],[128.3727,36.3249],[128.3792,36.3227],[128.3808,36.3125],[128.3898,36.3079],[128.3879,36.3036],[128.3966,36.2935],[128.427,36.2762],[128.4165,36.2576],[128.4214,36.2506],[128.4194,36.2452],[128.4238,36.2366],[128.4336,36.2352],[128.4408,36.218],[128.4852,36.2341],[128.4795,36.2245],[128.4891,36.2197],[128.4947,36.1977],[128.5036,36.1927],[128.5043,36.185],[128.5166,36.2001],[128.524,36.2008],[128.5389,36.1937],[128.5491,36.1781],[128.5574,36.178],[128.5534,36.165],[128.5445,36.1662],[128.5405,36.1615],[128.5425,36.1548],[128.5505,36.1507],[128.5481,36.141],[128.5526,36.1385],[128.5486,36.131],[128.5639,36.1161],[128.5603,36.1092],[128.5199,36.1148],[128.5083,36.1107],[128.4969,36.1156],[128.4926,36.1256],[128.4754,36.0987],[128.4769,36.0928],[128.4637,36.0816],[128.4688,36.0727],[128.4629,36.0697],[128.4286,36.0806],[128.4227,36.0878],[128.4085,36.0833],[128.4037,36.0919],[128.3982,36.0922],[128.3804,36.0667],[128.3615,36.0607],[128.3306,36.0915]]]}},{"type":"Feature","properties":{"sido":"경상북도","sigungu":"김천시","center":[36.0435,128.0523]},"geometry":{"type":"Polygon","coordinates":[[[128.0491,35.919],[128.0599,35.9083],[128.0573,35.9023],[128.065,35.8977],[128.0709,35.8806],[128.0874,35.8725],[128.0729,35.8501],[128.0787,35.8389],[128.0704,35.8407],[128.0508,35.8293],[128.031,35.8358],[128.0111,35.8291],[127.9974,35.8378],[127.9818,35.8589],[127.9733,35.8508],[127.9508,35.8613],[127.9423,35.8543],[127.9261,35.8554],[127.9332,35.8642],[127.9305,35.8782],[127.9233,35.8822],[127.9202,35.8929],[127.8933,35.8866],[127.8831,35.8993],[127.8889,35.9098],[127.8826,35.9188],[127.8825,35.9288],[127.9065,35.9406],[127.9115,35.9495],[127.904,35.9545],[127.8962,35.9779],[127.8896,35.9795],[127.893,35.9871],[127.8758,35.9967],[127.8763,36.0211],[127.8854,36.036],[127.9036,36.039],[127.9171,36.0544],[127.9359,36.0507],[127.9614,36.0684],[127.9578,36.0949],[127.9686,36.1072],[127.9665,36.1185],[127.987,36.1287],[127.9873,36.1474],[127.9969,36.1552],[127.9835,36.1698],[127.9847,36.1771],[127.9765,36.1923],[127.9975,36.2061],[128.0135,36.2091],[128.0263,36.2057],[128.0384,36.194],[128.0525,36.2009],[128.063,36.1992],[128.0507,36.2059],[128.0498,36.2163],[128.0424,36.2173],[128.03,36.2403],[128.0447,36.2527],[128.0505,36.2443],[128.0766,36.2416],[128.0911,36.2539],[128.1087,36.2371],[128.119,36.2432],[128.1201,36.2528],[128.1311,36.2514],[128.1407,36.2583],[128.1589,36.2572],[128.1723,36.2458],[128.1969,36.2447],[128.2184,36.2305],[128.2258,36.2317],[128.2363,36.2247],[128.2335,36.2178],[128.2386,36.2072],[128.2337,36.2019],[128.2567,36.2011],[128.2713,36.1953],[128.2706,36.1741],[128.2957,36.1669],[128.2873,36.1474],[128.2804,36.1429],[128.2962,36.1335],[128.2774,36.1137],[128.2749,36.1045],[128.2924,36.0944],[128.293,36.0891],[128.2849,36.0811],[128.3008,36.0627],[128.2986,36.0515],[128.2891,36.043],[128.2569,36.0514],[128.2423,36.0482],[128.224,36.0556],[128.2087,36.0449],[128.1971,36.0439],[128.1949,36.0318],[128.1695,36.0356],[128.1645,36.0325],[128.1731,36.014],[128.1656,36.0014],[128.1698,35.9945],[128.1671,35.9888],[128.1575,35.9871],[128.1508,35.9664],[128.1318,35.959],[128.1109,35.9642],[128.0963,35.9548],[128.0886,35.946],[128.0913,35.9309],[128.0868,35.9217],[128.0734,35.9285],[128.0715,35.9362],[128.0567,35.9417],[128.0486,35.9335],[128.0491,35.919]]]}},{"type":"Feature","properties":{"sido":"경상북도","sigungu":"문경시","center":[36.693,128.132]},"geometry":{"type":"Polygon","coordinates":[[[128.0657,36.5624],[128.0543,36.5466],[128.0166,36.544],[128.0049,36.5507],[127.9826,36.5453],[127.9787,36.5427],[127.9784,36.5135],[127.9608,36.5204],[127.9582,36.5269],[127.9396,36.5263],[127.931,36.5341],[127.9377,36.5379],[127.9358,36.5441],[127.9413,36.5511],[127.933,36.5583],[127.9372,36.5643],[127.9307,36.5776],[127.9331,36.5906],[127.9204,36.6036],[127.9249,36.6155],[127.9331,36.619],[127.9392,36.6496],[127.9315,36.6536],[127.9323,36.6652],[127.9185,36.668],[127.9129,36.6777],[127.8963,36.6825],[127.8792,36.6784],[127.8773,36.6822],[127.896,36.6942],[127.9286,36.6904],[127.9317,36.7063],[127.9491,36.706],[127.948,36.7178],[127.9608,36.7368],[127.9868,36.7175],[128.0026,36.7166],[128.0141,36.7301],[128.0488,36.7075],[128.0713,36.7073],[128.074,36.7116],[128.069,36.7217],[128.0324,36.748],[128.0321,36.7546],[128.0444,36.7712],[128.0446,36.7846],[128.0557,36.7945],[128.0542,36.8049],[128.0591,36.8167],[128.0714,36.8137],[128.0919,36.7965],[128.0926,36.8028],[128.1058,36.8048],[128.1122,36.8189],[128.1293,36.8246],[128.136,36.8341],[128.1641,36.8201],[128.217,36.8131],[128.2138,36.85],[128.2368,36.8481],[128.234,36.8627],[128.2419,36.8728],[128.282,36.8566],[128.2868,36.8448],[128.2965,36.8345],[128.3108,36.8285],[128.3166,36.8166],[128.3346,36.8169],[128.3666,36.8006],[128.3697,36.7949],[128.3642,36.7753],[128.3678,36.768],[128.3627,36.761],[128.3697,36.7507],[128.3596,36.7402],[128.3383,36.7405],[128.3314,36.7208],[128.3373,36.7094],[128.3309,36.6984],[128.3357,36.6918],[128.3204,36.6783],[128.3368,36.6586],[128.3493,36.6548],[128.3495,36.65],[128.3333,36.6407],[128.3203,36.6445],[128.319,36.6552],[128.3093,36.6562],[128.3063,36.6361],[128.2898,36.6296],[128.2874,36.6213],[128.2718,36.6099],[128.2619,36.611],[128.2801,36.5909],[128.2848,36.5785],[128.2956,36.5779],[128.2977,36.5531],[128.2651,36.5503],[128.2631,36.5429],[128.2686,36.533],[128.2298,36.5296],[128.2223,36.533],[128.2182,36.543],[128.2194,36.573],[128.2058,36.5732],[128.205,36.5785],[128.1943,36.5829],[128.181,36.5817],[128.1766,36.5966],[128.1512,36.5997],[128.1435,36.6083],[128.1186,36.6208],[128.1056,36.6068],[128.0869,36.6093],[128.073,36.6052],[128.058,36.5821],[128.0657,36.5624]]]}},{"type":"Feature","properties":{"sido":"경상북도","sigungu":"봉화군","center":[36.9231,128.903]},"geometry":{"type":"Polygon","coordinates":[[[129.0966,36.8269],[129.0802,36.8189],[129.0647,36.819],[129.0357,36.7889],[128.9841,36.7729],[128.9837,36.7643],[128.9922,36.7547],[128.9902,36.7471],[128.9792,36.7462],[128.9698,36.7472],[128.957,36.7684],[128.9466,36.7735],[128.9206,36.7673],[128.9094,36.7751],[128.89,36.7738],[128.885,36.7838],[128.8737,36.7854],[128.8635,36.7991],[128.8448,36.8026],[128.8412,36.8092],[128.8199,36.8105],[128.8189,36.8018],[128.8121,36.7956],[128.8028,36.8078],[128.8038,36.8231],[128.777,36.8051],[128.7639,36.8016],[128.7587,36.81],[128.7481,36.8091],[128.7434,36.7961],[128.736,36.8019],[128.7294,36.7906],[128.7212,36.8008],[128.7316,36.8225],[128.7239,36.8214],[128.7182,36.8276],[128.7371,36.8406],[128.7271,36.856],[128.7266,36.8662],[128.7055,36.8671],[128.7007,36.8606],[128.6862,36.8633],[128.6772,36.8555],[128.6743,36.8421],[128.6641,36.8416],[128.6567,36.852],[128.642,36.857],[128.6444,36.8635],[128.656,36.8702],[128.6518,36.8818],[128.6447,36.8795],[128.6374,36.8877],[128.6497,36.9104],[128.6587,36.9093],[128.6695,36.9192],[128.659,36.9322],[128.6816,36.9535],[128.6871,36.9695],[128.693,36.9738],[128.6929,37.0039],[128.7014,37.0127],[128.7023,37.0322],[128.7186,37.044],[128.7352,37.0399],[128.751,37.0284],[128.7617,37.0352],[128.752,37.0575],[128.7571,37.0701],[128.7647,37.0638],[128.7701,37.075],[128.7779,37.079],[128.7732,37.0874],[128.7798,37.0923],[128.8029,37.0854],[128.8086,37.0775],[128.8322,37.0758],[128.832,37.068],[128.8478,37.0515],[128.8727,37.0446],[128.8783,37.0536],[128.8962,37.0449],[128.8961,37.0557],[128.9097,37.0669],[128.9223,37.0921],[128.9438,37.0952],[128.9598,37.0775],[128.9931,37.0846],[129.0546,37.0696],[129.0581,37.0646],[129.0651,37.0691],[129.0729,37.0909],[129.0958,37.1005],[129.1237,37.0912],[129.1281,37.0842],[129.1423,37.0811],[129.1558,37.0692],[129.1662,37.0696],[129.1854,37.0468],[129.1839,37.0385],[129.1671,37.0218],[129.1594,37.0196],[129.1325,37.0346],[129.1084,37.025],[129.0836,37.0081],[129.0956,37.0077],[129.0909,36.998],[129.0901,36.9845],[129.095,36.9771],[129.092,36.9639],[129.0822,36.9632],[129.0776,36.9579],[129.0878,36.9518],[129.0837,36.9462],[129.1046,36.9449],[129.1081,36.9431],[129.1047,36.9378],[129.1106,36.9341],[129.1199,36.9355],[129.1366,36.927],[129.1476,36.9129],[129.1448,36.8985],[129.1557,36.887],[129.1533,36.8742],[129.1368,36.872],[129.0966,36.8269]]]}},{"type":"Feature","properties":{"sido":"경상북도","sigungu":"상주시","center":[36.4491,128.0979]},"geometry":{"type":"Polygon","coordinates":[[[128.1358,36.28],[128.1356,36.2545],[128.1201,36.2528],[128.119,36.2432],[128.1087,36.2371],[128.0965,36.2523],[128.0901,36.254],[128.0766,36.2416],[128.0503,36.2444],[128.0447,36.2527],[128.048,36.2571],[128.0103,36.2721],[127.9822,36.2642],[127.9769,36.2589],[127.979,36.2541],[127.9709,36.2504],[127.9602,36.2524],[127.9492,36.2566],[127.9473,36.2672],[127.9379,36.2691],[127.9309,36.2782],[127.9148,36.2801],[127.907,36.2861],[127.9051,36.3024],[127.8903,36.2899],[127.8837,36.2732],[127.8605,36.2777],[127.851,36.2744],[127.8472,36.3006],[127.8414,36.3105],[127.8507,36.3206],[127.8532,36.3317],[127.8675,36.3364],[127.8698,36.3436],[127.8814,36.3449],[127.8913,36.3596],[127.8796,36.3715],[127.8843,36.3798],[127.876,36.3907],[127.8624,36.3926],[127.8636,36.4031],[127.8731,36.4059],[127.8826,36.4217],[127.8753,36.4285],[127.873,36.4417],[127.8824,36.461],[127.8784,36.4671],[127.8818,36.4779],[127.8752,36.4832],[127.8761,36.4884],[127.9067,36.5078],[127.9022,36.5127],[127.9019,36.5282],[127.8737,36.5378],[127.8734,36.5559],[127.8678,36.5633],[127.8528,36.5716],[127.8432,36.5697],[127.8301,36.5744],[127.8239,36.5708],[127.8002,36.5855],[127.7984,36.6023],[127.8228,36.6124],[127.8405,36.6083],[127.8591,36.6132],[127.8475,36.6249],[127.848,36.6334],[127.8621,36.6344],[127.8741,36.6554],[127.8798,36.6576],[127.8823,36.6462],[127.8891,36.6403],[127.8894,36.6295],[127.9097,36.6257],[127.9155,36.6063],[127.933,36.5908],[127.9307,36.5776],[127.9372,36.5643],[127.933,36.5583],[127.9413,36.5511],[127.9318,36.5325],[127.9396,36.5263],[127.9582,36.5269],[127.9608,36.5204],[127.977,36.5136],[127.9815,36.5283],[127.9778,36.5324],[127.9792,36.5435],[128.0049,36.5507],[128.0166,36.544],[128.0558,36.5474],[128.058,36.5569],[128.0657,36.5624],[128.0564,36.5828],[128.0682,36.5926],[128.0728,36.605],[128.0869,36.6093],[128.1056,36.6068],[128.1156,36.621],[128.1435,36.6083],[128.1512,36.5997],[128.1765,36.5966],[128.181,36.5817],[128.1943,36.5829],[128.205,36.5785],[128.2058,36.5732],[128.2194,36.573],[128.2159,36.5566],[128.2226,36.5328],[128.2365,36.5286],[128.2522,36.5341],[128.2686,36.533],[128.2642,36.5081],[128.2703,36.4839],[128.2603,36.4783],[128.2781,36.4725],[128.2805,36.4637],[128.2948,36.4649],[128.3129,36.4564],[128.3254,36.4418],[128.3229,36.4277],[128.3334,36.4196],[128.3392,36.4051],[128.3266,36.3861],[128.3177,36.3868],[128.3099,36.361],[128.284,36.3473],[128.2773,36.3503],[128.2777,36.357],[128.2719,36.3618],[128.2533,36.3604],[128.2514,36.3518],[128.2315,36.3338],[128.2285,36.3037],[128.2186,36.3071],[128.2068,36.2989],[128.1705,36.3],[128.1358,36.28]]]}},{"type":"Feature","properties":{"sido":"경상북도","sigungu":"성주군","center":[35.9154,128.2281]},"geometry":{"type":"Polygon","coordinates":[[[128.2752,35.7894],[128.2602,35.7948],[128.2518,35.7886],[128.2531,35.7802],[128.2226,35.7888],[128.2148,35.7986],[128.2115,35.8134],[128.1892,35.8198],[128.1771,35.8187],[128.1601,35.8085],[128.1791,35.7883],[128.1641,35.777],[128.1548,35.7865],[128.1355,35.7846],[128.1217,35.8036],[128.1253,35.8228],[128.1087,35.8239],[128.0787,35.8389],[128.0729,35.8501],[128.0874,35.8725],[128.0709,35.8806],[128.065,35.8977],[128.0573,35.9023],[128.0599,35.9083],[128.0491,35.919],[128.0468,35.9324],[128.0567,35.9417],[128.0715,35.9362],[128.0734,35.9285],[128.0868,35.9217],[128.0913,35.9309],[128.0886,35.946],[128.0963,35.9548],[128.1109,35.9642],[128.1318,35.959],[128.1508,35.9664],[128.1575,35.9871],[128.1671,35.9888],[128.1698,35.9945],[128.1656,36.0014],[128.1731,36.014],[128.1645,36.0325],[128.1695,36.0356],[128.1949,36.0318],[128.1971,36.0439],[128.2087,36.0449],[128.224,36.0556],[128.2423,36.0482],[128.2553,36.0515],[128.2841,36.0466],[128.2965,36.0305],[128.3094,36.0292],[128.3177,36.0186],[128.3122,36.0147],[128.3113,36.0063],[128.3193,35.9826],[128.3392,35.9757],[128.3404,35.9639],[128.3478,35.9547],[128.3598,35.9562],[128.3695,35.9423],[128.3977,35.9391],[128.4043,35.9118],[128.3855,35.8652],[128.3919,35.8384],[128.3748,35.8346],[128.381,35.8228],[128.3691,35.8166],[128.3683,35.7928],[128.3505,35.7991],[128.3379,35.7969],[128.3192,35.8138],[128.3064,35.8123],[128.291,35.8264],[128.2752,35.8255],[128.2752,35.7894]]]}},{"type":"Feature","properties":{"sido":"경상북도","sigungu":"안동시","center":[36.5597,128.7257]},"geometry":{"type":"Polygon","coordinates":[[[128.7058,36.4474],[128.6828,36.4462],[128.6755,36.4366],[128.6635,36.4378],[128.6541,36.4296],[128.6303,36.426],[128.6287,36.4204],[128.6118,36.4187],[128.6064,36.4095],[128.6002,36.4092],[128.5946,36.4354],[128.5774,36.4399],[128.5668,36.4521],[128.5594,36.4723],[128.5527,36.4757],[128.5511,36.4893],[128.5318,36.4981],[128.507,36.499],[128.498,36.5147],[128.4912,36.5178],[128.4763,36.5139],[128.4747,36.4985],[128.463,36.498],[128.4642,36.4907],[128.4589,36.4885],[128.4336,36.5028],[128.4325,36.511],[128.4369,36.5164],[128.4292,36.522],[128.4543,36.5383],[128.4645,36.5399],[128.4553,36.5545],[128.4925,36.5698],[128.4992,36.5844],[128.4909,36.5886],[128.4957,36.6014],[128.5029,36.6064],[128.5132,36.6007],[128.5295,36.6019],[128.5351,36.6137],[128.5216,36.6197],[128.5244,36.6284],[128.5586,36.6362],[128.5707,36.6482],[128.6046,36.6525],[128.6018,36.6789],[128.6101,36.6894],[128.5976,36.7028],[128.5955,36.7113],[128.5998,36.7151],[128.6093,36.7168],[128.616,36.7119],[128.6391,36.7202],[128.652,36.7107],[128.6643,36.7145],[128.6786,36.6992],[128.6977,36.7067],[128.7061,36.7005],[128.7163,36.7034],[128.7307,36.6961],[128.7378,36.7039],[128.7291,36.7138],[128.7359,36.7252],[128.7319,36.7292],[128.7429,36.75],[128.7353,36.7628],[128.7454,36.7774],[128.7363,36.7833],[128.7369,36.7911],[128.742,36.7916],[128.7481,36.8091],[128.7587,36.81],[128.7639,36.8016],[128.777,36.8051],[128.8038,36.8231],[128.8028,36.8078],[128.8121,36.7956],[128.8189,36.8018],[128.8199,36.8105],[128.8412,36.8092],[128.8448,36.8026],[128.8635,36.7991],[128.8737,36.7854],[128.885,36.7838],[128.8903,36.7736],[128.9094,36.7751],[128.9206,36.7673],[128.9466,36.7735],[128.957,36.7684],[128.9698,36.7472],[128.9902,36.747],[128.9874,36.7357],[128.9972,36.7274],[128.9997,36.7175],[128.9901,36.6745],[128.9938,36.6696],[128.9898,36.6654],[128.9964,36.6552],[128.9899,36.648],[128.9947,36.6419],[128.9907,36.625],[129.0014,36.6028],[129.0,36.5878],[128.9797,36.5649],[128.9917,36.5486],[128.9741,36.5484],[128.9719,36.5312],[128.9811,36.5263],[128.9853,36.5158],[128.9931,36.5171],[128.9973,36.5105],[128.9952,36.4991],[128.9751,36.4829],[128.9853,36.4628],[128.9739,36.4671],[128.9676,36.4617],[128.9759,36.4435],[128.973,36.4316],[128.9824,36.4217],[128.9839,36.4046],[128.9616,36.3668],[128.9662,36.3611],[128.9623,36.3385],[128.9508,36.336],[128.9337,36.3193],[128.9308,36.3057],[128.9195,36.3049],[128.9066,36.2968],[128.8893,36.2974],[128.8874,36.3162],[128.893,36.3254],[128.8867,36.3424],[128.8765,36.3448],[128.8811,36.3584],[128.8719,36.3674],[128.8776,36.3751],[128.8596,36.3878],[128.8504,36.3883],[128.8513,36.3993],[128.8453,36.405],[128.8429,36.4207],[128.8343,36.4276],[128.8301,36.4519],[128.7999,36.4588],[128.7926,36.4658],[128.7825,36.4648],[128.7677,36.4807],[128.7471,36.4892],[128.7317,36.4773],[128.7179,36.4819],[128.7093,36.4765],[128.7058,36.4474]]]}},{"type":"Feature","properties":{"sido":"경상북도","sigungu":"영덕군","center":[36.4696,129.2946]},"geometry":{"type":"Polygon","coordinates":[[[129.3828,36.3229],[129.3776,36.3067],[129.3801,36.2939],[129.3749,36.2879],[129.3816,36.2749],[129.3763,36.2683],[129.3544,36.2732],[129.3393,36.2666],[129.3142,36.2709],[129.3041,36.2678],[129.2863,36.2869],[129.2865,36.2984],[129.2995,36.3062],[129.3018,36.318],[129.2853,36.3333],[129.2758,36.3278],[129.2677,36.3304],[129.2664,36.3205],[129.252,36.3208],[129.2593,36.3352],[129.243,36.346],[129.2241,36.3465],[129.2162,36.3639],[129.218,36.3724],[129.228,36.38],[129.2207,36.3866],[129.2274,36.398],[129.212,36.4077],[129.2105,36.4185],[129.2018,36.4289],[129.1869,36.4268],[129.1715,36.4344],[129.1689,36.4467],[129.1483,36.4762],[129.1541,36.4927],[129.1514,36.4989],[129.1613,36.5041],[129.176,36.5081],[129.1884,36.4997],[129.1911,36.5033],[129.205,36.5025],[129.2156,36.4991],[129.2181,36.4905],[129.2244,36.4891],[129.2259,36.5138],[129.2477,36.5102],[129.2355,36.5312],[129.2408,36.5576],[129.2474,36.5606],[129.2342,36.5729],[129.2308,36.5841],[129.2166,36.5902],[129.2241,36.5976],[129.2223,36.6045],[129.2312,36.6052],[129.2288,36.6235],[129.2401,36.6296],[129.2307,36.6443],[129.2323,36.6604],[129.254,36.6712],[129.2605,36.669],[129.2689,36.6737],[129.2842,36.6675],[129.326,36.667],[129.3546,36.651],[129.3629,36.6606],[129.3877,36.6706],[129.4238,36.6433],[129.4178,36.6394],[129.4122,36.6224],[129.4162,36.6024],[129.4109,36.5924],[129.4199,36.5732],[129.4407,36.5518],[129.4442,36.5123],[129.4535,36.5081],[129.4471,36.5042],[129.4452,36.4887],[129.4334,36.4812],[129.438,36.4629],[129.4335,36.4405],[129.4364,36.427],[129.4306,36.4096],[129.4084,36.388],[129.3795,36.333],[129.3828,36.3229]]]}},{"type":"Feature","properties":{"sido":"경상북도","sigungu":"영양군","center":[36.6864,129.1356]},"geometry":{"type":"Polygon","coordinates":[[[129.2474,36.5606],[129.2408,36.5576],[129.2355,36.5312],[129.2479,36.5113],[129.244,36.5087],[129.2259,36.5138],[129.2244,36.4891],[129.2181,36.4905],[129.2138,36.5],[129.1929,36.5033],[129.1884,36.4997],[129.1811,36.5077],[129.1442,36.499],[129.1328,36.5009],[129.1278,36.5131],[129.1305,36.5185],[129.1268,36.5221],[129.1311,36.5267],[129.1281,36.5343],[129.1108,36.5403],[129.1082,36.5461],[129.0682,36.543],[129.0617,36.5539],[129.0507,36.5605],[129.0462,36.58],[129.032,36.5881],[128.999,36.5935],[129.0014,36.6029],[128.9907,36.625],[128.9947,36.6419],[128.9899,36.648],[128.9964,36.6552],[128.9898,36.6654],[128.9938,36.6695],[128.9901,36.6744],[128.9945,36.6814],[128.9919,36.6915],[128.9974,36.6954],[128.9944,36.7042],[128.9997,36.7175],[128.9972,36.7274],[128.9874,36.7357],[128.9923,36.7559],[128.9837,36.7643],[128.984,36.7728],[129.0357,36.7889],[129.0647,36.819],[129.0802,36.8189],[129.0988,36.828],[129.1032,36.8359],[129.122,36.848],[129.1294,36.865],[129.1383,36.8729],[129.1526,36.8738],[129.1551,36.8782],[129.1641,36.8743],[129.1697,36.8814],[129.1909,36.8798],[129.2035,36.8647],[129.2336,36.867],[129.2381,36.8629],[129.231,36.8539],[129.2401,36.8519],[129.2546,36.8591],[129.2612,36.8771],[129.2607,36.8701],[129.2782,36.8748],[129.2857,36.8634],[129.2785,36.8647],[129.2804,36.8612],[129.2748,36.8581],[129.2771,36.8472],[129.2707,36.8407],[129.2727,36.8337],[129.2832,36.8334],[129.2949,36.8249],[129.289,36.8083],[129.3135,36.7809],[129.3106,36.7741],[129.3036,36.7767],[129.2984,36.7716],[129.2952,36.754],[129.2724,36.7448],[129.2714,36.7254],[129.294,36.7173],[129.2769,36.6916],[129.279,36.6812],[129.2606,36.669],[129.2543,36.6713],[129.2323,36.6604],[129.2307,36.6443],[129.2401,36.6296],[129.2288,36.6235],[129.2312,36.6052],[129.2223,36.6045],[129.2241,36.5976],[129.2166,36.5902],[129.2307,36.5842],[129.2474,36.5606]]]}},{"type":"Feature","properties":{"sido":"경상북도","sigungu":"영주시","center":[36.8807,128.5344]},"geometry":{"type":"Polygon","coordinates":[[[128.5701,36.7358],[128.566,36.7526],[128.5516,36.7676],[128.5427,36.7673],[128.5342,36.7732],[128.5191,36.7714],[128.5064,36.7638],[128.4748,36.7767],[128.4758,36.7937],[128.471,36.8036],[128.4812,36.835],[128.463,36.8467],[128.4491,36.8489],[128.448,36.8646],[128.4387,36.8732],[128.4244,36.8765],[128.4269,36.8891],[128.4403,36.9016],[128.4454,36.9178],[128.4419,36.9279],[128.4602,36.934],[128.4678,36.9518],[128.5067,36.9702],[128.5136,36.9768],[128.5145,36.9868],[128.5547,36.9982],[128.556,37.0055],[128.5713,37.016],[128.5729,37.0217],[128.5652,37.0309],[128.5681,37.0345],[128.5771,37.0356],[128.5836,37.0439],[128.6068,37.0434],[128.6088,37.0526],[128.6305,37.039],[128.6446,37.0619],[128.6537,37.0652],[128.6754,37.0588],[128.6839,37.0516],[128.6893,37.053],[128.7002,37.0412],[128.7089,37.0392],[128.7007,37.029],[128.7013,37.0124],[128.6929,37.0039],[128.693,36.9738],[128.6754,36.9459],[128.6643,36.941],[128.659,36.9324],[128.6695,36.9192],[128.6587,36.9093],[128.6497,36.9104],[128.6374,36.8877],[128.6447,36.8795],[128.6518,36.8818],[128.656,36.8702],[128.6419,36.8571],[128.6567,36.852],[128.6641,36.8416],[128.6675,36.8447],[128.6729,36.8416],[128.6772,36.8555],[128.6862,36.8633],[128.7007,36.8606],[128.7054,36.8671],[128.72,36.8677],[128.7283,36.8639],[128.7271,36.856],[128.7371,36.8406],[128.7186,36.8293],[128.7183,36.8247],[128.7316,36.8225],[128.7212,36.8008],[128.7256,36.7928],[128.7317,36.7909],[128.736,36.8019],[128.7434,36.7961],[128.7405,36.7903],[128.7371,36.7917],[128.7361,36.7838],[128.7454,36.7774],[128.7353,36.7628],[128.7429,36.7558],[128.7429,36.7499],[128.7373,36.7442],[128.7319,36.7291],[128.7358,36.7249],[128.7291,36.7139],[128.7378,36.7039],[128.7285,36.6955],[128.7208,36.7025],[128.709,36.6998],[128.6977,36.7067],[128.6786,36.6992],[128.6643,36.7145],[128.652,36.7107],[128.6391,36.7202],[128.616,36.7119],[128.6093,36.7168],[128.6002,36.7153],[128.5955,36.7113],[128.5974,36.7022],[128.5916,36.7],[128.5761,36.7249],[128.5782,36.7326],[128.5701,36.7358]]]}},{"type":"Feature","properties":{"sido":"경상북도","sigungu":"영천시","center":[36.0067,128.9159]},"geometry":{"type":"Polygon","coordinates":[[[128.9592,35.8417],[128.944,35.8299],[128.9336,35.8371],[128.924,35.8336],[128.9149,35.8374],[128.9085,35.8315],[128.8945,35.8374],[128.8921,35.8446],[128.8822,35.8432],[128.8752,35.851],[128.873,35.866],[128.8586,35.8768],[128.8756,35.8894],[128.8553,35.8998],[128.8566,35.916],[128.8525,35.9203],[128.8626,35.9297],[128.8593,35.9523],[128.8522,35.9595],[128.8365,35.9681],[128.8136,35.9652],[128.8118,35.9732],[128.7861,35.988],[128.7655,35.9838],[128.7349,35.993],[128.7188,36.0081],[128.6974,36.0132],[128.7011,36.0275],[128.6968,36.0354],[128.7041,36.0438],[128.7026,36.0557],[128.7114,36.0737],[128.7248,36.0743],[128.7294,36.0811],[128.7252,36.0904],[128.7417,36.1005],[128.7451,36.1092],[128.7517,36.1035],[128.7537,36.0917],[128.7649,36.1006],[128.791,36.0867],[128.8107,36.0889],[128.8502,36.1189],[128.8506,36.1376],[128.8589,36.1452],[128.8915,36.1434],[128.8925,36.1555],[128.9001,36.1625],[128.8942,36.1693],[128.8968,36.1764],[128.9193,36.1854],[128.9702,36.1608],[128.9863,36.1682],[129.043,36.1591],[129.0454,36.1512],[129.0617,36.1436],[129.0641,36.1363],[129.0566,36.1315],[129.0713,36.1147],[129.0788,36.1116],[129.0819,36.1172],[129.0978,36.1219],[129.1044,36.1166],[129.0926,36.0997],[129.112,36.0798],[129.1293,36.0806],[129.1379,36.0616],[129.1516,36.0548],[129.1513,36.0496],[129.1397,36.0432],[129.1342,36.0342],[129.1434,36.0101],[129.1271,36.0054],[129.115,36.0126],[129.1105,36.0048],[129.1172,35.9853],[129.1174,35.9611],[129.1274,35.9499],[129.1284,35.9387],[129.1349,35.933],[129.1331,35.9272],[129.1153,35.917],[129.1099,35.9298],[129.0946,35.9407],[129.082,35.9375],[129.0785,35.9418],[129.0655,35.9415],[129.0549,35.9201],[129.0285,35.9047],[129.026,35.8906],[129.0329,35.8707],[129.013,35.8448],[128.9815,35.8331],[128.9708,35.8354],[128.9675,35.8414],[128.9592,35.8417]]]}},{"type":"Feature","properties":{"sido":"경상북도","sigungu":"예천군","center":[36.6513,128.4721]},"geometry":{"type":"Polygon","coordinates":[[[128.3407,36.5246],[128.3453,36.5141],[128.3357,36.4992],[128.3374,36.4892],[128.3202,36.4715],[128.3115,36.4686],[128.3117,36.4557],[128.2958,36.4647],[128.2803,36.4638],[128.2781,36.4725],[128.2603,36.4783],[128.2704,36.4843],[128.2642,36.5081],[128.2687,36.5317],[128.2631,36.5429],[128.2651,36.5503],[128.2977,36.5531],[128.2956,36.5779],[128.2848,36.5785],[128.2801,36.5909],[128.2619,36.611],[128.2718,36.6099],[128.2874,36.6213],[128.2898,36.6296],[128.3063,36.6361],[128.3093,36.6562],[128.319,36.6552],[128.3203,36.6445],[128.3333,36.6407],[128.3495,36.65],[128.3493,36.6548],[128.3368,36.6586],[128.3204,36.6783],[128.3357,36.6918],[128.3309,36.6984],[128.3373,36.7094],[128.3314,36.7208],[128.3383,36.7405],[128.3596,36.7402],[128.3697,36.7507],[128.3627,36.761],[128.3678,36.768],[128.3642,36.7753],[128.3697,36.7949],[128.3666,36.8006],[128.384,36.8145],[128.4206,36.8114],[128.4491,36.8489],[128.463,36.8467],[128.4812,36.835],[128.4825,36.8299],[128.471,36.8036],[128.4758,36.7937],[128.4748,36.7767],[128.5064,36.7638],[128.5191,36.7714],[128.5366,36.7734],[128.5614,36.7601],[128.5707,36.743],[128.5699,36.7361],[128.5785,36.7321],[128.5761,36.7249],[128.5897,36.7009],[128.5985,36.7025],[128.6091,36.6925],[128.6098,36.6858],[128.6018,36.6787],[128.6046,36.6525],[128.5707,36.6482],[128.5586,36.6362],[128.5244,36.6284],[128.5216,36.6197],[128.5351,36.6137],[128.5295,36.6019],[128.5132,36.6007],[128.5029,36.6064],[128.4957,36.6014],[128.4909,36.5886],[128.4992,36.5844],[128.4925,36.5698],[128.4553,36.5545],[128.4645,36.5399],[128.4543,36.5383],[128.4326,36.5229],[128.4173,36.522],[128.401,36.5098],[128.3739,36.504],[128.3684,36.5095],[128.3659,36.5279],[128.3592,36.5309],[128.3407,36.5246]]]}},{"type":"Feature","properties":{"sido":"경상북도","sigungu":"울릉군","center":[37.5001,130.8577]},"geometry":{"type":"MultiPolygon","coordinates":[[[[131.87,37.2384],[131.8681,37.2394],[131.8694,37.2415],[131.87,37.2384]]],[[[131.8635,37.2428],[131.8657,37.2441],[131.8669,37.2418],[131.8635,37.2428]]],[[[130.864,37.4637],[130.8383,37.467],[130.8246,37.4764],[130.8085,37.4796],[130.8,37.4891],[130.8028,37.5092],[130.7908,37.5192],[130.79,37.5287],[130.7987,37.5286],[130.8023,37.5241],[130.8233,37.5349],[130.8272,37.5314],[130.8447,37.54],[130.8669,37.5408],[130.8756,37.5472],[130.8913,37.5445],[130.9024,37.5524],[130.9105,37.5451],[130.919,37.5451],[130.9071,37.5321],[130.9175,37.5172],[130.9118,37.4909],[130.9194,37.4884],[130.8818,37.4746],[130.8721,37.4569],[130.864,37.4637]]],[[[130.9346,37.5319],[130.9372,37.5352],[130.94,37.5336],[130.9372,37.5284],[130.9346,37.5319]]],[[[130.9188,37.5474],[130.9241,37.5484],[130.9235,37.5467],[130.9188,37.5474]]]]}},{"type":"Feature","properties":{"sido":"경상북도","sigungu":"울진군","center":[36.8937,129.284]},"geometry":{"type":"Polygon","coordinates":[[[129.466,36.688],[129.4632,36.6776],[129.4569,36.6813],[129.4419,36.674],[129.4238,36.6433],[129.3877,36.6706],[129.3629,36.6606],[129.3546,36.651],[129.326,36.667],[129.2842,36.6675],[129.2689,36.6737],[129.279,36.6812],[129.2769,36.6916],[129.294,36.7171],[129.2714,36.7254],[129.2724,36.7448],[129.2952,36.754],[129.2984,36.7716],[129.3036,36.7767],[129.3106,36.7741],[129.3135,36.7809],[129.289,36.8083],[129.2949,36.8249],[129.2832,36.8334],[129.2727,36.8337],[129.2707,36.8407],[129.2771,36.8472],[129.2748,36.8581],[129.2804,36.8612],[129.2785,36.8647],[129.2857,36.8643],[129.2773,36.8751],[129.2604,36.8702],[129.2621,36.8774],[129.2559,36.8712],[129.2546,36.8591],[129.2398,36.8519],[129.231,36.8539],[129.2381,36.8629],[129.2336,36.867],[129.2035,36.8647],[129.1917,36.8796],[129.1697,36.8814],[129.1649,36.8747],[129.1585,36.8751],[129.1552,36.8886],[129.1448,36.8985],[129.1475,36.9131],[129.1367,36.9269],[129.1199,36.9355],[129.1106,36.9341],[129.1047,36.9378],[129.1081,36.9431],[129.1046,36.9449],[129.0837,36.9462],[129.0878,36.9518],[129.0776,36.9579],[129.0822,36.9632],[129.092,36.9639],[129.095,36.9771],[129.0901,36.9845],[129.0909,36.998],[129.0956,37.0077],[129.0836,37.0081],[129.1084,37.025],[129.1323,37.0346],[129.1595,37.0195],[129.1753,37.0277],[129.1854,37.0421],[129.2251,37.0445],[129.2386,37.039],[129.2289,37.0569],[129.2332,37.0642],[129.2256,37.0734],[129.2496,37.0959],[129.2661,37.1023],[129.272,37.117],[129.2945,37.1144],[129.2982,37.1245],[129.3245,37.1417],[129.3478,37.1465],[129.3665,37.145],[129.3734,37.1352],[129.3737,37.125],[129.3815,37.1202],[129.3764,37.1103],[129.3796,37.1002],[129.4301,37.0584],[129.4155,37.0543],[129.4158,37.0355],[129.4102,37.0306],[129.42,36.9931],[129.4089,36.9801],[129.4217,36.9403],[129.4159,36.9094],[129.421,36.8984],[129.4155,36.889],[129.4276,36.8507],[129.4574,36.8154],[129.4631,36.7885],[129.479,36.7679],[129.4679,36.7575],[129.478,36.7271],[129.4723,36.7226],[129.4767,36.6996],[129.469,36.6942],[129.4705,36.6859],[129.466,36.688]]]}},{"type":"Feature","properties":{"sido":"경상북도","sigungu":"의성군","center":[36.3639,128.5929]},"geometry":{"type":"Polygon","coordinates":[[[128.4381,36.314],[128.4376,36.3044],[128.4172,36.2991],[128.4135,36.2892],[128.4065,36.2875],[128.3908,36.2996],[128.3898,36.3079],[128.3807,36.3127],[128.3792,36.3227],[128.3727,36.3249],[128.3663,36.3388],[128.3545,36.3441],[128.351,36.351],[128.3346,36.3489],[128.3109,36.3301],[128.3054,36.3317],[128.3016,36.3436],[128.284,36.3473],[128.3099,36.361],[128.3177,36.3868],[128.3266,36.3861],[128.3392,36.4052],[128.3334,36.4196],[128.3229,36.4277],[128.3253,36.4419],[128.3087,36.4639],[128.3374,36.4892],[128.3357,36.4992],[128.3453,36.5141],[128.3414,36.5251],[128.3618,36.5316],[128.3686,36.5207],[128.3684,36.5095],[128.3745,36.5039],[128.401,36.5098],[128.4173,36.522],[128.4292,36.522],[128.4369,36.5164],[128.4325,36.511],[128.4336,36.5028],[128.4599,36.4884],[128.4642,36.4907],[128.4627,36.4977],[128.4747,36.4985],[128.4763,36.5139],[128.4958,36.5167],[128.507,36.499],[128.5318,36.4981],[128.5518,36.4887],[128.5527,36.4757],[128.5594,36.4723],[128.5668,36.4521],[128.5774,36.4399],[128.5946,36.4354],[128.5966,36.412],[128.6005,36.4091],[128.6064,36.4095],[128.6118,36.4187],[128.6287,36.4204],[128.6303,36.426],[128.6541,36.4296],[128.6635,36.4378],[128.6755,36.4366],[128.6828,36.4462],[128.7058,36.4474],[128.7098,36.477],[128.7179,36.4819],[128.7317,36.4773],[128.7471,36.4892],[128.7677,36.4807],[128.7825,36.4648],[128.7926,36.4658],[128.7999,36.4588],[128.8301,36.4519],[128.8343,36.4276],[128.8429,36.4207],[128.8453,36.405],[128.8513,36.3993],[128.8504,36.3883],[128.8596,36.3878],[128.8776,36.3751],[128.872,36.3667],[128.8811,36.3584],[128.8765,36.3448],[128.8867,36.3424],[128.8929,36.3258],[128.8874,36.3159],[128.8915,36.3041],[128.8887,36.297],[128.88,36.2967],[128.8756,36.2732],[128.8634,36.2743],[128.8626,36.268],[128.8466,36.2617],[128.8575,36.2549],[128.8823,36.2516],[128.8851,36.2419],[128.8697,36.2315],[128.8957,36.2134],[128.8966,36.2069],[128.8784,36.1987],[128.8518,36.2149],[128.8302,36.2177],[128.804,36.2101],[128.803,36.2006],[128.796,36.1938],[128.77,36.1935],[128.7581,36.2025],[128.7527,36.2027],[128.746,36.1944],[128.7352,36.2007],[128.7049,36.1992],[128.6967,36.2024],[128.6999,36.2088],[128.6944,36.2141],[128.6817,36.2149],[128.6712,36.2086],[128.6634,36.2214],[128.6494,36.2177],[128.6399,36.2081],[128.6341,36.2092],[128.6318,36.2162],[128.6367,36.2331],[128.631,36.2388],[128.6407,36.2576],[128.6364,36.2612],[128.6095,36.2712],[128.5985,36.2708],[128.5945,36.2776],[128.5761,36.2796],[128.5712,36.2749],[128.5534,36.2739],[128.5455,36.2916],[128.4738,36.3118],[128.4712,36.32],[128.4516,36.327],[128.4381,36.314]]]}},{"type":"Feature","properties":{"sido":"경상북도","sigungu":"청도군","center":[35.7054,128.8849]},"geometry":{"type":"Polygon","coordinates":[[[128.6553,35.598],[128.636,35.5841],[128.6311,35.5867],[128.6068,35.5804],[128.5743,35.5922],[128.5675,35.6012],[128.5597,35.6033],[128.5563,35.6166],[128.5365,35.6237],[128.5383,35.655],[128.5264,35.6742],[128.5264,35.6824],[128.5335,35.6821],[128.5351,35.694],[128.5271,35.7136],[128.5439,35.7191],[128.5643,35.7363],[128.5818,35.7388],[128.5894,35.7318],[128.6088,35.7391],[128.6167,35.7371],[128.6102,35.7256],[128.6172,35.7178],[128.6141,35.7104],[128.6225,35.7035],[128.6388,35.706],[128.6612,35.7201],[128.6833,35.7215],[128.6918,35.7323],[128.6895,35.7399],[128.702,35.7437],[128.7153,35.7208],[128.7322,35.7198],[128.7436,35.7039],[128.7656,35.7004],[128.7644,35.7161],[128.774,35.7213],[128.7747,35.7294],[128.786,35.7329],[128.7896,35.7426],[128.8009,35.745],[128.8271,35.7384],[128.8355,35.7456],[128.8497,35.7413],[128.8584,35.7474],[128.8556,35.7569],[128.8664,35.7581],[128.8763,35.748],[128.8916,35.7548],[128.8953,35.7639],[128.9042,35.7463],[128.914,35.758],[128.9261,35.7555],[128.9348,35.7616],[128.9463,35.7815],[128.9445,35.7864],[128.9556,35.8028],[128.9545,35.812],[128.9659,35.8345],[128.9841,35.8334],[128.995,35.8404],[129.0165,35.8447],[129.0034,35.8164],[128.9903,35.8001],[128.993,35.7954],[128.9872,35.7846],[128.988,35.7728],[128.9744,35.7705],[128.9699,35.7528],[128.9743,35.7475],[128.9725,35.7371],[128.997,35.7175],[129.005,35.7048],[129.0051,35.6935],[129.0225,35.6875],[129.0376,35.6926],[129.0344,35.6762],[129.0473,35.6501],[129.0374,35.6324],[129.021,35.6356],[129.0014,35.6178],[128.9818,35.6076],[128.9599,35.6154],[128.9592,35.6204],[128.9409,35.6331],[128.9242,35.6369],[128.9231,35.6468],[128.9149,35.6454],[128.9066,35.6347],[128.8917,35.6303],[128.8764,35.6357],[128.8711,35.6182],[128.8517,35.5946],[128.843,35.5891],[128.8342,35.5972],[128.8262,35.5967],[128.8012,35.5882],[128.7969,35.5745],[128.7856,35.5658],[128.7681,35.5705],[128.7574,35.5677],[128.724,35.581],[128.7033,35.5785],[128.6903,35.5948],[128.6553,35.598]]]}},{"type":"Feature","properties":{"sido":"경상북도","sigungu":"청송군","center":[36.3762,129.0949]},"geometry":{"type":"Polygon","coordinates":[[[129.0657,36.2738],[129.0524,36.2621],[129.0593,36.2532],[129.0756,36.2502],[129.082,36.235],[129.0669,36.2268],[129.0645,36.2197],[129.0567,36.224],[129.0417,36.2212],[129.0265,36.1834],[128.9977,36.179],[128.9901,36.1683],[128.9736,36.1608],[128.9195,36.1854],[128.8961,36.1734],[128.8918,36.1755],[128.8812,36.1903],[128.8825,36.199],[128.8961,36.2053],[128.8961,36.213],[128.8697,36.2315],[128.8851,36.2419],[128.8824,36.2515],[128.8575,36.2549],[128.8466,36.2617],[128.8626,36.268],[128.8634,36.2743],[128.8769,36.2745],[128.8803,36.297],[128.9063,36.2968],[128.9195,36.3049],[128.9308,36.3057],[128.9337,36.3193],[128.9508,36.336],[128.9622,36.3384],[128.9661,36.3465],[128.9628,36.3516],[128.9662,36.3612],[128.9616,36.3668],[128.984,36.4075],[128.9817,36.424],[128.973,36.4316],[128.9759,36.4435],[128.9676,36.4619],[128.9739,36.4671],[128.9853,36.4628],[128.9751,36.4829],[128.9952,36.4991],[128.9973,36.5105],[128.9931,36.5171],[128.9853,36.5158],[128.9811,36.5263],[128.9719,36.5312],[128.9741,36.5484],[128.9917,36.5486],[128.9797,36.5649],[128.9995,36.5869],[129.0004,36.5939],[129.032,36.5881],[129.0462,36.58],[129.0507,36.5605],[129.0617,36.5539],[129.0682,36.543],[129.1082,36.5461],[129.1108,36.5403],[129.1287,36.5338],[129.1298,36.5038],[129.1521,36.5003],[129.1541,36.4927],[129.1483,36.4763],[129.1689,36.4467],[129.1715,36.4344],[129.1869,36.4268],[129.2018,36.4289],[129.2105,36.4185],[129.212,36.4077],[129.2274,36.398],[129.2207,36.3866],[129.228,36.38],[129.218,36.3724],[129.2162,36.3639],[129.2241,36.3465],[129.243,36.346],[129.2598,36.3337],[129.2519,36.3209],[129.2199,36.3039],[129.2243,36.2983],[129.221,36.2878],[129.2258,36.2816],[129.2207,36.2732],[129.2064,36.266],[129.1979,36.2443],[129.1733,36.2248],[129.1471,36.2393],[129.1325,36.2621],[129.1029,36.2647],[129.0935,36.2739],[129.0657,36.2738]]]}},{"type":"Feature","properties":{"sido":"경상북도","sigungu":"칠곡군","center":[35.9972,128.4625]},"geometry":{"type":"Polygon","coordinates":[[[128.4033,35.8891],[128.3937,35.883],[128.4043,35.9118],[128.3977,35.9391],[128.3797,35.939],[128.3664,35.9447],[128.3598,35.9562],[128.3478,35.9547],[128.3404,35.9639],[128.3392,35.9757],[128.3208,35.9815],[128.3145,35.9893],[128.3119,36.014],[128.3177,36.0186],[128.3094,36.0292],[128.2965,36.0305],[128.2891,36.043],[128.2986,36.0515],[128.3008,36.0626],[128.2849,36.0811],[128.2932,36.091],[128.3057,36.0859],[128.3306,36.0915],[128.3613,36.0607],[128.385,36.0702],[128.3826,36.074],[128.3982,36.0922],[128.4063,36.0905],[128.4085,36.0833],[128.4227,36.0878],[128.4286,36.0806],[128.4628,36.0697],[128.4688,36.0727],[128.4637,36.0816],[128.4769,36.0928],[128.4754,36.0987],[128.4926,36.1256],[128.4969,36.1156],[128.5083,36.1107],[128.5198,36.1148],[128.5468,36.1088],[128.5644,36.1111],[128.5687,36.0898],[128.5634,36.0709],[128.5694,36.0605],[128.5979,36.0758],[128.6241,36.0816],[128.6303,36.0774],[128.6293,36.0512],[128.6213,36.0258],[128.6372,36.0171],[128.6406,36.0106],[128.6172,36.0051],[128.603,35.9862],[128.5907,35.979],[128.5721,35.9777],[128.5569,35.971],[128.5533,35.9608],[128.5422,35.9749],[128.5288,35.9805],[128.527,35.9753],[128.5346,35.9584],[128.534,35.9336],[128.5297,35.9236],[128.5072,35.9066],[128.5017,35.8861],[128.4905,35.8977],[128.4751,35.8952],[128.468,35.8998],[128.4757,35.936],[128.4538,35.9431],[128.4525,35.936],[128.4243,35.9263],[128.4033,35.8891]]]}},{"type":"Feature","properties":{"sido":"경상북도","sigungu":"포항시","center":[36.0873,129.2608]},"geometry":{"type":"Polygon","coordinates":[[[129.3332,35.9022],[129.3367,35.917],[129.3294,35.9259],[129.333,35.9306],[129.3167,35.9464],[129.32,35.9581],[129.3079,35.9697],[129.3042,35.9945],[129.2961,35.9949],[129.2972,36.0077],[129.2771,36.0271],[129.284,36.0466],[129.2806,36.0571],[129.2867,36.0627],[129.2857,36.0706],[129.2769,36.0788],[129.2465,36.0737],[129.2377,36.0528],[129.2237,36.0438],[129.1977,36.0404],[129.1791,36.0276],[129.1773,36.048],[129.1645,36.0555],[129.1413,36.058],[129.1293,36.0806],[129.112,36.0798],[129.1008,36.0892],[129.0922,36.1011],[129.1049,36.1139],[129.099,36.1214],[129.0819,36.1172],[129.0787,36.1116],[129.0567,36.1313],[129.0635,36.1403],[129.0454,36.1512],[129.0434,36.1589],[128.9875,36.168],[128.9977,36.179],[129.0265,36.1834],[129.0417,36.2212],[129.0567,36.224],[129.0645,36.2197],[129.0669,36.2268],[129.082,36.235],[129.0756,36.2502],[129.0597,36.253],[129.0531,36.2597],[129.0657,36.2738],[129.081,36.2774],[129.099,36.271],[129.1028,36.2647],[129.1324,36.2621],[129.1471,36.2393],[129.1733,36.2248],[129.1979,36.2443],[129.2064,36.266],[129.2207,36.2732],[129.2258,36.2816],[129.221,36.2878],[129.2243,36.2983],[129.2207,36.3047],[129.2388,36.3173],[129.2664,36.3205],[129.2689,36.331],[129.2758,36.3278],[129.2859,36.3332],[129.3022,36.3161],[129.2995,36.3062],[129.2865,36.2984],[129.2864,36.2866],[129.3041,36.2678],[129.3142,36.2709],[129.3393,36.2666],[129.3544,36.2732],[129.3763,36.2683],[129.3732,36.2546],[129.386,36.2387],[129.3814,36.231],[129.3864,36.2172],[129.373,36.2076],[129.3717,36.2015],[129.3772,36.1897],[129.3923,36.184],[129.3993,36.1671],[129.4006,36.1538],[129.3952,36.1408],[129.4242,36.1147],[129.4289,36.113],[129.4311,36.1143],[129.4377,36.1143],[129.441,36.1129],[129.4327,36.1141],[129.4409,36.1109],[129.4407,36.1],[129.4366,36.0961],[129.4308,36.0998],[129.4186,36.0885],[129.4183,36.0737],[129.4045,36.0712],[129.3963,36.0634],[129.3835,36.063],[129.3783,36.0524],[129.3817,36.0508],[129.3851,36.0459],[129.3812,36.0504],[129.373,36.0506],[129.3841,36.0298],[129.3886,36.0317],[129.3941,36.0261],[129.4082,36.0296],[129.3917,36.0121],[129.4049,36.0144],[129.4075,36.0091],[129.4117,36.015],[129.424,35.9996],[129.4519,35.9917],[129.459,36.0035],[129.5029,36.0257],[129.5041,36.0367],[129.5251,36.0579],[129.5332,36.0576],[129.5471,36.0852],[129.5555,36.0861],[129.562,36.0783],[129.5698,36.079],[129.5686,36.0686],[129.5773,36.0491],[129.5837,36.0463],[129.5772,36.0338],[129.5823,36.0288],[129.5773,36.0247],[129.5849,36.0165],[129.5668,35.9971],[129.5674,35.9897],[129.5528,35.9872],[129.5542,35.983],[129.5597,35.985],[129.5518,35.9786],[129.5546,35.9688],[129.5474,35.9643],[129.5496,35.9584],[129.5311,35.9319],[129.5242,35.9337],[129.5189,35.9272],[129.5265,35.907],[129.5376,35.8997],[129.5259,35.8959],[129.5257,35.8883],[129.5314,35.8868],[129.5282,35.8773],[129.527,35.881],[129.5193,35.8794],[129.52,35.8727],[129.5357,35.871],[129.5277,35.8636],[129.5183,35.8419],[129.4989,35.8401],[129.4801,35.8529],[129.4549,35.8468],[129.4369,35.879],[129.4255,35.8839],[129.4102,35.8704],[129.4061,35.858],[129.3937,35.8582],[129.391,35.8638],[129.3792,35.8656],[129.3718,35.8613],[129.3606,35.8653],[129.355,35.8728],[129.3636,35.8783],[129.3611,35.8882],[129.3548,35.8866],[129.3501,35.8923],[129.3426,35.8892],[129.3332,35.9022]]]}},{"type":"Feature","properties":{"sido":"광주광역시","sigungu":"광산구","center":[35.1588,126.7398]},"geometry":{"type":"Polygon","coordinates":[[[126.8008,35.1008],[126.803,35.0925],[126.7865,35.0755],[126.7709,35.07],[126.762,35.091],[126.754,35.0919],[126.7488,35.1018],[126.7325,35.1129],[126.7284,35.1073],[126.7055,35.1129],[126.6982,35.1079],[126.6851,35.1121],[126.6841,35.1077],[126.6677,35.1051],[126.6692,35.1121],[126.6571,35.1134],[126.6518,35.1196],[126.6535,35.1437],[126.6447,35.1466],[126.6536,35.153],[126.654,35.1646],[126.6719,35.1721],[126.6531,35.1924],[126.6775,35.1911],[126.6774,35.2014],[126.6873,35.2154],[126.7026,35.2078],[126.7178,35.2119],[126.7198,35.2269],[126.7372,35.2521],[126.7578,35.2584],[126.7639,35.2543],[126.7548,35.2422],[126.7576,35.2336],[126.7704,35.2328],[126.7814,35.2248],[126.8054,35.2183],[126.8239,35.2256],[126.8253,35.2318],[126.8382,35.2238],[126.8529,35.2219],[126.857,35.2176],[126.8522,35.1969],[126.8586,35.1946],[126.8605,35.1857],[126.8502,35.1795],[126.8414,35.1818],[126.8374,35.1707],[126.8245,35.1647],[126.8297,35.1415],[126.8189,35.1322],[126.8221,35.1266],[126.8167,35.1166],[126.8029,35.1123],[126.8065,35.1027],[126.8008,35.1008]]]}},{"type":"Feature","properties":{"sido":"광주광역시","sigungu":"남구","center":[35.1065,126.8855]},"geometry":{"type":"Polygon","coordinates":[[[126.8851,35.0815],[126.8718,35.0743],[126.8557,35.0781],[126.8429,35.0653],[126.8222,35.0599],[126.819,35.0525],[126.8037,35.0524],[126.7952,35.0612],[126.7757,35.0533],[126.7672,35.0568],[126.7687,35.0649],[126.757,35.0595],[126.7528,35.0645],[126.7827,35.0726],[126.8059,35.0958],[126.8201,35.091],[126.8381,35.1023],[126.8706,35.1107],[126.8738,35.12],[126.8877,35.117],[126.8854,35.1466],[126.9009,35.1524],[126.91,35.149],[126.9299,35.1262],[126.9121,35.1157],[126.9211,35.0971],[126.9192,35.0915],[126.8921,35.0782],[126.8851,35.0815]]]}},{"type":"Feature","properties":{"sido":"광주광역시","sigungu":"동구","center":[35.1209,126.9566]},"geometry":{"type":"Polygon","coordinates":[[[126.9073,35.1515],[126.9163,35.1655],[126.9392,35.1617],[126.9554,35.152],[126.9555,35.1406],[126.9824,35.1367],[126.9979,35.112],[126.9864,35.1059],[126.9877,35.0944],[126.9667,35.0896],[126.9518,35.073],[126.9324,35.0744],[126.9192,35.0915],[126.9211,35.0971],[126.9125,35.1105],[126.9121,35.1157],[126.9299,35.1262],[126.9073,35.1515]]]}},{"type":"Feature","properties":{"sido":"광주광역시","sigungu":"북구","center":[35.1875,126.9117]},"geometry":{"type":"Polygon","coordinates":[[[126.8883,35.1615],[126.8843,35.1697],[126.8387,35.1783],[126.8605,35.1857],[126.8586,35.1946],[126.8522,35.1969],[126.857,35.2176],[126.8352,35.2287],[126.8782,35.2513],[126.8897,35.247],[126.9057,35.2589],[126.9309,35.2514],[126.9337,35.24],[126.9479,35.2307],[126.9509,35.2153],[126.9659,35.2027],[126.9586,35.1932],[126.9687,35.1809],[126.9749,35.1865],[126.9823,35.1839],[126.9849,35.1884],[126.9996,35.1884],[127.0215,35.1735],[127.0208,35.1673],[127.0135,35.1649],[127.008,35.1549],[127.0091,35.1244],[126.9976,35.1146],[126.9849,35.1347],[126.9552,35.1408],[126.9554,35.152],[126.9392,35.1617],[126.9163,35.1655],[126.9073,35.1515],[126.8883,35.1615]]]}},{"type":"Feature","properties":{"sido":"광주광역시","sigungu":"서구","center":[35.1365,126.8552]},"geometry":{"type":"Polygon","coordinates":[[[126.8381,35.1023],[126.8201,35.091],[126.8059,35.0958],[126.803,35.0925],[126.8004,35.0978],[126.8065,35.1027],[126.8029,35.1123],[126.8167,35.1166],[126.8221,35.1266],[126.8189,35.1322],[126.8295,35.1408],[126.8245,35.1647],[126.8374,35.1707],[126.8387,35.1783],[126.8843,35.1697],[126.8883,35.1615],[126.91,35.149],[126.8973,35.1524],[126.8854,35.1466],[126.8877,35.117],[126.8738,35.12],[126.8706,35.1107],[126.8381,35.1023]]]}},{"type":"Feature","properties":{"sido":"대구광역시","sigungu":"군위군","center":[36.1721,128.7255]},"geometry":{"type":"Polygon","coordinates":[[[128.7011,36.0275],[128.6952,36.0163],[128.6679,36.0141],[128.6511,36.0076],[128.6213,36.0258],[128.6294,36.0515],[128.6274,36.0796],[128.5979,36.0758],[128.5693,36.0606],[128.5634,36.0709],[128.5687,36.0898],[128.5643,36.115],[128.5486,36.131],[128.5526,36.1385],[128.5481,36.141],[128.5505,36.1507],[128.5425,36.1548],[128.5405,36.1615],[128.5445,36.1662],[128.5534,36.165],[128.5574,36.178],[128.5491,36.1781],[128.5389,36.1937],[128.524,36.2008],[128.5166,36.2001],[128.5043,36.185],[128.5036,36.1927],[128.4947,36.1977],[128.4891,36.2197],[128.4795,36.2245],[128.4852,36.2341],[128.4408,36.218],[128.4336,36.2352],[128.4238,36.2366],[128.4194,36.2452],[128.4214,36.2506],[128.4165,36.2576],[128.427,36.2762],[128.4113,36.2875],[128.4153,36.2973],[128.4376,36.3044],[128.4381,36.314],[128.4547,36.327],[128.4712,36.32],[128.4738,36.3118],[128.5455,36.2916],[128.5534,36.2739],[128.5805,36.2795],[128.5946,36.2775],[128.5996,36.2704],[128.624,36.2668],[128.6407,36.2578],[128.631,36.2388],[128.6367,36.2331],[128.6318,36.2162],[128.6347,36.2091],[128.6634,36.2214],[128.6712,36.2086],[128.6817,36.2149],[128.6944,36.2141],[128.6999,36.2088],[128.6967,36.2024],[128.7049,36.1992],[128.7352,36.2007],[128.746,36.1944],[128.7527,36.2027],[128.7581,36.2025],[128.7699,36.1935],[128.796,36.1938],[128.803,36.2006],[128.8041,36.2102],[128.8418,36.2176],[128.8731,36.1997],[128.8825,36.199],[128.8812,36.1901],[128.8906,36.1818],[128.9001,36.1625],[128.8925,36.1555],[128.8915,36.1434],[128.8589,36.1452],[128.8506,36.1376],[128.8502,36.1189],[128.8188,36.0982],[128.8164,36.0923],[128.7985,36.085],[128.7649,36.1006],[128.7537,36.0917],[128.7517,36.1035],[128.7451,36.1092],[128.7417,36.1005],[128.7252,36.0904],[128.7294,36.0811],[128.7248,36.0743],[128.7114,36.0737],[128.6982,36.0331],[128.7011,36.0275]]]}},{"type":"Feature","properties":{"sido":"대구광역시","sigungu":"남구","center":[35.8311,128.5836]},"geometry":{"type":"Polygon","coordinates":[[[128.5554,35.8345],[128.5736,35.8512],[128.5746,35.8601],[128.6085,35.8549],[128.608,35.8277],[128.6011,35.8153],[128.5862,35.8076],[128.5832,35.8139],[128.5809,35.8115],[128.5554,35.8345]]]}},{"type":"Feature","properties":{"sido":"대구광역시","sigungu":"달서구","center":[35.8254,128.5205]},"geometry":{"type":"Polygon","coordinates":[[[128.5282,35.7881],[128.5078,35.8061],[128.5127,35.8111],[128.4804,35.8177],[128.4706,35.833],[128.474,35.8616],[128.4823,35.8678],[128.5012,35.8638],[128.5192,35.8696],[128.5481,35.8546],[128.5742,35.8627],[128.5736,35.8512],[128.5554,35.8345],[128.5809,35.8115],[128.5832,35.8139],[128.5863,35.8002],[128.5673,35.7952],[128.5706,35.7802],[128.5641,35.7741],[128.5542,35.7729],[128.5401,35.7877],[128.5282,35.7881]]]}},{"type":"Feature","properties":{"sido":"대구광역시","sigungu":"달성군","center":[35.7149,128.4834]},"geometry":{"type":"MultiPolygon","coordinates":[[[[128.5351,35.694],[128.5335,35.6821],[128.5076,35.6735],[128.5068,35.6501],[128.5107,35.6457],[128.5062,35.6396],[128.4848,35.6354],[128.4789,35.6403],[128.4698,35.6363],[128.4611,35.6406],[128.4465,35.6384],[128.4319,35.6236],[128.4163,35.6217],[128.411,35.6153],[128.3994,35.6159],[128.3818,35.6068],[128.3717,35.6096],[128.388,35.614],[128.4017,35.6321],[128.4029,35.6419],[128.3607,35.6741],[128.3543,35.6831],[128.351,35.7029],[128.3597,35.7075],[128.4166,35.6931],[128.4344,35.7048],[128.4303,35.7281],[128.3926,35.7455],[128.3852,35.7579],[128.4078,35.7971],[128.4207,35.8096],[128.4683,35.8083],[128.4804,35.8177],[128.5001,35.8165],[128.5129,35.811],[128.5078,35.8061],[128.5282,35.7881],[128.5416,35.7879],[128.5542,35.7729],[128.5706,35.7802],[128.5673,35.7952],[128.5854,35.7993],[128.5856,35.8077],[128.6353,35.8062],[128.6815,35.7909],[128.6862,35.7694],[128.6962,35.7566],[128.6887,35.7375],[128.6918,35.7323],[128.6833,35.7215],[128.6612,35.7201],[128.6402,35.7063],[128.6225,35.7035],[128.6141,35.7103],[128.6172,35.7178],[128.6102,35.7256],[128.6167,35.7371],[128.6088,35.7391],[128.5894,35.7318],[128.5818,35.7388],[128.5643,35.7363],[128.5607,35.7295],[128.5289,35.7119],[128.5351,35.694]]],[[[128.526,35.8889],[128.5173,35.8837],[128.5203,35.8708],[128.5013,35.8638],[128.4811,35.8671],[128.473,35.8595],[128.4706,35.833],[128.4563,35.843],[128.4228,35.8513],[128.3911,35.85],[128.3866,35.8585],[128.3873,35.8715],[128.3937,35.883],[128.4033,35.8891],[128.4181,35.9212],[128.4314,35.931],[128.4525,35.936],[128.4538,35.9431],[128.4762,35.9344],[128.468,35.8998],[128.4751,35.8952],[128.4905,35.8977],[128.5015,35.886],[128.5078,35.8927],[128.526,35.8889]]]]}},{"type":"Feature","properties":{"sido":"대구광역시","sigungu":"동구","center":[35.9369,128.6848]},"geometry":{"type":"Polygon","coordinates":[[[128.6174,35.8893],[128.6319,35.8934],[128.6272,35.9041],[128.6329,35.9157],[128.632,35.9265],[128.6231,35.9487],[128.6262,35.9584],[128.6179,35.9708],[128.6191,35.9763],[128.6029,35.9894],[128.6172,36.0051],[128.6947,36.0164],[128.7257,36.0047],[128.7352,35.9929],[128.7328,35.9829],[128.7461,35.9719],[128.739,35.9553],[128.7456,35.9444],[128.7378,35.9295],[128.7604,35.907],[128.757,35.9025],[128.7618,35.886],[128.76,35.8655],[128.7368,35.8507],[128.7173,35.8623],[128.704,35.8577],[128.6822,35.8605],[128.6761,35.8733],[128.6634,35.8728],[128.6602,35.8768],[128.6495,35.8784],[128.6298,35.8668],[128.6147,35.8682],[128.6068,35.8766],[128.6174,35.8893]]]}},{"type":"Feature","properties":{"sido":"대구광역시","sigungu":"북구","center":[35.93,128.581]},"geometry":{"type":"Polygon","coordinates":[[[128.5821,35.8851],[128.5551,35.8908],[128.551,35.8955],[128.5348,35.888],[128.5122,35.8931],[128.5041,35.8906],[128.5072,35.9066],[128.5297,35.9236],[128.534,35.9336],[128.5346,35.9584],[128.527,35.9753],[128.5288,35.9805],[128.5422,35.9749],[128.5529,35.9607],[128.5569,35.971],[128.5721,35.9777],[128.5904,35.9789],[128.6038,35.9885],[128.6191,35.9763],[128.6179,35.9708],[128.6262,35.9584],[128.6248,35.9366],[128.632,35.9265],[128.6329,35.9157],[128.6272,35.9041],[128.6319,35.8934],[128.6174,35.8893],[128.6069,35.8769],[128.6097,35.8746],[128.5802,35.8791],[128.5821,35.8851]]]}},{"type":"Feature","properties":{"sido":"대구광역시","sigungu":"서구","center":[35.8757,128.5489]},"geometry":{"type":"Polygon","coordinates":[[[128.5402,35.8563],[128.5208,35.8677],[128.5173,35.8838],[128.551,35.8955],[128.5551,35.8908],[128.5821,35.8851],[128.5742,35.8627],[128.5402,35.8563]]]}},{"type":"Feature","properties":{"sido":"대구광역시","sigungu":"수성구","center":[35.8319,128.6632]},"geometry":{"type":"Polygon","coordinates":[[[128.6159,35.8042],[128.5907,35.8098],[128.6011,35.8153],[128.608,35.8277],[128.6084,35.8597],[128.6147,35.8682],[128.6298,35.8668],[128.6509,35.8785],[128.6634,35.8728],[128.6761,35.8733],[128.6857,35.8594],[128.704,35.8577],[128.7166,35.8624],[128.724,35.8601],[128.7261,35.8571],[128.7215,35.8563],[128.7253,35.8535],[128.7251,35.8361],[128.7086,35.8259],[128.7177,35.8067],[128.7,35.7951],[128.693,35.7965],[128.6826,35.7899],[128.6358,35.8061],[128.6159,35.8042]]]}},{"type":"Feature","properties":{"sido":"대구광역시","sigungu":"중구","center":[35.8668,128.5948]},"geometry":{"type":"Polygon","coordinates":[[[128.5746,35.8601],[128.5738,35.8654],[128.5797,35.8703],[128.5756,35.8731],[128.5779,35.8795],[128.6103,35.8749],[128.6147,35.8682],[128.6085,35.8549],[128.5746,35.8601]]]}},{"type":"Feature","properties":{"sido":"대전광역시","sigungu":"대덕구","center":[36.4071,127.4397]},"geometry":{"type":"Polygon","coordinates":[[[127.4196,36.3483],[127.4207,36.3445],[127.4128,36.3437],[127.4029,36.3501],[127.4028,36.3573],[127.3948,36.3648],[127.395,36.3727],[127.4105,36.3803],[127.4186,36.415],[127.3924,36.4402],[127.3909,36.4471],[127.4026,36.4557],[127.4297,36.4572],[127.4541,36.4504],[127.464,36.4566],[127.4683,36.4719],[127.4841,36.4776],[127.4793,36.4578],[127.5013,36.4553],[127.5031,36.451],[127.4553,36.3991],[127.4513,36.3809],[127.4659,36.3605],[127.4651,36.3515],[127.4545,36.3545],[127.4452,36.3508],[127.4354,36.3607],[127.4196,36.3483]]]}},{"type":"Feature","properties":{"sido":"대전광역시","sigungu":"동구","center":[36.3188,127.4673]},"geometry":{"type":"Polygon","coordinates":[[[127.4128,36.3437],[127.4207,36.3445],[127.4196,36.3483],[127.4354,36.3607],[127.4452,36.3508],[127.4545,36.3545],[127.4651,36.3515],[127.4659,36.3605],[127.4513,36.3809],[127.4542,36.3959],[127.484,36.4335],[127.4892,36.4327],[127.5026,36.4082],[127.51,36.4031],[127.5157,36.4223],[127.5444,36.4198],[127.5446,36.4111],[127.5573,36.3972],[127.5392,36.3972],[127.5257,36.3873],[127.5269,36.3693],[127.5213,36.3532],[127.5098,36.3504],[127.5093,36.3431],[127.5013,36.3387],[127.5036,36.3258],[127.4948,36.3117],[127.4995,36.3053],[127.489,36.3008],[127.4983,36.2829],[127.4886,36.2732],[127.4863,36.2614],[127.4928,36.2381],[127.4675,36.2233],[127.4692,36.2155],[127.4601,36.2129],[127.4533,36.2068],[127.4557,36.2009],[127.4428,36.1941],[127.4224,36.2083],[127.4261,36.2114],[127.4246,36.2289],[127.4341,36.2279],[127.4429,36.2387],[127.4367,36.2529],[127.4271,36.2546],[127.4391,36.2699],[127.4306,36.2901],[127.4432,36.2964],[127.4578,36.294],[127.4128,36.3437]]]}},{"type":"Feature","properties":{"sido":"대전광역시","sigungu":"서구","center":[36.2805,127.3417]},"geometry":{"type":"Polygon","coordinates":[[[127.3646,36.245],[127.3601,36.2268],[127.3647,36.22],[127.3497,36.2083],[127.3475,36.1978],[127.3339,36.1833],[127.3301,36.1944],[127.3335,36.2005],[127.3232,36.2034],[127.3215,36.2137],[127.3047,36.2288],[127.3029,36.2216],[127.2938,36.2231],[127.2781,36.2441],[127.28,36.2523],[127.2834,36.2592],[127.3073,36.2726],[127.3248,36.2998],[127.3328,36.3016],[127.3398,36.3178],[127.336,36.3302],[127.3536,36.3321],[127.3495,36.3519],[127.3747,36.3705],[127.395,36.3727],[127.3948,36.3648],[127.4032,36.3563],[127.402,36.3382],[127.3859,36.3206],[127.3812,36.2959],[127.3704,36.2884],[127.3718,36.2707],[127.3633,36.2696],[127.3604,36.2641],[127.3646,36.245]]]}},{"type":"Feature","properties":{"sido":"대전광역시","sigungu":"유성구","center":[36.3894,127.3461]},"geometry":{"type":"Polygon","coordinates":[[[127.3392,36.3142],[127.3325,36.3079],[127.3328,36.3016],[127.3229,36.2981],[127.3073,36.2726],[127.2932,36.2644],[127.281,36.2654],[127.2495,36.2834],[127.2476,36.2916],[127.2594,36.2969],[127.2598,36.3272],[127.266,36.3284],[127.2672,36.3387],[127.2779,36.3486],[127.2708,36.361],[127.281,36.3748],[127.2786,36.397],[127.2823,36.4145],[127.304,36.4251],[127.3171,36.42],[127.3267,36.4219],[127.3407,36.431],[127.3447,36.4445],[127.3587,36.456],[127.356,36.464],[127.3644,36.4717],[127.3603,36.4902],[127.3713,36.4903],[127.3847,36.5001],[127.4042,36.4833],[127.4025,36.4528],[127.3907,36.4466],[127.3924,36.4402],[127.4185,36.4166],[127.4111,36.3817],[127.4053,36.3762],[127.3804,36.3729],[127.3636,36.364],[127.3495,36.3519],[127.3536,36.3321],[127.3382,36.3309],[127.3392,36.3142]]]}},{"type":"Feature","properties":{"sido":"대전광역시","sigungu":"중구","center":[36.2771,127.4035]},"geometry":{"type":"Polygon","coordinates":[[[127.4391,36.2699],[127.4271,36.2546],[127.4367,36.2529],[127.4429,36.2387],[127.4341,36.2279],[127.4246,36.2289],[127.4261,36.2114],[127.4195,36.2072],[127.4083,36.2131],[127.4109,36.2175],[127.4006,36.2318],[127.3879,36.2345],[127.3897,36.2642],[127.3724,36.2722],[127.3693,36.2819],[127.3734,36.2932],[127.3829,36.2991],[127.3858,36.3203],[127.402,36.3382],[127.4029,36.3501],[127.4293,36.3298],[127.4578,36.294],[127.4432,36.2964],[127.4306,36.2901],[127.4391,36.2699]]]}},{"type":"Feature","properties":{"sido":"부산광역시","sigungu":"강서구","center":[35.112,128.8703]},"geometry":{"type":"Polygon","coordinates":[[[128.8338,35.0661],[128.8374,35.0751],[128.8588,35.0642],[128.8458,35.0596],[128.8512,35.0416],[128.8357,35.0164],[128.8411,34.9971],[128.8273,34.988],[128.8296,34.9945],[128.8213,34.9942],[128.8217,35.0008],[128.8181,35.0014],[128.8236,35.0057],[128.8193,35.009],[128.826,35.0138],[128.8058,35.0206],[128.8042,35.0239],[128.8133,35.0242],[128.815,35.029],[128.8083,35.0314],[128.812,35.0402],[128.7975,35.0487],[128.796,35.0589],[128.8056,35.0598],[128.8032,35.0656],[128.8308,35.0729],[128.8307,35.0804],[128.8095,35.0828],[128.8284,35.0895],[128.8325,35.0863],[128.8228,35.0988],[128.8367,35.102],[128.8429,35.113],[128.8376,35.116],[128.8336,35.1292],[128.8154,35.1326],[128.8023,35.1432],[128.794,35.1579],[128.8159,35.1604],[128.828,35.1558],[128.8434,35.158],[128.8467,35.1653],[128.8637,35.1674],[128.8655,35.1579],[128.8748,35.1517],[128.8745,35.1598],[128.8793,35.162],[128.8724,35.1723],[128.8802,35.172],[128.8816,35.1829],[128.8704,35.2017],[128.8841,35.2137],[128.9102,35.215],[128.905,35.2201],[128.9095,35.2231],[128.9235,35.2161],[128.9448,35.2279],[128.9595,35.2251],[128.9976,35.2344],[128.9918,35.201],[128.962,35.182],[128.9614,35.1394],[128.9569,35.1273],[128.9329,35.1103],[128.9254,35.0934],[128.9122,35.0894],[128.9122,35.0795],[128.8953,35.0791],[128.9006,35.1111],[128.9055,35.1181],[128.9006,35.1193],[128.882,35.0601],[128.8588,35.0698],[128.8745,35.0697],[128.872,35.0805],[128.8348,35.0802],[128.8338,35.0661]]]}},{"type":"Feature","properties":{"sido":"부산광역시","sigungu":"금정구","center":[35.2574,129.0912]},"geometry":{"type":"Polygon","coordinates":[[[129.0775,35.2264],[129.0461,35.2313],[129.0511,35.241],[129.0455,35.247],[129.0486,35.2551],[129.0361,35.2597],[129.06,35.2955],[129.0732,35.2899],[129.0889,35.3031],[129.1062,35.3062],[129.1297,35.298],[129.1194,35.2621],[129.1409,35.2602],[129.1392,35.2542],[129.1443,35.2499],[129.1272,35.2277],[129.1181,35.2239],[129.1189,35.2136],[129.1064,35.2096],[129.0775,35.2264]]]}},{"type":"Feature","properties":{"sido":"부산광역시","sigungu":"기장군","center":[35.2845,129.1927]},"geometry":{"type":"Polygon","coordinates":[[[129.2389,35.2205],[129.2285,35.2207],[129.2332,35.2145],[129.2318,35.2015],[129.2218,35.1842],[129.2147,35.1866],[129.2128,35.1809],[129.2079,35.1819],[129.2067,35.1971],[129.1995,35.2007],[129.1838,35.1897],[129.1826,35.198],[129.1603,35.2063],[129.1693,35.2277],[129.1551,35.237],[129.155,35.2451],[129.1392,35.2542],[129.1409,35.2602],[129.1201,35.2603],[129.1299,35.2976],[129.1089,35.3051],[129.1133,35.3195],[129.126,35.3322],[129.1274,35.3457],[129.1346,35.3514],[129.1296,35.3592],[129.1313,35.3656],[129.1499,35.3638],[129.1779,35.3514],[129.1936,35.361],[129.1994,35.3756],[129.1937,35.382],[129.2005,35.3887],[129.2177,35.3787],[129.2356,35.3803],[129.2416,35.3857],[129.2653,35.3865],[129.2832,35.3652],[129.2806,35.3561],[129.2846,35.3508],[129.2799,35.3415],[129.3045,35.3295],[129.299,35.3183],[129.2887,35.3186],[129.2819,35.3266],[129.2653,35.3191],[129.2586,35.306],[129.2641,35.2988],[129.2575,35.2876],[129.2605,35.2814],[129.2529,35.2712],[129.2447,35.2716],[129.2431,35.2636],[129.2341,35.2624],[129.2395,35.2575],[129.252,35.2602],[129.2534,35.2467],[129.2389,35.2205]]]}},{"type":"Feature","properties":{"sido":"부산광역시","sigungu":"남구","center":[35.1317,129.0896]},"geometry":{"type":"Polygon","coordinates":[[[129.0672,35.1077],[129.0738,35.1167],[129.0695,35.1183],[129.073,35.1222],[129.0653,35.1229],[129.0631,35.1482],[129.0948,35.1617],[129.1033,35.1416],[129.1166,35.1301],[129.1211,35.1333],[129.1279,35.1102],[129.1235,35.0989],[129.1129,35.103],[129.0946,35.0991],[129.0918,35.1078],[129.0876,35.1036],[129.0672,35.1077]]]}},{"type":"Feature","properties":{"sido":"부산광역시","sigungu":"동구","center":[35.1307,129.0446]},"geometry":{"type":"Polygon","coordinates":[[[129.0251,35.1179],[129.0241,35.134],[129.0347,35.1373],[129.0412,35.1461],[129.0645,35.1414],[129.0649,35.1273],[129.056,35.118],[129.0525,35.1207],[129.0553,35.1253],[129.05,35.1235],[129.0528,35.1159],[129.0467,35.1166],[129.0498,35.113],[129.0451,35.1157],[129.0427,35.1107],[129.0251,35.1179]]]}},{"type":"Feature","properties":{"sido":"부산광역시","sigungu":"동래구","center":[35.2057,129.08]},"geometry":{"type":"Polygon","coordinates":[[[129.0477,35.1942],[129.0435,35.2012],[129.0622,35.2268],[129.0819,35.2245],[129.0873,35.2217],[129.0866,35.2171],[129.11,35.2101],[129.1164,35.2011],[129.1152,35.1832],[129.1105,35.1896],[129.0803,35.1993],[129.0627,35.1919],[129.0477,35.1942]]]}},{"type":"Feature","properties":{"sido":"부산광역시","sigungu":"부산진구","center":[35.166,129.0459]},"geometry":{"type":"Polygon","coordinates":[[[129.0113,35.1382],[129.0161,35.1422],[129.0167,35.1528],[129.0106,35.1602],[129.0102,35.1736],[129.0225,35.1791],[129.0211,35.1878],[129.0255,35.1934],[129.0439,35.1984],[129.052,35.1848],[129.0612,35.1839],[129.0634,35.1773],[129.0703,35.1758],[129.0719,35.1796],[129.0819,35.1717],[129.0799,35.1527],[129.0633,35.1487],[129.0645,35.1414],[129.0416,35.1462],[129.0347,35.1373],[129.0113,35.1382]]]}},{"type":"Feature","properties":{"sido":"부산광역시","sigungu":"북구","center":[35.2333,129.0223]},"geometry":{"type":"Polygon","coordinates":[[[129.0205,35.1876],[128.9879,35.1959],[128.9958,35.2079],[128.9977,35.2352],[129.0126,35.2733],[129.0506,35.2801],[129.0361,35.2597],[129.0486,35.2551],[129.0455,35.247],[129.0511,35.241],[129.0461,35.2313],[129.0597,35.23],[129.0602,35.2262],[129.0439,35.1984],[129.0205,35.1876]]]}},{"type":"Feature","properties":{"sido":"부산광역시","sigungu":"사상구","center":[35.1579,128.9874]},"geometry":{"type":"Polygon","coordinates":[[[128.9763,35.1168],[128.9599,35.1203],[128.9569,35.1273],[128.9614,35.1394],[128.962,35.182],[128.9882,35.1972],[129.0211,35.1878],[129.0238,35.183],[129.0102,35.1736],[129.0161,35.1422],[129.0045,35.1395],[128.998,35.1225],[128.9874,35.1239],[128.9763,35.1168]]]}},{"type":"Feature","properties":{"sido":"부산광역시","sigungu":"사하구","center":[35.0794,128.9658]},"geometry":{"type":"MultiPolygon","coordinates":[[[[128.9714,35.0345],[128.9736,35.034],[128.9727,35.0297],[128.9686,35.0306],[128.9714,35.0345]]],[[[128.9721,35.0453],[128.9721,35.0461],[128.9766,35.0442],[128.9721,35.0453]]],[[[128.9724,35.0544],[128.9827,35.0519],[128.9821,35.0478],[128.9696,35.0475],[128.9726,35.0404],[128.9657,35.0326],[128.9645,35.0462],[128.9559,35.0524],[128.9509,35.078],[128.9385,35.0781],[128.9254,35.0934],[128.9329,35.1103],[128.9569,35.1273],[128.9599,35.1203],[128.9763,35.1168],[128.9877,35.1249],[128.998,35.1225],[129.0105,35.1056],[129.0067,35.0991],[129.0143,35.0932],[129.0113,35.0769],[129.0044,35.0784],[129.0051,35.0844],[128.9992,35.0833],[129.0015,35.0804],[128.9931,35.0839],[129.0013,35.0482],[128.9903,35.0491],[128.9846,35.0597],[128.9724,35.0544]]]]}},{"type":"Feature","properties":{"sido":"부산광역시","sigungu":"서구","center":[35.0936,129.0191]},"geometry":{"type":"MultiPolygon","coordinates":[[[[129.0137,35.0479],[129.0144,35.0504],[129.0161,35.0474],[129.0137,35.0479]]],[[[129.016,35.0746],[129.0217,35.0608],[129.0153,35.0526],[129.0085,35.0505],[129.0084,35.0628],[129.012,35.0649],[129.0044,35.0784],[129.0113,35.0769],[129.0144,35.0915],[129.0067,35.0991],[129.0105,35.1056],[128.998,35.1225],[129.0045,35.1395],[129.0208,35.1368],[129.0257,35.1308],[129.0285,35.113],[129.0212,35.1033],[129.0262,35.0957],[129.0228,35.0751],[129.016,35.0746]]]]}},{"type":"Feature","properties":{"sido":"부산광역시","sigungu":"수영구","center":[35.161,129.1133]},"geometry":{"type":"Polygon","coordinates":[[[129.112,35.1364],[129.12,35.1377],[129.1307,35.1477],[129.1197,35.1369],[129.1113,35.1357],[129.1023,35.1428],[129.0923,35.1662],[129.0974,35.1795],[129.1111,35.1759],[129.1155,35.1878],[129.1353,35.1557],[129.1181,35.1525],[129.1177,35.1398],[129.112,35.1364]]]}},{"type":"Feature","properties":{"sido":"부산광역시","sigungu":"연제구","center":[35.1796,129.0926]},"geometry":{"type":"Polygon","coordinates":[[[129.0819,35.1717],[129.0719,35.1796],[129.0703,35.1758],[129.063,35.1775],[129.0612,35.1839],[129.051,35.1858],[129.0477,35.1942],[129.0599,35.1913],[129.0803,35.1993],[129.1105,35.1896],[129.1152,35.1832],[129.1111,35.1759],[129.0974,35.1795],[129.0944,35.1611],[129.0809,35.1597],[129.0819,35.1717]]]}},{"type":"Feature","properties":{"sido":"부산광역시","sigungu":"영도구","center":[35.0769,129.0661]},"geometry":{"type":"Polygon","coordinates":[[[129.0347,35.0851],[129.0315,35.0939],[129.0371,35.0919],[129.0579,35.1012],[129.071,35.0939],[129.0843,35.0742],[129.0833,35.0795],[129.0943,35.0807],[129.0909,35.0742],[129.08,35.071],[129.0965,35.0596],[129.0861,35.0493],[129.0773,35.0604],[129.0708,35.0585],[129.0651,35.0684],[129.0347,35.0851]]]}},{"type":"Feature","properties":{"sido":"부산광역시","sigungu":"중구","center":[35.1083,129.0346]},"geometry":{"type":"Polygon","coordinates":[[[129.0262,35.0957],[129.0216,35.1019],[129.0284,35.1127],[129.0261,35.1168],[129.0427,35.1107],[129.0446,35.1058],[129.0398,35.1058],[129.0437,35.1034],[129.0382,35.1043],[129.0395,35.0952],[129.0262,35.0957]]]}},{"type":"Feature","properties":{"sido":"부산광역시","sigungu":"해운대구","center":[35.1993,129.1475]},"geometry":{"type":"Polygon","coordinates":[[[129.1341,35.1622],[129.1374,35.1557],[129.1365,35.1538],[129.1303,35.148],[129.1367,35.1567],[129.1193,35.1768],[129.1142,35.1931],[129.1164,35.2011],[129.1099,35.2097],[129.1189,35.2136],[129.1181,35.2239],[129.1413,35.2419],[129.1443,35.2507],[129.155,35.2451],[129.1551,35.237],[129.1693,35.2277],[129.1603,35.2063],[129.1826,35.198],[129.1838,35.1897],[129.189,35.19],[129.1969,35.2003],[129.2043,35.1983],[129.2079,35.1819],[129.198,35.1772],[129.1941,35.1611],[129.1822,35.1551],[129.1686,35.1594],[129.1557,35.157],[129.1527,35.1518],[129.1528,35.1574],[129.1475,35.1542],[129.1341,35.1622]]]}},{"type":"Feature","properties":{"sido":"서울특별시","sigungu":"강남구","center":[37.4981,127.0575]},"geometry":{"type":"Polygon","coordinates":[[[127.0496,37.4705],[127.0413,37.4856],[127.0338,37.4851],[127.0119,37.5278],[127.0216,37.5355],[127.0403,37.5359],[127.067,37.5251],[127.07,37.5048],[127.1057,37.4914],[127.1224,37.4659],[127.1167,37.4586],[127.1063,37.4625],[127.0982,37.4588],[127.0839,37.4754],[127.0567,37.4684],[127.0496,37.4705]]]}},{"type":"Feature","properties":{"sido":"서울특별시","sigungu":"강동구","center":[37.5531,127.1471]},"geometry":{"type":"Polygon","coordinates":[[[127.1192,37.5281],[127.1232,37.5385],[127.1096,37.5435],[127.1135,37.5603],[127.1338,37.5684],[127.1492,37.5685],[127.1777,37.5808],[127.1836,37.5458],[127.1632,37.545],[127.1447,37.5194],[127.1192,37.5281]]]}},{"type":"Feature","properties":{"sido":"서울특별시","sigungu":"강북구","center":[37.642,127.0069]},"geometry":{"type":"Polygon","coordinates":[[[126.9846,37.6366],[126.9794,37.6558],[126.9942,37.6663],[126.9917,37.6795],[126.998,37.6838],[127.0083,37.6847],[127.0185,37.67],[127.0132,37.6504],[127.0246,37.6474],[127.05,37.6244],[127.0304,37.6091],[126.9846,37.6366]]]}},{"type":"Feature","properties":{"sido":"서울특별시","sigungu":"강서구","center":[37.5638,126.8221]},"geometry":{"type":"Polygon","coordinates":[[[126.8297,37.5477],[126.8254,37.5417],[126.8028,37.5431],[126.7944,37.5358],[126.7918,37.5437],[126.7717,37.5483],[126.7647,37.5554],[126.7779,37.5601],[126.7748,37.5675],[126.8008,37.588],[126.797,37.5985],[126.8009,37.6043],[126.8804,37.5562],[126.8807,37.5479],[126.8643,37.5514],[126.864,37.5298],[126.8405,37.5265],[126.8297,37.5477]]]}},{"type":"Feature","properties":{"sido":"서울특별시","sigungu":"관악구","center":[37.4618,126.9505]},"geometry":{"type":"Polygon","coordinates":[[[126.9225,37.4572],[126.9142,37.4581],[126.9082,37.4726],[126.9097,37.4809],[126.8995,37.4803],[126.9274,37.4949],[126.9395,37.4909],[126.9603,37.4939],[126.9644,37.4802],[126.9705,37.4754],[126.9817,37.4764],[126.9882,37.4655],[126.9886,37.4581],[126.9592,37.4392],[126.9386,37.436],[126.9225,37.4572]]]}},{"type":"Feature","properties":{"sido":"서울특별시","sigungu":"광진구","center":[37.5412,127.0848]},"geometry":{"type":"Polygon","coordinates":[[[127.0566,37.5291],[127.0786,37.5719],[127.104,37.5717],[127.1011,37.56],[127.1138,37.5589],[127.1139,37.5533],[127.099,37.528],[127.067,37.5251],[127.0566,37.5291]]]}},{"type":"Feature","properties":{"sido":"서울특별시","sigungu":"구로구","center":[37.4957,126.8541]},"geometry":{"type":"Polygon","coordinates":[[[126.8148,37.4747],[126.8235,37.4877],[126.813,37.4963],[126.8198,37.4992],[126.8222,37.5076],[126.8307,37.5076],[126.8384,37.5001],[126.8529,37.5106],[126.8713,37.5056],[126.8795,37.5168],[126.8951,37.5082],[126.8945,37.4943],[126.9032,37.485],[126.899,37.479],[126.8895,37.4795],[126.8747,37.4854],[126.8683,37.4951],[126.8465,37.4817],[126.8453,37.4738],[126.8148,37.4747]]]}},{"type":"Feature","properties":{"sido":"서울특별시","sigungu":"금천구","center":[37.4654,126.8979]},"geometry":{"type":"Polygon","coordinates":[[[126.9082,37.4337],[126.8994,37.4381],[126.874,37.4851],[126.8948,37.4785],[126.9097,37.4809],[126.9082,37.4726],[126.9142,37.4581],[126.9225,37.4572],[126.9287,37.4502],[126.9082,37.4337]]]}},{"type":"Feature","properties":{"sido":"서울특별시","sigungu":"노원구","center":[37.6554,127.0712]},"geometry":{"type":"Polygon","coordinates":[[[127.0415,37.6313],[127.0506,37.6451],[127.0544,37.6406],[127.0559,37.646],[127.0488,37.6691],[127.0508,37.687],[127.0811,37.6961],[127.0963,37.6859],[127.0918,37.6792],[127.0957,37.672],[127.0924,37.6581],[127.086,37.6559],[127.0928,37.6549],[127.0945,37.6458],[127.1112,37.6424],[127.112,37.6326],[127.1054,37.6271],[127.1057,37.6208],[127.097,37.617],[127.0857,37.6202],[127.0661,37.6143],[127.0415,37.6313]]]}},{"type":"Feature","properties":{"sido":"서울특별시","sigungu":"도봉구","center":[37.6604,127.0331]},"geometry":{"type":"Polygon","coordinates":[[[127.0127,37.6516],[127.0185,37.67],[127.0084,37.6813],[127.0081,37.6906],[127.0158,37.701],[127.028,37.7006],[127.0325,37.6917],[127.0494,37.6929],[127.0488,37.6691],[127.0549,37.6408],[127.0506,37.6451],[127.0415,37.6313],[127.0127,37.6516]]]}},{"type":"Feature","properties":{"sido":"서울특별시","sigungu":"동대문구","center":[37.5869,127.0531]},"geometry":{"type":"Polygon","coordinates":[[[127.0234,37.5717],[127.0232,37.578],[127.0408,37.5958],[127.0694,37.6093],[127.0778,37.5701],[127.0721,37.56],[127.0487,37.5699],[127.0234,37.5717]]]}},{"type":"Feature","properties":{"sido":"서울특별시","sigungu":"동작구","center":[37.4973,126.9509]},"geometry":{"type":"Polygon","coordinates":[[[126.9032,37.485],[126.9118,37.4959],[126.9202,37.4982],[126.926,37.5161],[126.9496,37.5178],[126.9801,37.5065],[126.9878,37.4986],[126.9829,37.4964],[126.9817,37.4764],[126.9688,37.4767],[126.9613,37.4835],[126.9602,37.4939],[126.9395,37.4909],[126.9274,37.4949],[126.9032,37.485]]]}},{"type":"Feature","properties":{"sido":"서울특별시","sigungu":"마포구","center":[37.5618,126.8999]},"geometry":{"type":"Polygon","coordinates":[[[126.8541,37.5739],[126.8771,37.5789],[126.8822,37.5909],[126.9048,37.5734],[126.9263,37.5649],[126.9271,37.5586],[126.9369,37.5551],[126.963,37.5582],[126.9637,37.5489],[126.9447,37.5338],[126.9303,37.5413],[126.905,37.5413],[126.8541,37.5739]]]}},{"type":"Feature","properties":{"sido":"서울특별시","sigungu":"서대문구","center":[37.5819,126.9341]},"geometry":{"type":"Polygon","coordinates":[[[126.927,37.5587],[126.9261,37.565],[126.9016,37.5755],[126.9131,37.587],[126.9208,37.5829],[126.9507,37.6083],[126.9607,37.5808],[126.9536,37.5789],[126.9696,37.562],[126.9468,37.5568],[126.927,37.5587]]]}},{"type":"Feature","properties":{"sido":"서울특별시","sigungu":"서초구","center":[37.481,127.0129]},"geometry":{"type":"Polygon","coordinates":[[[126.9876,37.4594],[126.9816,37.4772],[126.9829,37.4964],[126.9878,37.4986],[126.9801,37.5065],[127.0119,37.5278],[127.034,37.4848],[127.0413,37.4856],[127.0501,37.4701],[127.0852,37.4753],[127.0963,37.4614],[127.088,37.4451],[127.0719,37.4421],[127.0705,37.4301],[127.0657,37.429],[127.0509,37.4297],[127.0359,37.4392],[127.0384,37.4457],[127.0327,37.4653],[127.0162,37.4554],[127.0111,37.4554],[127.0034,37.4673],[126.9963,37.4667],[126.997,37.4625],[126.9876,37.4594]]]}},{"type":"Feature","properties":{"sido":"서울특별시","sigungu":"성동구","center":[37.5507,127.0422]},"geometry":{"type":"Polygon","coordinates":[[[127.0083,37.5419],[127.0265,37.5634],[127.0234,37.5717],[127.0422,37.573],[127.0587,37.5625],[127.0737,37.5594],[127.0566,37.5291],[127.0403,37.5359],[127.0216,37.5355],[127.0083,37.5419]]]}},{"type":"Feature","properties":{"sido":"서울특별시","sigungu":"성북구","center":[37.608,127.0272]},"geometry":{"type":"Polygon","coordinates":[[[127.0164,37.5818],[127.0088,37.5805],[127.0009,37.5924],[126.9891,37.5913],[126.982,37.5958],[126.9877,37.6012],[126.9871,37.6136],[126.9805,37.6291],[126.9751,37.6314],[126.9846,37.6366],[127.0079,37.6239],[127.0115,37.6164],[127.0304,37.6091],[127.05,37.6244],[127.062,37.6144],[127.0712,37.6164],[127.0717,37.6068],[127.0686,37.6093],[127.06,37.6021],[127.051,37.6016],[127.0232,37.578],[127.0164,37.5818]]]}},{"type":"Feature","properties":{"sido":"서울특별시","sigungu":"송파구","center":[37.5045,127.108]},"geometry":{"type":"Polygon","coordinates":[[[127.0712,37.5035],[127.067,37.5251],[127.0981,37.5276],[127.1096,37.5435],[127.1232,37.5385],[127.1192,37.5281],[127.1454,37.5165],[127.1411,37.5156],[127.1411,37.5055],[127.1614,37.5003],[127.1474,37.4772],[127.1326,37.4748],[127.1327,37.4682],[127.1223,37.4652],[127.1057,37.4914],[127.0712,37.5035]]]}},{"type":"Feature","properties":{"sido":"서울특별시","sigungu":"양천구","center":[37.5259,126.8551]},"geometry":{"type":"Polygon","coordinates":[[[126.8453,37.5079],[126.8384,37.5001],[126.824,37.5091],[126.8288,37.5265],[126.8216,37.5397],[126.8276,37.5477],[126.8405,37.5265],[126.864,37.5298],[126.8643,37.5514],[126.8852,37.5436],[126.8905,37.5315],[126.8805,37.5252],[126.8713,37.5056],[126.8453,37.5079]]]}},{"type":"Feature","properties":{"sido":"서울특별시","sigungu":"영등포구","center":[37.5215,126.9149]},"geometry":{"type":"Polygon","coordinates":[[[126.8945,37.4943],[126.8951,37.5082],[126.8795,37.5168],[126.8805,37.5252],[126.8905,37.5315],[126.8781,37.5515],[126.8804,37.5562],[126.905,37.5413],[126.9358,37.539],[126.9497,37.5268],[126.9496,37.5178],[126.926,37.5161],[126.9202,37.4982],[126.9118,37.4959],[126.9028,37.485],[126.8945,37.4943]]]}},{"type":"Feature","properties":{"sido":"서울특별시","sigungu":"용산구","center":[37.5258,126.9783]},"geometry":{"type":"Polygon","coordinates":[[[126.9496,37.5178],[126.9447,37.5338],[126.9685,37.5554],[126.9854,37.5537],[126.9953,37.5472],[127.0042,37.5504],[127.0093,37.5397],[127.0209,37.5351],[126.9857,37.5066],[126.9496,37.5178]]]}},{"type":"Feature","properties":{"sido":"서울특별시","sigungu":"은평구","center":[37.6187,126.9275]},"geometry":{"type":"Polygon","coordinates":[[[126.9016,37.5759],[126.8822,37.5909],[126.8866,37.5938],[126.8873,37.5886],[126.8998,37.5899],[126.901,37.6125],[126.9125,37.6417],[126.9053,37.6489],[126.9213,37.6456],[126.9473,37.6589],[126.9718,37.6323],[126.9522,37.6248],[126.9504,37.6079],[126.9281,37.5884],[126.9208,37.5829],[126.913,37.5866],[126.9016,37.5759]]]}},{"type":"Feature","properties":{"sido":"서울특별시","sigungu":"종로구","center":[37.5985,126.9703]},"geometry":{"type":"Polygon","coordinates":[[[126.9536,37.5789],[126.9607,37.5808],[126.9503,37.6184],[126.9522,37.6248],[126.9718,37.6323],[126.9805,37.6291],[126.9871,37.6136],[126.9877,37.6012],[126.982,37.5958],[126.9891,37.5913],[127.0009,37.5924],[127.0088,37.5805],[127.0232,37.578],[127.0234,37.5717],[126.9673,37.5665],[126.9536,37.5789]]]}},{"type":"Feature","properties":{"sido":"서울특별시","sigungu":"중구","center":[37.5567,126.9917]},"geometry":{"type":"Polygon","coordinates":[[[126.9953,37.5472],[126.9854,37.5537],[126.9685,37.5554],[126.9624,37.5515],[126.9615,37.5589],[126.9696,37.562],[126.969,37.5682],[127.0234,37.5717],[127.0268,37.5643],[127.0229,37.5579],[127.0086,37.544],[127.0039,37.5502],[126.9953,37.5472]]]}},{"type":"Feature","properties":{"sido":"서울특별시","sigungu":"중랑구","center":[37.5974,127.093]},"geometry":{"type":"Polygon","coordinates":[[[127.0786,37.5719],[127.0696,37.5949],[127.0714,37.6156],[127.0857,37.6202],[127.1157,37.6193],[127.1183,37.6063],[127.1138,37.5998],[127.1184,37.595],[127.1093,37.5847],[127.0998,37.5831],[127.1009,37.5736],[127.0786,37.5719]]]}},{"type":"Feature","properties":{"sido":"세종특별자치시","sigungu":"세종시","center":[36.5692,127.2701]},"geometry":{"type":"Polygon","coordinates":[[[127.1991,36.44],[127.2018,36.4463],[127.1984,36.4522],[127.2047,36.4593],[127.192,36.4747],[127.1947,36.4896],[127.1769,36.4925],[127.1732,36.4974],[127.1775,36.5024],[127.17,36.509],[127.1822,36.5215],[127.173,36.5335],[127.1742,36.5422],[127.1918,36.546],[127.1868,36.5529],[127.1938,36.5648],[127.2031,36.5675],[127.2079,36.5787],[127.2005,36.5828],[127.1928,36.5809],[127.1905,36.5941],[127.1843,36.5911],[127.1556,36.6061],[127.1557,36.6157],[127.15,36.6191],[127.1602,36.6246],[127.153,36.645],[127.1599,36.6573],[127.1548,36.6649],[127.1644,36.6783],[127.1614,36.6906],[127.1571,36.6955],[127.1565,36.6908],[127.1416,36.6898],[127.1362,36.7048],[127.1277,36.708],[127.1634,36.7336],[127.1738,36.7286],[127.2029,36.7262],[127.2051,36.7203],[127.2364,36.7072],[127.2458,36.6958],[127.2652,36.6921],[127.2736,36.6953],[127.3046,36.6849],[127.3075,36.678],[127.3016,36.6601],[127.287,36.6542],[127.2767,36.6385],[127.2808,36.6344],[127.2924,36.6358],[127.2913,36.6255],[127.3071,36.6015],[127.3011,36.5822],[127.3037,36.5857],[127.3224,36.5825],[127.3361,36.5705],[127.3379,36.5625],[127.3605,36.5623],[127.3771,36.5678],[127.3727,36.5597],[127.3835,36.542],[127.4015,36.5415],[127.4084,36.5272],[127.3975,36.521],[127.4088,36.5096],[127.4088,36.4953],[127.3957,36.4916],[127.3828,36.5004],[127.3713,36.4903],[127.3603,36.4902],[127.3645,36.4724],[127.356,36.464],[127.3587,36.456],[127.3447,36.4445],[127.3407,36.431],[127.3267,36.4219],[127.3171,36.42],[127.304,36.4251],[127.287,36.4153],[127.2624,36.4166],[127.2591,36.4091],[127.2508,36.4068],[127.2423,36.4186],[127.2269,36.4212],[127.2177,36.4337],[127.1991,36.44]]]}},{"type":"Feature","properties":{"sido":"울산광역시","sigungu":"남구","center":[35.5062,129.3383]},"geometry":{"type":"Polygon","coordinates":[[[129.3015,35.4945],[129.2883,35.5078],[129.2868,35.516],[129.2747,35.5236],[129.2743,35.5292],[129.2367,35.5362],[129.2563,35.5547],[129.2606,35.5521],[129.2651,35.5573],[129.2978,35.5447],[129.3056,35.5528],[129.353,35.5484],[129.3646,35.5432],[129.3778,35.5283],[129.3725,35.5235],[129.3755,35.5176],[129.3849,35.5159],[129.3874,35.502],[129.3628,35.5045],[129.3676,35.498],[129.3793,35.5],[129.3893,35.4877],[129.3845,35.4837],[129.3841,35.4741],[129.3628,35.4605],[129.3677,35.4585],[129.3649,35.4567],[129.3544,35.4597],[129.3365,35.4824],[129.3194,35.4848],[129.3194,35.4911],[129.3079,35.4974],[129.3015,35.4945]]]}},{"type":"Feature","properties":{"sido":"울산광역시","sigungu":"동구","center":[35.5201,129.4291]},"geometry":{"type":"Polygon","coordinates":[[[129.4436,35.5047],[129.4324,35.4993],[129.4329,35.4926],[129.4416,35.4958],[129.4465,35.4911],[129.4407,35.491],[129.4312,35.4781],[129.4253,35.4849],[129.4287,35.4796],[129.4196,35.4818],[129.4116,35.4716],[129.4061,35.4716],[129.404,35.4867],[129.408,35.4932],[129.3957,35.5012],[129.3967,35.5149],[129.3874,35.5273],[129.4084,35.516],[129.4104,35.5242],[129.4026,35.5315],[129.4076,35.5511],[129.4138,35.5561],[129.4121,35.5607],[129.4528,35.5727],[129.4584,35.5588],[129.4504,35.5247],[129.4455,35.511],[129.4335,35.5113],[129.4321,35.5054],[129.4436,35.5047]]]}},{"type":"Feature","properties":{"sido":"울산광역시","sigungu":"북구","center":[35.597,129.3978]},"geometry":{"type":"Polygon","coordinates":[[[129.4026,35.5307],[129.4104,35.5242],[129.4084,35.516],[129.3918,35.523],[129.3693,35.5436],[129.3527,35.5489],[129.3484,35.5953],[129.335,35.5936],[129.331,35.5991],[129.3238,35.5987],[129.3092,35.589],[129.2895,35.5954],[129.2994,35.6094],[129.2946,35.6185],[129.2983,35.6311],[129.2958,35.6443],[129.3028,35.6483],[129.3035,35.6569],[129.324,35.6592],[129.3586,35.6797],[129.3735,35.6698],[129.3999,35.6675],[129.4034,35.6629],[129.4126,35.664],[129.4327,35.6566],[129.4352,35.6522],[129.45,35.6509],[129.4418,35.6451],[129.4408,35.6324],[129.45,35.6148],[129.4569,35.6139],[129.4613,35.6073],[129.4651,35.5859],[129.4574,35.5847],[129.4528,35.5727],[129.445,35.5673],[129.4121,35.5607],[129.4138,35.5561],[129.4076,35.5511],[129.4026,35.5307]]]}},{"type":"Feature","properties":{"sido":"울산광역시","sigungu":"울주군","center":[35.5259,129.1644]},"geometry":{"type":"Polygon","coordinates":[[[129.1964,35.4394],[129.1656,35.4321],[129.1227,35.4653],[129.1086,35.4812],[129.1053,35.4965],[129.0908,35.4982],[129.052,35.5157],[129.0558,35.5321],[129.009,35.5238],[129.0096,35.528],[128.9945,35.529],[128.9976,35.5422],[128.9929,35.548],[128.9806,35.546],[128.9709,35.5606],[128.9954,35.5689],[129.0202,35.585],[129.0258,35.6019],[129.0211,35.6149],[129.0033,35.6201],[129.0098,35.6285],[129.0255,35.6363],[129.0371,35.6322],[129.0473,35.6501],[129.0741,35.6401],[129.0812,35.6434],[129.068,35.6587],[129.0676,35.6712],[129.0732,35.6777],[129.0695,35.6807],[129.0837,35.6991],[129.1017,35.7062],[129.1233,35.7075],[129.1267,35.7145],[129.1352,35.7119],[129.1385,35.7209],[129.1457,35.7247],[129.1606,35.7149],[129.1769,35.7155],[129.1815,35.7231],[129.1976,35.7158],[129.2072,35.7215],[129.2341,35.7036],[129.256,35.7008],[129.2627,35.6914],[129.2552,35.6603],[129.2602,35.6544],[129.2844,35.6515],[129.2971,35.6428],[129.2946,35.6185],[129.3001,35.6142],[129.2895,35.5962],[129.2907,35.5856],[129.2678,35.587],[129.2655,35.5809],[129.2571,35.5795],[129.2652,35.5574],[129.2606,35.5521],[129.2563,35.5547],[129.2367,35.5362],[129.2743,35.5292],[129.2747,35.5236],[129.2868,35.516],[129.2883,35.5078],[129.3015,35.4945],[129.3091,35.4973],[129.3194,35.4911],[129.3194,35.4848],[129.337,35.4816],[129.3474,35.4643],[129.35,35.4483],[129.3596,35.448],[129.3551,35.4385],[129.3646,35.4416],[129.3693,35.4488],[129.3734,35.4472],[129.3658,35.4357],[129.3695,35.4315],[129.3649,35.4296],[129.3639,35.4145],[129.3558,35.4141],[129.363,35.4109],[129.3629,35.4062],[129.3523,35.4028],[129.3574,35.395],[129.3465,35.3894],[129.353,35.3859],[129.3474,35.384],[129.3456,35.3764],[129.356,35.3739],[129.3633,35.3612],[129.3472,35.3525],[129.3358,35.3559],[129.3322,35.3476],[129.3227,35.346],[129.3136,35.3305],[129.3045,35.3295],[129.2799,35.3415],[129.2846,35.3508],[129.2806,35.3561],[129.2832,35.3652],[129.2653,35.3865],[129.2416,35.3857],[129.2356,35.3803],[129.2177,35.3787],[129.2034,35.3852],[129.22,35.4088],[129.2112,35.4192],[129.202,35.4216],[129.2023,35.4311],[129.1964,35.4394]]]}},{"type":"Feature","properties":{"sido":"울산광역시","sigungu":"중구","center":[35.571,129.3057]},"geometry":{"type":"Polygon","coordinates":[[[129.3056,35.5528],[129.2978,35.5447],[129.2697,35.5538],[129.2611,35.5625],[129.2571,35.5795],[129.2655,35.5809],[129.2702,35.5874],[129.2887,35.5842],[129.2901,35.5948],[129.3092,35.589],[129.3238,35.5987],[129.331,35.5991],[129.335,35.5936],[129.3484,35.5953],[129.3538,35.5617],[129.3499,35.5558],[129.354,35.548],[129.3056,35.5528]]]}},{"type":"Feature","properties":{"sido":"인천광역시","sigungu":"강화군","center":[37.7093,126.436]},"geometry":{"type":"MultiPolygon","coordinates":[[[[126.2701,37.6214],[126.2717,37.6209],[126.2713,37.6191],[126.2701,37.6214]]],[[[126.2164,37.6323],[126.2181,37.6319],[126.2167,37.6285],[126.2131,37.6289],[126.2164,37.6323]]],[[[126.2572,37.6527],[126.2514,37.6376],[126.2634,37.6271],[126.261,37.6226],[126.2598,37.6273],[126.2338,37.6379],[126.2217,37.6518],[126.2319,37.6564],[126.2572,37.6527]]],[[[126.2659,37.6483],[126.2698,37.6565],[126.2768,37.6489],[126.2751,37.6327],[126.2659,37.6483]]],[[[126.2423,37.6633],[126.2228,37.6578],[126.2213,37.665],[126.2423,37.6633]]],[[[126.2112,37.667],[126.2051,37.6592],[126.2081,37.6546],[126.1885,37.6575],[126.1909,37.6623],[126.1813,37.6687],[126.1673,37.6662],[126.1535,37.6774],[126.1668,37.6799],[126.1722,37.6767],[126.1948,37.6891],[126.1968,37.6804],[126.2112,37.667]]],[[[126.1337,37.6889],[126.143,37.6867],[126.1448,37.6818],[126.1266,37.6816],[126.1214,37.6872],[126.126,37.6934],[126.1335,37.6925],[126.1337,37.6889]]],[[[126.2021,37.69],[126.2008,37.6878],[126.2,37.69],[126.2021,37.69]]],[[[126.2571,37.7155],[126.2589,37.7123],[126.2568,37.7122],[126.2571,37.7155]]],[[[126.2114,37.7224],[126.2112,37.7183],[126.2084,37.7183],[126.2114,37.7224]]],[[[126.2488,37.7181],[126.2319,37.7159],[126.217,37.7206],[126.2322,37.7339],[126.2488,37.7181]]],[[[126.2568,37.7255],[126.257,37.7322],[126.2655,37.7383],[126.2698,37.7257],[126.2568,37.7255]]],[[[126.2942,37.8021],[126.3168,37.8033],[126.3247,37.8091],[126.3346,37.7992],[126.318,37.7759],[126.291,37.7626],[126.2728,37.7697],[126.2477,37.7654],[126.2321,37.7511],[126.2028,37.7693],[126.216,37.7784],[126.2232,37.8054],[126.2378,37.8171],[126.2568,37.8146],[126.2644,37.8184],[126.2942,37.8021]]],[[[126.4466,37.5945],[126.4037,37.5941],[126.3855,37.6076],[126.37,37.6118],[126.3684,37.6149],[126.3772,37.6157],[126.3772,37.6193],[126.3735,37.6311],[126.3642,37.6359],[126.3953,37.6419],[126.405,37.6508],[126.387,37.6557],[126.3957,37.6646],[126.3868,37.6903],[126.3524,37.7058],[126.3432,37.7206],[126.3415,37.7484],[126.3535,37.7436],[126.3548,37.7564],[126.3489,37.792],[126.3939,37.8255],[126.4137,37.8247],[126.4269,37.8334],[126.4366,37.8312],[126.4739,37.7989],[126.5098,37.7803],[126.5146,37.77],[126.5124,37.7635],[126.5269,37.7478],[126.5185,37.7216],[126.5185,37.7127],[126.5273,37.7031],[126.523,37.6765],[126.5358,37.665],[126.5289,37.6539],[126.5305,37.6386],[126.5428,37.6226],[126.5474,37.6048],[126.5185,37.5934],[126.5277,37.5866],[126.5163,37.5795],[126.5005,37.5902],[126.4803,37.5836],[126.4733,37.5975],[126.4617,37.5888],[126.4466,37.5945]]],[[[126.3003,37.6764],[126.3015,37.676],[126.3007,37.6738],[126.3003,37.6764]]],[[[126.332,37.7144],[126.3317,37.709],[126.3464,37.6992],[126.3719,37.6952],[126.3796,37.6822],[126.3766,37.6679],[126.3428,37.6436],[126.325,37.6414],[126.3269,37.6666],[126.3173,37.6817],[126.2851,37.6962],[126.2678,37.7104],[126.2838,37.7148],[126.2874,37.743],[126.3239,37.7543],[126.3307,37.7484],[126.3207,37.7183],[126.332,37.7144]]],[[[126.2821,37.7444],[126.2787,37.7458],[126.2821,37.7496],[126.286,37.749],[126.2821,37.7444]]]]}},{"type":"Feature","properties":{"sido":"인천광역시","sigungu":"계양구","center":[37.5593,126.738]},"geometry":{"type":"Polygon","coordinates":[[[126.6892,37.5236],[126.6829,37.5311],[126.6927,37.5412],[126.7063,37.5419],[126.7121,37.5526],[126.6997,37.5586],[126.7034,37.5643],[126.6991,37.5734],[126.6823,37.5773],[126.682,37.5837],[126.7133,37.5777],[126.7251,37.592],[126.739,37.5937],[126.7436,37.5933],[126.7518,37.5796],[126.7673,37.588],[126.7937,37.5816],[126.7748,37.5675],[126.7779,37.5601],[126.7647,37.5554],[126.7603,37.5241],[126.6892,37.5236]]]}},{"type":"Feature","properties":{"sido":"인천광역시","sigungu":"남동구","center":[37.4359,126.7372]},"geometry":{"type":"Polygon","coordinates":[[[126.7209,37.3811],[126.6678,37.3923],[126.7053,37.427],[126.7029,37.4428],[126.6929,37.4482],[126.6972,37.4613],[126.6868,37.4662],[126.6861,37.472],[126.708,37.4693],[126.7109,37.4796],[126.7229,37.4703],[126.7385,37.4709],[126.746,37.4648],[126.7782,37.4718],[126.7798,37.4543],[126.7707,37.4485],[126.7704,37.429],[126.7537,37.4225],[126.7506,37.4076],[126.7209,37.3811]]]}},{"type":"Feature","properties":{"sido":"인천광역시","sigungu":"동구","center":[37.4821,126.6373]},"geometry":{"type":"Polygon","coordinates":[[[126.6204,37.4807],[126.6189,37.4855],[126.6116,37.4835],[126.6098,37.4874],[126.6263,37.4925],[126.6321,37.4877],[126.6274,37.4932],[126.6408,37.4959],[126.671,37.4778],[126.655,37.4841],[126.6524,37.4705],[126.6445,37.4696],[126.6204,37.4807]]]}},{"type":"Feature","properties":{"sido":"인천광역시","sigungu":"미추홀구","center":[37.4569,126.6644]},"geometry":{"type":"Polygon","coordinates":[[[126.6605,37.4355],[126.6347,37.431],[126.6293,37.4525],[126.6428,37.4685],[126.6524,37.4705],[126.655,37.4841],[126.684,37.4733],[126.6868,37.4662],[126.6972,37.4613],[126.6929,37.4482],[126.7029,37.4428],[126.7024,37.4389],[126.6949,37.4388],[126.6967,37.4334],[126.6751,37.4303],[126.6605,37.4355]]]}},{"type":"Feature","properties":{"sido":"인천광역시","sigungu":"부평구","center":[37.4954,126.7171]},"geometry":{"type":"Polygon","coordinates":[[[126.684,37.4733],[126.6926,37.4853],[126.7015,37.4866],[126.6895,37.4982],[126.6922,37.5019],[126.6833,37.5147],[126.6861,37.5217],[126.7603,37.5241],[126.7603,37.5159],[126.7458,37.5148],[126.7416,37.5089],[126.7419,37.4925],[126.7426,37.4866],[126.7545,37.4837],[126.7664,37.4699],[126.746,37.4648],[126.7385,37.4709],[126.7229,37.4703],[126.7109,37.4796],[126.7066,37.4694],[126.684,37.4733]]]}},{"type":"Feature","properties":{"sido":"인천광역시","sigungu":"서구","center":[37.5565,126.6482]},"geometry":{"type":"Polygon","coordinates":[[[126.6408,37.4959],[126.6411,37.505],[126.6297,37.5024],[126.6268,37.4972],[126.6044,37.4968],[126.6027,37.527],[126.611,37.5278],[126.6027,37.5278],[126.5991,37.5392],[126.6051,37.5393],[126.6066,37.5537],[126.5937,37.5543],[126.5726,37.5878],[126.5927,37.593],[126.6125,37.6054],[126.6234,37.6028],[126.637,37.626],[126.6476,37.6287],[126.6525,37.6396],[126.6801,37.6296],[126.7053,37.6115],[126.7045,37.6026],[126.712,37.6048],[126.7251,37.592],[126.7133,37.5777],[126.6818,37.5834],[126.6823,37.5773],[126.6991,37.5734],[126.7034,37.5643],[126.6997,37.5586],[126.7121,37.5526],[126.7063,37.5419],[126.6927,37.5412],[126.6914,37.536],[126.6826,37.533],[126.6892,37.5236],[126.6832,37.517],[126.6922,37.5019],[126.6895,37.4982],[126.7014,37.4851],[126.6926,37.4853],[126.684,37.4733],[126.6705,37.4768],[126.6408,37.4959]]]}},{"type":"Feature","properties":{"sido":"인천광역시","sigungu":"연수구","center":[37.3898,126.6445]},"geometry":{"type":"Polygon","coordinates":[[[126.7177,37.3811],[126.6611,37.3432],[126.5846,37.3474],[126.5845,37.3547],[126.6119,37.3553],[126.6247,37.3741],[126.6099,37.3872],[126.6097,37.4161],[126.5903,37.4191],[126.5898,37.4331],[126.6079,37.4271],[126.6542,37.4354],[126.6856,37.4302],[126.6967,37.4334],[126.6949,37.4388],[126.7046,37.4388],[126.7043,37.4251],[126.6678,37.3923],[126.7177,37.3811]]]}},{"type":"Feature","properties":{"sido":"인천광역시","sigungu":"옹진군","center":[37.9493,124.6702]},"geometry":{"type":"MultiPolygon","coordinates":[[[[125.9942,37.0371],[125.995,37.027],[126.0147,37.0247],[125.9989,37.0182],[125.9841,37.0233],[125.9802,37.0395],[125.9942,37.0371]]],[[[126.0128,37.0604],[126.0148,37.0598],[126.0139,37.0591],[126.0128,37.0604]]],[[[126.0112,37.0679],[126.0085,37.0675],[126.0079,37.0683],[126.0112,37.0679]]],[[[125.9646,37.0809],[125.9531,37.0853],[125.9559,37.0738],[125.9529,37.0708],[125.9423,37.0775],[125.9499,37.089],[125.9671,37.0866],[125.9646,37.0809]]],[[[126.0086,37.0812],[126.0091,37.0796],[126.0066,37.08],[126.0086,37.0812]]],[[[125.9145,37.1025],[125.9141,37.1002],[125.9131,37.1014],[125.9145,37.1025]]],[[[125.911,37.1156],[125.9143,37.1185],[125.9158,37.11],[125.9108,37.1105],[125.911,37.1156]]],[[[125.9081,37.1167],[125.9075,37.1165],[125.9077,37.1214],[125.9081,37.1167]]],[[[125.9172,37.1186],[125.9164,37.1171],[125.9145,37.1208],[125.9146,37.1245],[125.9172,37.1186]]],[[[125.9044,37.1351],[125.9036,37.1314],[125.8985,37.1383],[125.9032,37.14],[125.9044,37.1351]]],[[[125.8947,37.1385],[125.8956,37.1378],[125.8934,37.1356],[125.8947,37.1385]]],[[[125.8701,37.1685],[125.868,37.1747],[125.8803,37.1781],[125.8831,37.1726],[125.8701,37.1685]]],[[[125.9763,37.1887],[125.9604,37.1828],[125.9727,37.1897],[125.9727,37.1951],[125.9861,37.1876],[125.9763,37.1887]]],[[[125.7209,37.6144],[125.7188,37.6038],[125.7058,37.6119],[125.7209,37.6144]]],[[[125.6803,37.6396],[125.6834,37.6393],[125.6794,37.6319],[125.6803,37.6396]]],[[[125.7184,37.646],[125.7196,37.6446],[125.7161,37.645],[125.7184,37.646]]],[[[125.7019,37.6588],[125.7128,37.6545],[125.7138,37.6495],[125.7004,37.6586],[125.6927,37.6518],[125.6838,37.6528],[125.6845,37.6694],[125.6761,37.676],[125.6792,37.6808],[125.6921,37.6774],[125.7146,37.6824],[125.7169,37.6739],[125.7019,37.6588]]],[[[125.6919,37.7096],[125.6957,37.706],[125.6948,37.7055],[125.6919,37.7096]]],[[[125.6504,37.7166],[125.6573,37.7166],[125.6558,37.7153],[125.6504,37.7166]]],[[[125.6521,37.7391],[125.6528,37.7382],[125.6499,37.735],[125.6467,37.7377],[125.6521,37.7391]]],[[[125.6479,37.7471],[125.6481,37.7466],[125.6463,37.7461],[125.6479,37.7471]]],[[[125.6447,37.7496],[125.643,37.7489],[125.6434,37.7502],[125.6447,37.7496]]],[[[124.7655,37.7656],[124.7527,37.7698],[124.7302,37.7584],[124.727,37.7613],[124.7417,37.7731],[124.7406,37.7786],[124.7466,37.7757],[124.7712,37.7796],[124.7655,37.7656]]],[[[124.6586,37.7989],[124.661,37.798],[124.6582,37.7977],[124.6586,37.7989]]],[[[124.7286,37.8392],[124.7142,37.8304],[124.7206,37.817],[124.7117,37.807],[124.7019,37.8044],[124.6971,37.8085],[124.682,37.7982],[124.6791,37.8019],[124.6841,37.8059],[124.6838,37.8128],[124.6622,37.8217],[124.6771,37.8205],[124.6873,37.836],[124.7018,37.8417],[124.7027,37.8494],[124.7211,37.8455],[124.7286,37.8392]]],[[[124.7298,37.978],[124.7329,37.9657],[124.7455,37.9616],[124.7459,37.9577],[124.733,37.9622],[124.73,37.9585],[124.7375,37.9559],[124.7349,37.9514],[124.7254,37.9539],[124.708,37.9441],[124.6989,37.9188],[124.6897,37.9145],[124.6799,37.922],[124.6376,37.9229],[124.6223,37.9471],[124.625,37.9533],[124.6104,37.9633],[124.6156,37.9781],[124.6405,37.9688],[124.6742,37.9819],[124.7165,37.9826],[124.7298,37.978]]],[[[126.0207,37.0681],[126.0123,37.0636],[126.0172,37.0735],[126.0128,37.0783],[126.0213,37.0764],[126.0207,37.0681]]],[[[126.0889,37.0949],[126.0749,37.0835],[126.0638,37.0853],[126.0657,37.0929],[126.0739,37.0938],[126.0718,37.0974],[126.0602,37.0953],[126.0663,37.1056],[126.0867,37.1055],[126.0889,37.0949]]],[[[126.2744,37.1268],[126.2744,37.1259],[126.2722,37.1258],[126.2744,37.1268]]],[[[126.3011,37.1301],[126.304,37.1294],[126.3007,37.1259],[126.3011,37.1301]]],[[[126.2681,37.1349],[126.2691,37.1338],[126.2673,37.133],[126.2681,37.1349]]],[[[126.3096,37.1331],[126.3046,37.1316],[126.2995,37.1402],[126.3096,37.1331]]],[[[126.2781,37.1422],[126.2759,37.1404],[126.2711,37.1489],[126.2781,37.1489],[126.2781,37.1422]]],[[[126.2715,37.1762],[126.2746,37.1647],[126.2846,37.1628],[126.2825,37.1577],[126.2434,37.1741],[126.2544,37.182],[126.2715,37.1762]]],[[[126.2882,37.1721],[126.2858,37.1726],[126.2865,37.1741],[126.2882,37.1721]]],[[[126.1058,37.1793],[126.1146,37.1822],[126.108,37.1748],[126.1126,37.1705],[126.1099,37.1651],[126.094,37.167],[126.0846,37.1764],[126.093,37.1881],[126.1058,37.1793]]],[[[126.2223,37.1821],[126.227,37.188],[126.2493,37.183],[126.2403,37.1805],[126.2414,37.1763],[126.2205,37.1781],[126.2139,37.1842],[126.2156,37.189],[126.2223,37.1821]]],[[[126.2982,37.1852],[126.297,37.1835],[126.295,37.1841],[126.2982,37.1852]]],[[[126.1157,37.1861],[126.1169,37.1848],[126.1155,37.1849],[126.1157,37.1861]]],[[[126.2124,37.193],[126.2154,37.1907],[126.2122,37.1904],[126.2124,37.193]]],[[[126.1125,37.1981],[126.1118,37.1962],[126.1099,37.1969],[126.1125,37.1981]]],[[[126.1058,37.2077],[126.1054,37.206],[126.1032,37.2063],[126.1058,37.2077]]],[[[126.1826,37.2094],[126.1919,37.2093],[126.1835,37.1932],[126.1775,37.2112],[126.1611,37.2107],[126.1585,37.2244],[126.1699,37.2292],[126.1826,37.2094]]],[[[126.1917,37.2186],[126.1934,37.2162],[126.1912,37.2168],[126.1917,37.2186]]],[[[126.1872,37.2189],[126.1866,37.2188],[126.1859,37.2194],[126.1872,37.2189]]],[[[126.1117,37.2584],[126.1189,37.258],[126.1185,37.2483],[126.1287,37.2518],[126.1453,37.2429],[126.1434,37.2388],[126.1662,37.2326],[126.1466,37.2195],[126.1573,37.216],[126.1545,37.2108],[126.1576,37.2096],[126.14,37.2032],[126.1408,37.1963],[126.1326,37.2011],[126.1432,37.2093],[126.1421,37.2143],[126.1174,37.2093],[126.1106,37.2133],[126.1159,37.2162],[126.1126,37.2223],[126.1002,37.222],[126.103,37.2297],[126.097,37.2299],[126.0891,37.2203],[126.0838,37.2216],[126.0913,37.2299],[126.0895,37.2473],[126.1017,37.265],[126.1001,37.2722],[126.1108,37.2713],[126.1117,37.2584]]],[[[126.0905,37.2651],[126.0913,37.2632],[126.0876,37.2618],[126.0905,37.2651]]],[[[126.0755,37.2846],[126.0752,37.2897],[126.0843,37.2893],[126.0985,37.2791],[126.0872,37.2768],[126.0755,37.2846]]],[[[126.2736,37.3192],[126.2766,37.3138],[126.2711,37.3163],[126.2736,37.3192]]],[[[126.2675,37.3314],[126.2701,37.3315],[126.2656,37.3261],[126.2675,37.3314]]],[[[126.2646,37.5457],[126.2648,37.5467],[126.2703,37.5487],[126.2766,37.544],[126.2646,37.5457]]],[[[126.2593,37.5575],[126.2661,37.552],[126.2607,37.5508],[126.2593,37.5575]]],[[[126.3233,37.1548],[126.3248,37.1531],[126.3224,37.1506],[126.3185,37.1535],[126.3233,37.1548]]],[[[126.3122,37.1723],[126.3259,37.1613],[126.3068,37.1579],[126.3044,37.1633],[126.2946,37.1646],[126.2895,37.1747],[126.3122,37.1723]]],[[[126.369,37.1874],[126.3667,37.1873],[126.3667,37.1886],[126.369,37.1874]]],[[[126.3703,37.1928],[126.3701,37.192],[126.3686,37.1923],[126.3703,37.1928]]],[[[126.3618,37.2027],[126.36,37.2032],[126.3604,37.2044],[126.3618,37.2027]]],[[[126.4381,37.2085],[126.4385,37.2067],[126.437,37.2066],[126.4381,37.2085]]],[[[126.3669,37.2114],[126.3672,37.2104],[126.3628,37.2098],[126.3629,37.2137],[126.3669,37.2114]]],[[[126.3162,37.223],[126.3211,37.2137],[126.3117,37.2114],[126.3162,37.223]]],[[[126.3944,37.2198],[126.395,37.219],[126.3923,37.2184],[126.3944,37.2198]]],[[[126.3864,37.2228],[126.3875,37.2194],[126.3846,37.2198],[126.3864,37.2228]]],[[[126.5152,37.2348],[126.5192,37.2322],[126.5138,37.2277],[126.5112,37.2319],[126.5152,37.2348]]],[[[126.3852,37.241],[126.3935,37.2451],[126.4,37.2422],[126.3852,37.241]]],[[[126.5406,37.2338],[126.5394,37.232],[126.5239,37.2355],[126.5255,37.2455],[126.5123,37.2547],[126.522,37.2596],[126.5406,37.2338]]],[[[126.4974,37.2771],[126.4943,37.2714],[126.5005,37.2546],[126.4956,37.2532],[126.4889,37.2597],[126.4892,37.2503],[126.4768,37.2536],[126.4829,37.2492],[126.483,37.2419],[126.4704,37.2383],[126.4595,37.2239],[126.4316,37.233],[126.435,37.2545],[126.4278,37.2623],[126.4362,37.266],[126.4338,37.2743],[126.4475,37.2719],[126.4537,37.2777],[126.4516,37.2823],[126.4706,37.2878],[126.4974,37.2771]]],[[[126.3255,37.2572],[126.3285,37.2607],[126.3314,37.2554],[126.3351,37.2631],[126.349,37.2593],[126.3429,37.25],[126.3184,37.244],[126.2779,37.2631],[126.2867,37.2723],[126.2892,37.2676],[126.3255,37.2572]]],[[[126.3285,37.4996],[126.3261,37.5011],[126.3307,37.5032],[126.3285,37.4996]]],[[[126.3033,37.5],[126.3026,37.5009],[126.3051,37.5036],[126.308,37.5019],[126.3033,37.5]]],[[[126.324,37.5136],[126.3228,37.5094],[126.3219,37.5096],[126.324,37.5136]]],[[[126.4263,37.5186],[126.4267,37.5163],[126.4244,37.5165],[126.4263,37.5186]]],[[[126.4177,37.5186],[126.4215,37.5198],[126.4207,37.5187],[126.4177,37.5186]]],[[[126.4671,37.5278],[126.4706,37.5118],[126.4635,37.5111],[126.4531,37.5189],[126.4394,37.5139],[126.4292,37.5179],[126.4385,37.5307],[126.4547,37.5379],[126.457,37.5445],[126.4725,37.5376],[126.4733,37.5283],[126.4671,37.5278]]],[[[126.4037,37.5358],[126.414,37.5402],[126.4124,37.527],[126.4011,37.5309],[126.4037,37.5358]]],[[[126.3958,37.5324],[126.3944,37.5344],[126.3966,37.5348],[126.3958,37.5324]]],[[[126.4348,37.5425],[126.4289,37.5235],[126.4152,37.5222],[126.424,37.5467],[126.4399,37.5459],[126.4348,37.5425]]],[[[126.3451,37.5387],[126.3649,37.5349],[126.384,37.5393],[126.384,37.5308],[126.382,37.5274],[126.3607,37.5307],[126.3417,37.5256],[126.3358,37.5303],[126.3266,37.5217],[126.3288,37.5411],[126.3074,37.5602],[126.3286,37.5509],[126.3365,37.5521],[126.3451,37.5387]]]]}},{"type":"Feature","properties":{"sido":"인천광역시","sigungu":"중구","center":[37.4771,126.4687]},"geometry":{"type":"MultiPolygon","coordinates":[[[[126.5127,37.3572],[126.5098,37.3573],[126.5099,37.3595],[126.5127,37.3572]]],[[[126.4396,37.3619],[126.4422,37.3615],[126.4412,37.3601],[126.4396,37.3619]]],[[[126.4413,37.3742],[126.4463,37.375],[126.4458,37.3707],[126.4404,37.3709],[126.4413,37.3742]]],[[[126.4417,37.3844],[126.4352,37.3817],[126.4405,37.3782],[126.4335,37.3742],[126.4335,37.3685],[126.4132,37.3663],[126.4071,37.3727],[126.4073,37.3881],[126.3964,37.3912],[126.4024,37.4097],[126.408,37.4133],[126.4417,37.3844]]],[[[126.3895,37.4027],[126.3966,37.4051],[126.3969,37.402],[126.3892,37.3963],[126.3895,37.4027]]],[[[126.4406,37.4035],[126.4325,37.4045],[126.4363,37.4062],[126.4406,37.4035]]],[[[126.4165,37.4167],[126.4121,37.4168],[126.4122,37.4202],[126.4165,37.4167]]],[[[126.4093,37.438],[126.3997,37.4341],[126.404,37.4397],[126.3953,37.4461],[126.3805,37.4391],[126.381,37.4346],[126.3765,37.4412],[126.3641,37.4417],[126.3722,37.4469],[126.3685,37.4563],[126.3566,37.4626],[126.3563,37.4696],[126.3647,37.4747],[126.3734,37.4721],[126.4322,37.5039],[126.4645,37.4995],[126.483,37.5042],[126.4941,37.5162],[126.4984,37.5318],[126.5138,37.535],[126.5643,37.5145],[126.5829,37.4916],[126.5648,37.4796],[126.5073,37.4658],[126.4962,37.4482],[126.4426,37.4211],[126.4212,37.4211],[126.4093,37.438]]],[[[126.4865,37.5172],[126.4897,37.5172],[126.4886,37.5157],[126.4865,37.5172]]],[[[126.6292,37.4523],[126.635,37.43],[126.6102,37.4301],[126.6142,37.4377],[126.6081,37.4406],[126.6182,37.4444],[126.6098,37.4477],[126.6106,37.4535],[126.601,37.4384],[126.5929,37.4413],[126.5929,37.4506],[126.5963,37.4512],[126.5933,37.4549],[126.6018,37.4573],[126.5926,37.4577],[126.5932,37.4637],[126.625,37.4591],[126.6142,37.4641],[126.6123,37.477],[126.6071,37.4756],[126.6099,37.4692],[126.6056,37.4662],[126.5958,37.4706],[126.6062,37.4863],[126.6098,37.4829],[126.6051,37.4802],[126.6137,37.4789],[126.6168,37.4836],[126.628,37.4794],[126.6428,37.4685],[126.6292,37.4523]]],[[[126.5889,37.4989],[126.592,37.4968],[126.5908,37.4959],[126.5857,37.4968],[126.5889,37.4989]]],[[[126.5721,37.5286],[126.5718,37.5293],[126.5804,37.5256],[126.5721,37.5286]]],[[[126.5744,37.5365],[126.5759,37.5361],[126.5753,37.5344],[126.5744,37.5365]]],[[[126.5753,37.5428],[126.5781,37.5409],[126.5757,37.5372],[126.5717,37.5402],[126.5753,37.5428]]],[[[126.5788,37.5474],[126.5799,37.5445],[126.579,37.5447],[126.5788,37.5474]]],[[[126.5903,37.5477],[126.5875,37.5446],[126.584,37.5486],[126.5903,37.5477]]]]}},{"type":"Feature","properties":{"sido":"전라남도","sigungu":"강진군","center":[34.618,126.7313]},"geometry":{"type":"MultiPolygon","coordinates":[[[[126.7508,34.4514],[126.7532,34.4509],[126.7532,34.4502],[126.7508,34.4514]]],[[[126.7661,34.4984],[126.7586,34.4955],[126.7607,34.4912],[126.7385,34.486],[126.7494,34.473],[126.754,34.4751],[126.7349,34.4546],[126.7169,34.4705],[126.6841,34.4696],[126.6864,34.5092],[126.6803,34.5159],[126.6863,34.5243],[126.6676,34.5386],[126.6826,34.5444],[126.6951,34.5639],[126.6718,34.5923],[126.6884,34.6071],[126.6925,34.6227],[126.6988,34.6279],[126.6823,34.6327],[126.6972,34.65],[126.6921,34.658],[126.7019,34.6624],[126.6985,34.6725],[126.7057,34.6817],[126.6743,34.6864],[126.6701,34.691],[126.6753,34.7016],[126.6721,34.7065],[126.6814,34.713],[126.6794,34.7207],[126.665,34.7224],[126.656,34.7315],[126.6805,34.7534],[126.6922,34.7553],[126.7049,34.7669],[126.7152,34.7601],[126.7465,34.7574],[126.7498,34.7643],[126.7621,34.7706],[126.7649,34.7817],[126.7805,34.7877],[126.7842,34.7807],[126.8006,34.7771],[126.814,34.7798],[126.8176,34.7751],[126.8142,34.7675],[126.8254,34.7439],[126.8402,34.7337],[126.8419,34.7258],[126.8523,34.7226],[126.8468,34.7169],[126.8547,34.6999],[126.8559,34.6788],[126.8682,34.6691],[126.8656,34.6604],[126.874,34.6528],[126.8714,34.6337],[126.8791,34.6263],[126.8746,34.62],[126.8583,34.624],[126.8497,34.6183],[126.8561,34.5999],[126.8682,34.5945],[126.8697,34.583],[126.8781,34.5758],[126.8762,34.552],[126.8858,34.5444],[126.8585,34.5279],[126.844,34.506],[126.8506,34.4942],[126.8544,34.4693],[126.8435,34.4482],[126.8391,34.4531],[126.8299,34.4476],[126.8195,34.4487],[126.8109,34.4548],[126.8067,34.4504],[126.8043,34.4588],[126.8087,34.4681],[126.785,34.4692],[126.7873,34.4774],[126.7969,34.4804],[126.7918,34.4889],[126.7915,34.51],[126.7866,34.5125],[126.7903,34.5408],[126.7952,34.5471],[126.7888,34.5537],[126.7939,34.5676],[126.7857,34.5771],[126.7885,34.5864],[126.7776,34.595],[126.7818,34.5979],[126.7783,34.6176],[126.7818,34.6329],[126.77,34.616],[126.7685,34.5549],[126.7646,34.5456],[126.7684,34.5417],[126.7641,34.5338],[126.7733,34.5254],[126.7591,34.526],[126.7617,34.5029],[126.7661,34.4984]]],[[[126.7782,34.5325],[126.777,34.5381],[126.7849,34.535],[126.7818,34.5305],[126.7782,34.5325]]],[[[126.7907,34.4638],[126.7929,34.4639],[126.7903,34.461],[126.7907,34.4638]]]]}},{"type":"Feature","properties":{"sido":"전라남도","sigungu":"고흥군","center":[34.6341,127.3515]},"geometry":{"type":"MultiPolygon","coordinates":[[[[127.278,34.3819],[127.279,34.3811],[127.2769,34.3789],[127.278,34.3819]]],[[[127.2479,34.4098],[127.2571,34.4072],[127.2593,34.3955],[127.2657,34.3941],[127.2595,34.3967],[127.2639,34.3977],[127.2708,34.3911],[127.2748,34.3854],[127.2701,34.3846],[127.2724,34.3809],[127.2476,34.3875],[127.2513,34.3897],[127.2463,34.3936],[127.2533,34.3953],[127.2534,34.4031],[127.2403,34.4065],[127.2449,34.4105],[127.2357,34.4114],[127.2436,34.4127],[127.2412,34.417],[127.2515,34.4129],[127.2479,34.4098]]],[[[127.2137,34.4208],[127.2155,34.4187],[127.2126,34.4174],[127.2137,34.4208]]],[[[127.1223,34.4245],[127.1236,34.4251],[127.1243,34.4213],[127.1223,34.4245]]],[[[127.2289,34.432],[127.2297,34.4316],[127.2273,34.4289],[127.2289,34.432]]],[[[127.2242,34.4422],[127.2285,34.4433],[127.2267,34.4392],[127.2242,34.4422]]],[[[127.0923,34.4431],[127.0946,34.4435],[127.0939,34.4412],[127.0923,34.4431]]],[[[127.2839,34.4558],[127.2845,34.4541],[127.2836,34.4535],[127.2839,34.4558]]],[[[127.2389,34.4739],[127.2298,34.4713],[127.2303,34.4635],[127.2117,34.4311],[127.1663,34.4352],[127.1626,34.4284],[127.1449,34.429],[127.1416,34.4206],[127.1369,34.4285],[127.1154,34.4394],[127.1151,34.448],[127.1091,34.4477],[127.1075,34.442],[127.099,34.4434],[127.106,34.455],[127.0927,34.4706],[127.0959,34.4743],[127.1031,34.4699],[127.1141,34.4775],[127.1166,34.4831],[127.1104,34.4854],[127.1147,34.4904],[127.1244,34.4906],[127.1279,34.4795],[127.137,34.4797],[127.1368,34.4735],[127.1461,34.4755],[127.1482,34.4814],[127.1619,34.4796],[127.1765,34.4918],[127.1894,34.4951],[127.1992,34.4882],[127.221,34.4953],[127.2389,34.4739]]],[[[127.0936,34.4631],[127.0903,34.4516],[127.0892,34.4615],[127.0814,34.4638],[127.0936,34.4631]]],[[[127.2362,34.495],[127.235,34.4921],[127.2315,34.4943],[127.2362,34.495]]],[[[127.1484,34.4946],[127.1455,34.4949],[127.1458,34.4986],[127.1484,34.4946]]],[[[127.2711,34.4992],[127.2717,34.4966],[127.2692,34.4969],[127.2711,34.4992]]],[[[127.1482,34.5051],[127.1501,34.5022],[127.148,34.5008],[127.1482,34.5051]]],[[[127.131,34.5058],[127.1205,34.5073],[127.1157,34.5023],[127.1094,34.5088],[127.0972,34.5094],[127.1059,34.5182],[127.11,34.5157],[127.1073,34.5199],[127.1114,34.5224],[127.1189,34.5191],[127.1208,34.5127],[127.1271,34.5241],[127.1383,34.5178],[127.131,34.5058]]],[[[127.1589,34.5203],[127.1649,34.5216],[127.1645,34.5193],[127.1589,34.5203]]],[[[127.2512,34.5217],[127.2444,34.5212],[127.2453,34.5145],[127.2304,34.5178],[127.2334,34.5248],[127.2257,34.5258],[127.2202,34.534],[127.2147,34.5241],[127.2094,34.5267],[127.2118,34.5164],[127.1944,34.5324],[127.1787,34.5309],[127.1723,34.5201],[127.1665,34.5259],[127.1519,34.5261],[127.1481,34.521],[127.1368,34.523],[127.1211,34.5301],[127.1213,34.5409],[127.1121,34.5462],[127.1132,34.5593],[127.1284,34.5733],[127.1357,34.5736],[127.1327,34.5783],[127.1443,34.584],[127.1423,34.5899],[127.1485,34.6007],[127.1522,34.5933],[127.1694,34.5928],[127.1724,34.6271],[127.1952,34.6452],[127.1962,34.6517],[127.2029,34.6383],[127.198,34.5967],[127.2261,34.5846],[127.2018,34.597],[127.2076,34.6287],[127.2241,34.6359],[127.2326,34.6786],[127.2437,34.685],[127.2365,34.6929],[127.2415,34.6934],[127.2394,34.6981],[127.2476,34.7022],[127.2461,34.7057],[127.2534,34.7049],[127.2513,34.712],[127.2624,34.7159],[127.2689,34.7123],[127.275,34.7197],[127.2809,34.7187],[127.2772,34.7117],[127.2821,34.706],[127.2802,34.6997],[127.287,34.696],[127.2806,34.6868],[127.2795,34.673],[127.2866,34.6675],[127.3146,34.6652],[127.3196,34.672],[127.3173,34.6817],[127.327,34.6895],[127.3319,34.7071],[127.344,34.7095],[127.3431,34.716],[127.3326,34.7148],[127.3269,34.7516],[127.3036,34.7496],[127.2927,34.7306],[127.2858,34.7359],[127.2775,34.734],[127.2788,34.738],[127.272,34.7416],[127.262,34.7317],[127.2524,34.7418],[127.2463,34.7608],[127.2375,34.7592],[127.2435,34.761],[127.2483,34.7895],[127.2627,34.7875],[127.2764,34.7923],[127.291,34.8108],[127.3193,34.8109],[127.3276,34.8224],[127.3431,34.8279],[127.3837,34.8023],[127.3866,34.7913],[127.3911,34.79],[127.3934,34.7835],[127.3887,34.7853],[127.3867,34.779],[127.3743,34.7798],[127.3696,34.7787],[127.3688,34.777],[127.393,34.7767],[127.4017,34.7687],[127.3973,34.7568],[127.3806,34.7506],[127.3733,34.7415],[127.379,34.7274],[127.3927,34.7187],[127.3872,34.7153],[127.397,34.7069],[127.4353,34.7007],[127.4444,34.6907],[127.4451,34.6969],[127.452,34.695],[127.4487,34.6828],[127.4436,34.6823],[127.4202,34.7014],[127.4021,34.7029],[127.4243,34.6914],[127.4335,34.6797],[127.4299,34.6751],[127.4402,34.6797],[127.447,34.6743],[127.4456,34.6624],[127.4576,34.6692],[127.4668,34.6622],[127.4716,34.6657],[127.4649,34.6656],[127.4625,34.6708],[127.4776,34.6719],[127.4727,34.6638],[127.4753,34.6568],[127.4881,34.6515],[127.4921,34.6434],[127.4769,34.6464],[127.4723,34.6409],[127.4636,34.6492],[127.4592,34.6458],[127.4746,34.6356],[127.4916,34.6326],[127.4925,34.6364],[127.4968,34.6321],[127.4972,34.6155],[127.5057,34.6052],[127.5084,34.5925],[127.4971,34.5902],[127.4867,34.5784],[127.4877,34.5736],[127.4809,34.5784],[127.4759,34.5781],[127.476,34.5734],[127.4649,34.5782],[127.4581,34.5914],[127.4579,34.5845],[127.4446,34.5766],[127.433,34.5825],[127.4334,34.5884],[127.4188,34.5823],[127.4108,34.5899],[127.3955,34.5869],[127.3941,34.5813],[127.3991,34.5762],[127.4087,34.5799],[127.4043,34.5691],[127.4199,34.5731],[127.4297,34.5657],[127.4206,34.5672],[127.421,34.5638],[127.4062,34.5607],[127.4041,34.5687],[127.3965,34.5597],[127.4234,34.5567],[127.4172,34.5522],[127.4305,34.5552],[127.427,34.5475],[127.4328,34.5523],[127.4382,34.5487],[127.4266,34.5431],[127.436,34.5363],[127.4285,34.5369],[127.4234,34.5293],[127.4313,34.5195],[127.4253,34.5173],[127.4308,34.5132],[127.4254,34.5114],[127.4134,34.5214],[127.404,34.5152],[127.4073,34.5122],[127.404,34.505],[127.3936,34.5049],[127.3889,34.5097],[127.3801,34.5038],[127.3915,34.4885],[127.3868,34.4833],[127.3834,34.4857],[127.3824,34.4786],[127.3781,34.4872],[127.3708,34.4799],[127.3584,34.4915],[127.3512,34.4809],[127.3406,34.4894],[127.3413,34.4809],[127.3252,34.4765],[127.3376,34.4678],[127.3327,34.4634],[127.3234,34.4702],[127.317,34.4636],[127.3394,34.4546],[127.3389,34.4455],[127.3282,34.4415],[127.3046,34.4497],[127.3057,34.4545],[127.3161,34.4539],[127.3088,34.458],[127.31,34.4619],[127.3019,34.4576],[127.3036,34.4643],[127.2974,34.4633],[127.3007,34.4703],[127.2676,34.4822],[127.2736,34.4925],[127.2827,34.4912],[127.278,34.4953],[127.2829,34.4974],[127.2512,34.5217]]],[[[127.1275,34.5849],[127.1287,34.5836],[127.1262,34.5828],[127.1275,34.5849]]],[[[127.0913,34.5959],[127.0888,34.6045],[127.097,34.6125],[127.107,34.6047],[127.1094,34.596],[127.0913,34.5959]]],[[[127.3205,34.4311],[127.3196,34.4363],[127.3277,34.4346],[127.3205,34.4311]]],[[[127.3309,34.4366],[127.3319,34.4346],[127.3286,34.4349],[127.3309,34.4366]]],[[[127.3155,34.4413],[127.3065,34.43],[127.297,34.4376],[127.3014,34.4428],[127.3098,34.4424],[127.3081,34.4392],[127.3155,34.4413]]],[[[127.296,34.4396],[127.2963,34.4371],[127.2916,34.4362],[127.296,34.4396]]],[[[127.3061,34.4453],[127.3072,34.4436],[127.3044,34.4432],[127.3061,34.4453]]],[[[127.2908,34.4411],[127.289,34.4407],[127.2909,34.4484],[127.2959,34.4469],[127.2908,34.4411]]],[[[127.4017,34.482],[127.4076,34.4779],[127.4036,34.4745],[127.3976,34.4775],[127.4017,34.482]]],[[[127.3484,34.481],[127.3504,34.4799],[127.3494,34.4774],[127.3484,34.481]]],[[[127.3968,34.4936],[127.3996,34.4903],[127.3976,34.4895],[127.3937,34.493],[127.3968,34.4936]]],[[[127.4231,34.575],[127.4145,34.5785],[127.4168,34.5826],[127.4247,34.578],[127.4231,34.575]]],[[[127.3215,34.6908],[127.3222,34.6887],[127.3193,34.689],[127.3215,34.6908]]],[[[127.4122,34.7094],[127.4163,34.7143],[127.4219,34.7123],[127.4122,34.7094]]],[[[127.3975,34.7206],[127.3943,34.7224],[127.3958,34.7249],[127.3999,34.7227],[127.3975,34.7206]]],[[[127.3124,34.7186],[127.3052,34.7212],[127.3077,34.7276],[127.3159,34.7238],[127.3124,34.7186]]],[[[127.3022,34.7284],[127.3041,34.7271],[127.3009,34.7257],[127.3022,34.7284]]],[[[127.3083,34.7346],[127.3095,34.7332],[127.3081,34.7321],[127.3083,34.7346]]],[[[127.3092,34.7351],[127.3075,34.7371],[127.3097,34.7374],[127.3092,34.7351]]],[[[127.3127,34.7392],[127.3143,34.7376],[127.3133,34.7367],[127.3127,34.7392]]],[[[127.4925,34.3993],[127.4924,34.3997],[127.4943,34.4],[127.4968,34.3979],[127.4925,34.3993]]],[[[127.5467,34.4424],[127.5395,34.4415],[127.5422,34.4443],[127.5467,34.4424]]],[[[127.4698,34.4722],[127.4729,34.4647],[127.4906,34.4658],[127.4832,34.4601],[127.4927,34.4586],[127.4979,34.4676],[127.504,34.4636],[127.5049,34.4741],[127.522,34.4577],[127.5209,34.4536],[127.5372,34.4481],[127.5385,34.4311],[127.5302,34.4222],[127.5204,34.4265],[127.5017,34.4153],[127.4877,34.4132],[127.493,34.4312],[127.4821,34.437],[127.4747,34.4328],[127.4612,34.4443],[127.4648,34.447],[127.4796,34.4421],[127.4837,34.4472],[127.4726,34.4525],[127.4496,34.4489],[127.4581,34.4523],[127.452,34.4688],[127.4544,34.4756],[127.4698,34.4722]]],[[[127.4508,34.4625],[127.452,34.456],[127.4424,34.4659],[127.4508,34.4625]]],[[[127.4422,34.4817],[127.4469,34.4832],[127.4462,34.4711],[127.4409,34.469],[127.4364,34.4736],[127.4422,34.4817]]],[[[127.4784,34.5353],[127.4591,34.5256],[127.4705,34.5234],[127.4757,34.5149],[127.4669,34.5176],[127.4579,34.5137],[127.4649,34.5082],[127.4653,34.513],[127.4845,34.5051],[127.4903,34.5087],[127.496,34.5025],[127.5022,34.5048],[127.5007,34.4975],[127.5068,34.4921],[127.4963,34.4847],[127.4891,34.4845],[127.4888,34.4898],[127.4854,34.4842],[127.469,34.4864],[127.4613,34.4842],[127.4624,34.4794],[127.4524,34.4786],[127.4407,34.4924],[127.4581,34.5052],[127.4518,34.5065],[127.4548,34.5112],[127.4488,34.5166],[127.4341,34.5199],[127.4536,34.5439],[127.4706,34.5446],[127.4784,34.5353]]],[[[127.4476,34.5477],[127.4528,34.5469],[127.4455,34.5382],[127.4409,34.5411],[127.4476,34.5477]]],[[[127.4383,34.5535],[127.4377,34.5509],[127.4373,34.551],[127.4383,34.5535]]],[[[127.4434,34.5546],[127.4457,34.5534],[127.4444,34.5526],[127.4434,34.5546]]],[[[127.4605,34.5571],[127.4619,34.5562],[127.4585,34.554],[127.4605,34.5571]]],[[[127.4665,34.5691],[127.4702,34.5699],[127.4713,34.5647],[127.4659,34.5637],[127.4665,34.5691]]],[[[127.4602,34.5646],[127.4587,34.5631],[127.4532,34.5706],[127.4602,34.5646]]],[[[127.4438,34.5681],[127.4457,34.576],[127.4495,34.5748],[127.4537,34.5623],[127.4438,34.5681]]],[[[127.4737,34.5732],[127.4765,34.572],[127.4733,34.571],[127.4737,34.5732]]],[[[127.4538,34.5745],[127.4546,34.5732],[127.4528,34.5722],[127.4538,34.5745]]],[[[127.4704,34.6759],[127.4718,34.6751],[127.4695,34.6735],[127.4704,34.6759]]],[[[127.4495,34.6812],[127.4514,34.6784],[127.4507,34.678],[127.4495,34.6812]]],[[[127.4547,34.6844],[127.4545,34.6833],[127.4503,34.6856],[127.4547,34.6844]]],[[[127.462,34.6932],[127.4638,34.691],[127.4581,34.6829],[127.4547,34.6875],[127.462,34.6932]]],[[[127.4301,34.7058],[127.4335,34.7038],[127.4289,34.7044],[127.4301,34.7058]]],[[[127.4244,34.7029],[127.4209,34.7041],[127.4214,34.7077],[127.4277,34.7058],[127.4244,34.7029]]],[[[127.4515,34.706],[127.4507,34.7046],[127.4482,34.706],[127.4515,34.706]]],[[[127.4357,34.711],[127.4419,34.7111],[127.4416,34.7208],[127.4475,34.7217],[127.4458,34.7094],[127.4402,34.7066],[127.4357,34.711]]]]}},{"type":"Feature","properties":{"sido":"전라남도","sigungu":"곡성군","center":[35.2048,127.2841]},"geometry":{"type":"Polygon","coordinates":[[[127.2455,35.1015],[127.2412,35.1018],[127.2399,35.1114],[127.2193,35.1193],[127.2147,35.1325],[127.1977,35.1324],[127.1972,35.1567],[127.1891,35.1645],[127.2017,35.186],[127.1973,35.2033],[127.1884,35.2118],[127.1793,35.213],[127.1453,35.1943],[127.1226,35.1976],[127.117,35.1946],[127.1055,35.1991],[127.0934,35.2309],[127.0809,35.2481],[127.0984,35.2629],[127.0995,35.2693],[127.0914,35.2776],[127.0956,35.3014],[127.1157,35.2996],[127.13,35.3093],[127.1454,35.3091],[127.1466,35.3154],[127.1595,35.3266],[127.1796,35.3324],[127.1816,35.338],[127.1861,35.3362],[127.1831,35.3301],[127.1868,35.3226],[127.2009,35.3158],[127.2157,35.3166],[127.2161,35.3296],[127.2245,35.3366],[127.2324,35.3349],[127.2594,35.3118],[127.2884,35.3142],[127.3085,35.3031],[127.3241,35.3065],[127.3309,35.3151],[127.3564,35.3213],[127.3772,35.3108],[127.3866,35.3006],[127.3801,35.2836],[127.3912,35.2724],[127.4017,35.249],[127.4032,35.2342],[127.3903,35.2372],[127.3776,35.2255],[127.3679,35.2284],[127.3669,35.2242],[127.3746,35.2171],[127.3718,35.2063],[127.3772,35.1936],[127.3867,35.1889],[127.4064,35.1891],[127.4114,35.1463],[127.4002,35.1387],[127.3942,35.1276],[127.3861,35.1258],[127.3757,35.1008],[127.3447,35.0985],[127.337,35.0926],[127.3363,35.0784],[127.3226,35.0696],[127.2994,35.0784],[127.2914,35.0861],[127.2822,35.085],[127.2789,35.0916],[127.2615,35.082],[127.2615,35.0958],[127.2461,35.11],[127.2455,35.1015]]]}},{"type":"Feature","properties":{"sido":"전라남도","sigungu":"광양시","center":[35.0328,127.6644]},"geometry":{"type":"MultiPolygon","coordinates":[[[[127.6907,34.9151],[127.6732,34.9044],[127.6688,34.9084],[127.671,34.9031],[127.64,34.8864],[127.6175,34.9161],[127.6154,34.913],[127.613,34.921],[127.6076,34.9226],[127.6045,34.9383],[127.6,34.9384],[127.5993,34.9268],[127.5788,34.9188],[127.5907,34.9191],[127.6056,34.9034],[127.5929,34.8952],[127.5868,34.9149],[127.5898,34.9168],[127.5773,34.9189],[127.5781,34.941],[127.5683,34.9401],[127.5638,34.9467],[127.557,34.9465],[127.5594,34.9514],[127.5476,34.9602],[127.546,34.9715],[127.5575,34.9776],[127.5494,34.9868],[127.5581,34.9979],[127.5676,35.0015],[127.5581,35.0157],[127.5576,35.036],[127.5364,35.0497],[127.5261,35.066],[127.5326,35.1058],[127.5596,35.0955],[127.5638,35.1083],[127.5835,35.1186],[127.6028,35.1181],[127.6072,35.1599],[127.6247,35.1845],[127.6406,35.1711],[127.6453,35.1613],[127.6597,35.1582],[127.6938,35.132],[127.6946,35.1031],[127.7182,35.082],[127.7375,35.0781],[127.7422,35.0603],[127.7647,35.0567],[127.772,35.0295],[127.7872,35.0172],[127.7783,34.9889],[127.7646,34.9781],[127.7603,34.9665],[127.7374,34.9552],[127.7288,34.9632],[127.7311,34.9548],[127.7003,34.9311],[127.6965,34.9182],[127.6888,34.9223],[127.6907,34.9151]]],[[[127.7592,34.9061],[127.7043,34.9126],[127.703,34.9311],[127.7145,34.9326],[127.7148,34.9379],[127.7301,34.9511],[127.7398,34.9461],[127.7378,34.9321],[127.7653,34.9319],[127.7848,34.9155],[127.7844,34.8864],[127.762,34.8918],[127.7592,34.9061]]],[[[127.7455,34.9337],[127.7407,34.9513],[127.7615,34.96],[127.768,34.9533],[127.7688,34.9337],[127.7455,34.9337]]]]}},{"type":"Feature","properties":{"sido":"전라남도","sigungu":"구례군","center":[35.2309,127.501]},"geometry":{"type":"Polygon","coordinates":[[[127.604,35.149],[127.6076,35.1436],[127.6028,35.1181],[127.5835,35.1186],[127.5638,35.1083],[127.5596,35.0955],[127.5409,35.1011],[127.5186,35.1256],[127.4968,35.1278],[127.4982,35.1334],[127.4832,35.1509],[127.4662,35.1616],[127.4469,35.1686],[127.4227,35.1861],[127.3867,35.1889],[127.377,35.1938],[127.3718,35.2063],[127.3747,35.2169],[127.3677,35.2282],[127.3774,35.2254],[127.3903,35.2372],[127.4029,35.2336],[127.4035,35.2366],[127.3912,35.2724],[127.3801,35.2836],[127.3845,35.3033],[127.3985,35.3117],[127.4015,35.3251],[127.4372,35.3632],[127.4542,35.3607],[127.4728,35.3662],[127.4861,35.3584],[127.5014,35.3588],[127.5407,35.3344],[127.5438,35.3277],[127.5682,35.3183],[127.5774,35.309],[127.5768,35.2961],[127.5958,35.2682],[127.61,35.2619],[127.6209,35.223],[127.6174,35.2037],[127.6247,35.1845],[127.604,35.149]]]}},{"type":"Feature","properties":{"sido":"전라남도","sigungu":"나주시","center":[34.9886,126.7423]},"geometry":{"type":"Polygon","coordinates":[[[126.662,34.9285],[126.6693,34.9268],[126.676,34.917],[126.6766,34.9033],[126.6821,34.8945],[126.6749,34.8909],[126.6753,34.8819],[126.6613,34.8934],[126.631,34.8885],[126.6281,34.8988],[126.6355,34.9009],[126.6286,34.9208],[126.6184,34.926],[126.6118,34.9227],[126.605,34.9302],[126.5993,34.9279],[126.6021,34.9232],[126.5927,34.9233],[126.5967,34.9158],[126.5894,34.9191],[126.5848,34.9154],[126.5827,34.9204],[126.5745,34.9153],[126.5732,34.9081],[126.5804,34.9053],[126.5801,34.8954],[126.5723,34.8923],[126.5681,34.8729],[126.5532,34.8632],[126.5484,34.8799],[126.5145,34.9161],[126.5141,34.9237],[126.5211,34.9292],[126.5364,34.9177],[126.5419,34.9199],[126.5281,34.9485],[126.546,34.9829],[126.5629,34.9878],[126.574,34.9728],[126.5991,34.9969],[126.592,34.9962],[126.5987,35.0128],[126.5858,35.0148],[126.5945,35.0279],[126.5867,35.0482],[126.5978,35.0932],[126.5938,35.0979],[126.6048,35.0992],[126.6085,35.0929],[126.6233,35.0869],[126.6472,35.0958],[126.6468,35.1035],[126.654,35.1075],[126.6552,35.115],[126.6692,35.1121],[126.6695,35.1045],[126.6841,35.1077],[126.6851,35.1121],[126.6958,35.1076],[126.7055,35.1129],[126.7284,35.1073],[126.7325,35.1129],[126.7488,35.1018],[126.754,35.0919],[126.762,35.091],[126.7706,35.0728],[126.7528,35.0645],[126.757,35.0595],[126.7687,35.0649],[126.7672,35.0568],[126.7757,35.0533],[126.7952,35.0612],[126.8037,35.0524],[126.819,35.0525],[126.8222,35.0599],[126.8429,35.0653],[126.8574,35.0784],[126.8718,35.0743],[126.8851,35.0815],[126.8952,35.0737],[126.8949,35.0613],[126.8998,35.0553],[126.8902,35.0473],[126.8926,35.0417],[126.8814,35.0297],[126.8824,35.0216],[126.8742,35.019],[126.8686,35.0099],[126.8851,35.0017],[126.8947,34.9894],[126.8764,34.9664],[126.8817,34.9603],[126.8782,34.9499],[126.8664,34.9394],[126.873,34.9276],[126.8682,34.9199],[126.8759,34.9033],[126.8705,34.8908],[126.8442,34.8845],[126.8239,34.8711],[126.8117,34.8745],[126.8099,34.8693],[126.8037,34.8682],[126.7635,34.9001],[126.7251,34.8896],[126.7118,34.9067],[126.7159,34.9176],[126.699,34.9405],[126.6764,34.9463],[126.6685,34.9451],[126.662,34.9285]]]}},{"type":"Feature","properties":{"sido":"전라남도","sigungu":"담양군","center":[35.2909,126.9743]},"geometry":{"type":"Polygon","coordinates":[[[126.9586,35.1932],[126.9659,35.2027],[126.9543,35.2104],[126.9489,35.2187],[126.9519,35.225],[126.9337,35.24],[126.9309,35.2514],[126.9057,35.2589],[126.8897,35.247],[126.879,35.2481],[126.8824,35.2557],[126.8664,35.2719],[126.8547,35.2942],[126.8632,35.3016],[126.8614,35.3212],[126.8801,35.3211],[126.8877,35.3259],[126.8759,35.3425],[126.8864,35.3644],[126.8957,35.3661],[126.917,35.386],[126.9244,35.3792],[126.9257,35.3969],[126.9196,35.402],[126.9336,35.4058],[126.9301,35.4003],[126.9355,35.3944],[126.9634,35.3948],[126.9765,35.4001],[126.9704,35.4274],[126.9816,35.4265],[126.9852,35.4366],[126.9942,35.4398],[127.0,35.4616],[127.0144,35.4575],[127.0346,35.4658],[127.037,35.4336],[127.0523,35.4269],[127.0472,35.4028],[127.0422,35.3989],[127.0273,35.3999],[127.0273,35.3949],[127.0464,35.3769],[127.0559,35.3849],[127.0703,35.3661],[127.0653,35.357],[127.0703,35.3397],[127.0625,35.3361],[127.0523,35.3402],[127.0511,35.3295],[127.0433,35.3218],[127.0967,35.3017],[127.0908,35.2875],[127.0984,35.2629],[127.0809,35.2481],[127.0934,35.2309],[127.1055,35.1991],[127.1169,35.1947],[127.1174,35.1902],[127.106,35.1918],[127.0904,35.1815],[127.0691,35.1852],[127.0635,35.1812],[127.0731,35.1535],[127.084,35.1445],[127.0896,35.1281],[127.0715,35.1158],[127.05,35.1295],[127.0349,35.1306],[127.0204,35.1384],[127.0105,35.1338],[127.008,35.1549],[127.0217,35.1711],[127.0166,35.1794],[126.9996,35.1884],[126.9849,35.1884],[126.9823,35.1839],[126.9749,35.1865],[126.9718,35.1797],[126.9586,35.1932]]]}},{"type":"Feature","properties":{"sido":"전라남도","sigungu":"목포시","center":[34.8122,126.4124]},"geometry":{"type":"MultiPolygon","coordinates":[[[[126.3756,34.7697],[126.3722,34.7583],[126.3643,34.7598],[126.362,34.7516],[126.3584,34.7525],[126.36,34.7448],[126.3489,34.7502],[126.3488,34.7596],[126.3627,34.7598],[126.3649,34.7637],[126.3555,34.7784],[126.3551,34.7853],[126.3756,34.7697]]],[[[126.3198,34.7592],[126.3066,34.7643],[126.3086,34.7824],[126.3144,34.7809],[126.3239,34.7892],[126.3313,34.785],[126.3198,34.7592]]],[[[126.2902,34.7779],[126.2963,34.7841],[126.3016,34.7806],[126.296,34.776],[126.2902,34.7779]]],[[[126.3394,34.7838],[126.3388,34.7819],[126.3333,34.7872],[126.3406,34.7948],[126.3394,34.7838]]],[[[126.3162,34.7884],[126.3157,34.7892],[126.3176,34.7909],[126.3162,34.7884]]],[[[126.3689,34.7808],[126.3662,34.7886],[126.3497,34.7965],[126.358,34.8038],[126.3616,34.8002],[126.3624,34.8067],[126.3865,34.8296],[126.3881,34.8369],[126.3966,34.8382],[126.4001,34.8444],[126.4191,34.8444],[126.4382,34.8366],[126.4383,34.8211],[126.4544,34.8176],[126.4619,34.8001],[126.4588,34.7934],[126.4447,34.7924],[126.4415,34.7994],[126.4251,34.7922],[126.4135,34.7924],[126.4144,34.7884],[126.4004,34.7832],[126.3885,34.7801],[126.3884,34.7856],[126.3824,34.7794],[126.3689,34.7808]]],[[[126.3331,34.7908],[126.3326,34.7898],[126.3312,34.7948],[126.3331,34.7908]]],[[[126.3132,34.7933],[126.318,34.8138],[126.3308,34.8131],[126.3371,34.7988],[126.3132,34.7933]]]]}},{"type":"Feature","properties":{"sido":"전라남도","sigungu":"무안군","center":[34.9646,126.4641]},"geometry":{"type":"MultiPolygon","coordinates":[[[[126.378,34.8626],[126.3783,34.8636],[126.3816,34.8602],[126.378,34.8626]]],[[[126.325,34.9254],[126.3262,34.9234],[126.3256,34.9224],[126.3222,34.9224],[126.325,34.9254]]],[[[126.371,34.973],[126.3597,34.9685],[126.3606,34.9634],[126.3684,34.963],[126.3746,34.9559],[126.3658,34.9431],[126.3749,34.9427],[126.3667,34.9326],[126.3691,34.9196],[126.3532,34.9221],[126.3431,34.9146],[126.3293,34.9158],[126.3264,34.9305],[126.3066,34.928],[126.3061,34.934],[126.3212,34.9437],[126.3092,34.9487],[126.2948,34.9652],[126.305,34.9845],[126.3151,34.9884],[126.31,34.9759],[126.3157,34.9751],[126.3195,34.9813],[126.328,34.967],[126.3432,34.9731],[126.3578,34.9841],[126.3586,34.9927],[126.3404,34.9972],[126.3348,34.9915],[126.3331,34.9943],[126.3893,35.0251],[126.3898,35.0308],[126.3803,35.0484],[126.3516,35.0388],[126.3469,35.0486],[126.3521,35.0525],[126.3491,35.0562],[126.3311,35.0614],[126.344,35.0705],[126.3293,35.0883],[126.3167,35.0867],[126.3184,35.0782],[126.3118,35.0749],[126.3181,35.0703],[126.3007,35.0611],[126.313,35.059],[126.3149,35.0538],[126.2997,35.0424],[126.2948,35.041],[126.3016,35.0466],[126.2908,35.0491],[126.2954,35.0547],[126.2849,35.0616],[126.277,35.054],[126.2621,35.0537],[126.26,35.0664],[126.2442,35.0782],[126.2502,35.097],[126.2418,35.1061],[126.2477,35.1107],[126.2396,35.1076],[126.2613,35.1452],[126.2714,35.1456],[126.2704,35.1502],[126.2743,35.1508],[126.2799,35.1358],[126.287,35.1351],[126.2918,35.1416],[126.3183,35.1314],[126.3303,35.1411],[126.3263,35.1502],[126.3342,35.1493],[126.347,35.1592],[126.3444,35.1154],[126.3316,35.0947],[126.3436,35.092],[126.3532,35.0996],[126.3528,35.0876],[126.3429,35.0861],[126.3452,35.0765],[126.3509,35.08],[126.3607,35.0753],[126.3647,35.0798],[126.3683,35.0774],[126.3643,35.0747],[126.368,35.0713],[126.3657,35.0652],[126.3704,35.062],[126.3816,35.0767],[126.3804,35.0823],[126.3888,35.0867],[126.3981,35.0833],[126.3898,35.0818],[126.3842,35.0678],[126.3908,35.0652],[126.3966,35.0767],[126.4043,35.0707],[126.4076,35.06],[126.3992,35.0528],[126.4034,35.0506],[126.3909,35.0432],[126.4016,35.0433],[126.3989,35.0335],[126.4024,35.0273],[126.4263,35.0281],[126.4179,35.0419],[126.4451,35.059],[126.453,35.0738],[126.4774,35.0649],[126.4632,35.0419],[126.4666,35.0245],[126.4697,35.0209],[126.4805,35.0267],[126.4844,35.018],[126.4977,35.0173],[126.5001,35.0041],[126.4901,35.001],[126.4998,34.9861],[126.512,34.9902],[126.5408,34.9752],[126.5281,34.9474],[126.5419,34.9199],[126.5364,34.9177],[126.5214,34.9292],[126.5136,34.919],[126.5487,34.8793],[126.5527,34.8544],[126.5437,34.8141],[126.5346,34.8031],[126.5194,34.796],[126.52,34.7859],[126.5109,34.7741],[126.4924,34.7701],[126.4743,34.7878],[126.4588,34.7934],[126.4594,34.8086],[126.4544,34.8177],[126.4383,34.8211],[126.4382,34.8366],[126.4068,34.8471],[126.4035,34.8641],[126.3947,34.8693],[126.4015,34.8802],[126.3917,34.8826],[126.3863,34.8779],[126.3936,34.8947],[126.3913,34.8998],[126.3999,34.8995],[126.4046,34.9102],[126.3916,34.92],[126.3894,34.9274],[126.3984,34.935],[126.3873,34.9446],[126.3935,34.9639],[126.3789,34.9712],[126.3799,34.9877],[126.3733,34.9899],[126.3737,34.9986],[126.3678,34.9956],[126.3664,34.9818],[126.371,34.973]]],[[[126.3139,34.9997],[126.3109,35.0145],[126.3194,35.0139],[126.3139,34.9997]]],[[[126.3735,35.0274],[126.3748,35.0286],[126.3742,35.0222],[126.3735,35.0274]]],[[[126.3138,35.042],[126.309,35.042],[126.3109,35.0432],[126.3138,35.042]]],[[[126.3346,35.1646],[126.3366,35.1673],[126.3379,35.1648],[126.3346,35.1646]]],[[[126.3965,34.8594],[126.397,34.8599],[126.399,34.8574],[126.3965,34.8594]]],[[[126.3859,34.8868],[126.3879,34.8868],[126.3878,34.8858],[126.3859,34.8868]]],[[[126.3841,34.9224],[126.3847,34.9219],[126.3847,34.9208],[126.3813,34.9205],[126.3841,34.9224]]]]}},{"type":"Feature","properties":{"sido":"전라남도","sigungu":"보성군","center":[34.8121,127.1701]},"geometry":{"type":"MultiPolygon","coordinates":[[[[127.1439,34.6926],[127.1327,34.7015],[127.1244,34.7012],[127.1147,34.6934],[127.1072,34.6768],[127.0646,34.6605],[127.0629,34.6511],[127.0466,34.6347],[127.042,34.6544],[127.03,34.6625],[127.0196,34.6814],[126.9803,34.683],[126.9816,34.6907],[126.9721,34.7061],[127.0175,34.7406],[127.0204,34.7484],[127.0116,34.77],[127.0241,34.7736],[127.0152,34.7902],[127.0217,34.8195],[127.0311,34.8238],[127.031,34.8341],[127.061,34.8472],[127.0636,34.8615],[127.0891,34.8741],[127.0884,34.8853],[127.082,34.8918],[127.0855,34.8954],[127.0801,34.9049],[127.0812,34.9267],[127.089,34.936],[127.1085,34.9453],[127.1275,34.9686],[127.1516,34.9651],[127.1749,34.9779],[127.1866,34.9688],[127.1904,34.9723],[127.1884,34.9813],[127.1998,34.989],[127.2092,34.9732],[127.2038,34.9668],[127.2205,34.9558],[127.2239,34.9399],[127.2322,34.9363],[127.2397,34.9215],[127.2323,34.918],[127.2273,34.8957],[127.2523,34.8845],[127.2622,34.8923],[127.2735,34.8903],[127.2994,34.9019],[127.325,34.8835],[127.3355,34.8897],[127.3403,34.8698],[127.3568,34.8641],[127.3661,34.8681],[127.3787,34.8535],[127.3801,34.843],[127.4055,34.842],[127.4172,34.8304],[127.3961,34.8253],[127.3824,34.8361],[127.3677,34.8351],[127.3556,34.84],[127.3542,34.8368],[127.383,34.8267],[127.392,34.8145],[127.4277,34.8133],[127.395,34.7963],[127.3911,34.79],[127.3866,34.7913],[127.3837,34.8023],[127.3431,34.8279],[127.3276,34.8224],[127.3193,34.8109],[127.291,34.8108],[127.2764,34.7923],[127.2627,34.7875],[127.2483,34.7895],[127.2461,34.7765],[127.2392,34.7739],[127.2339,34.7627],[127.2288,34.7635],[127.2299,34.7584],[127.2354,34.7586],[127.2094,34.7376],[127.2115,34.7304],[127.1972,34.706],[127.1807,34.6925],[127.1439,34.6926]]],[[[127.4307,34.7794],[127.4187,34.7811],[127.4152,34.7865],[127.4263,34.7856],[127.4307,34.7794]]],[[[127.4699,34.7953],[127.4648,34.7915],[127.47,34.7869],[127.4597,34.7914],[127.4609,34.7837],[127.4548,34.7903],[127.4529,34.7789],[127.4398,34.779],[127.449,34.7875],[127.4464,34.7946],[127.4601,34.7928],[127.4604,34.8025],[127.4699,34.7953]]],[[[127.4735,34.7934],[127.4748,34.7921],[127.4736,34.7917],[127.4735,34.7934]]],[[[127.4365,34.8094],[127.4367,34.8102],[127.4438,34.8106],[127.4365,34.8094]]]]}},{"type":"Feature","properties":{"sido":"전라남도","sigungu":"순천시","center":[35.0092,127.373]},"geometry":{"type":"Polygon","coordinates":[[[127.4882,34.8695],[127.4944,34.8671],[127.495,34.8609],[127.4899,34.8573],[127.4895,34.8436],[127.4662,34.8446],[127.4472,34.8367],[127.4342,34.8398],[127.4194,34.8309],[127.4055,34.842],[127.3801,34.843],[127.3787,34.8535],[127.3663,34.868],[127.3569,34.8641],[127.3439,34.8674],[127.3355,34.8897],[127.325,34.8835],[127.3041,34.9008],[127.2912,34.9013],[127.2735,34.8903],[127.2622,34.8923],[127.2523,34.8845],[127.2273,34.8957],[127.2323,34.918],[127.2397,34.9215],[127.2322,34.9363],[127.2239,34.9399],[127.2205,34.9558],[127.2038,34.9668],[127.2092,34.9732],[127.2013,34.9882],[127.1884,34.9813],[127.1872,34.969],[127.1749,34.9779],[127.1792,34.9844],[127.1749,34.9883],[127.178,35.0063],[127.1877,35.0121],[127.1836,35.0481],[127.1919,35.065],[127.1853,35.0698],[127.1822,35.0955],[127.1905,35.1119],[127.1877,35.1237],[127.1977,35.1324],[127.2143,35.1327],[127.2193,35.1193],[127.2399,35.1114],[127.2412,35.1018],[127.2455,35.1015],[127.2462,35.11],[127.2598,35.0984],[127.2615,35.082],[127.2789,35.0916],[127.2822,35.085],[127.2914,35.0861],[127.2994,35.0784],[127.3226,35.0696],[127.3363,35.0784],[127.337,35.0926],[127.3447,35.0985],[127.3757,35.1008],[127.3861,35.1258],[127.3942,35.1276],[127.4002,35.1387],[127.4114,35.1463],[127.4064,35.1891],[127.4227,35.1861],[127.4469,35.1686],[127.4818,35.1524],[127.4982,35.1334],[127.4968,35.1278],[127.5186,35.1256],[127.5337,35.1066],[127.529,35.0948],[127.5319,35.0837],[127.5256,35.0729],[127.5281,35.0602],[127.5576,35.036],[127.5581,35.0157],[127.5672,35.0042],[127.5494,34.9868],[127.5575,34.9776],[127.546,34.9715],[127.5479,34.959],[127.566,34.9409],[127.5781,34.941],[127.5773,34.9189],[127.5898,34.9168],[127.5868,34.9149],[127.5929,34.8952],[127.5899,34.8933],[127.5939,34.889],[127.5726,34.8846],[127.5502,34.8895],[127.541,34.8849],[127.5358,34.8781],[127.5423,34.8672],[127.5505,34.8632],[127.551,34.8563],[127.5422,34.8433],[127.5329,34.8413],[127.5323,34.8359],[127.5157,34.8662],[127.5181,34.8807],[127.5044,34.8744],[127.491,34.8762],[127.4882,34.8695]]]}},{"type":"Feature","properties":{"sido":"전라남도","sigungu":"신안군","center":[34.7257,126.132]},"geometry":{"type":"MultiPolygon","coordinates":[[[[125.1239,34.088],[125.121,34.0774],[125.1439,34.0557],[125.1448,34.0495],[125.1222,34.0467],[125.1156,34.0512],[125.1124,34.0628],[125.082,34.0746],[125.0934,34.0741],[125.0963,34.0932],[125.0904,34.0997],[125.1073,34.0966],[125.1239,34.088]]],[[[125.0961,34.116],[125.0923,34.1139],[125.0917,34.1146],[125.0961,34.116]]],[[[125.0865,34.1155],[125.0815,34.1174],[125.0834,34.1189],[125.0865,34.1155]]],[[[125.473,34.2128],[125.4688,34.2027],[125.4649,34.2057],[125.473,34.2128]]],[[[125.3131,34.3913],[125.3147,34.3846],[125.308,34.3801],[125.3015,34.3854],[125.296,34.3784],[125.2819,34.4048],[125.287,34.4039],[125.2934,34.3929],[125.3021,34.3962],[125.3131,34.3913]]],[[[125.2758,34.4296],[125.2831,34.433],[125.291,34.4251],[125.2856,34.4172],[125.2758,34.4296]]],[[[125.2899,34.4349],[125.2773,34.4352],[125.2906,34.4526],[125.2961,34.4532],[125.2964,34.4411],[125.2899,34.4349]]],[[[125.2978,34.4535],[125.2991,34.455],[125.3016,34.4543],[125.3008,34.4507],[125.2978,34.4535]]],[[[125.2948,34.4615],[125.3006,34.4642],[125.3032,34.4594],[125.2948,34.4615]]],[[[125.3061,34.4673],[125.3035,34.4634],[125.3005,34.4687],[125.3061,34.4673]]],[[[125.8374,34.5849],[125.8386,34.5853],[125.8396,34.5827],[125.8374,34.5849]]],[[[125.8748,34.6],[125.8767,34.5958],[125.8745,34.5962],[125.8714,34.5985],[125.8748,34.6]]],[[[125.8691,34.6035],[125.8691,34.6007],[125.8689,34.6007],[125.8691,34.6035]]],[[[125.8919,34.5963],[125.8766,34.6072],[125.8723,34.6164],[125.8799,34.6094],[125.8872,34.6097],[125.8919,34.5963]]],[[[125.868,34.606],[125.8695,34.6133],[125.873,34.6065],[125.87,34.6026],[125.868,34.606]]],[[[125.8422,34.5969],[125.8267,34.6005],[125.817,34.5929],[125.8111,34.596],[125.8106,34.6027],[125.8224,34.6043],[125.8255,34.6095],[125.8126,34.6097],[125.8144,34.616],[125.8007,34.6208],[125.8121,34.6218],[125.8209,34.6147],[125.8549,34.6306],[125.8582,34.6227],[125.8539,34.619],[125.8582,34.6195],[125.862,34.6074],[125.8422,34.5969]]],[[[125.8668,34.6165],[125.8673,34.6177],[125.8695,34.6145],[125.8668,34.6165]]],[[[125.881,34.6197],[125.8814,34.6186],[125.8763,34.6211],[125.881,34.6197]]],[[[125.8628,34.6219],[125.8641,34.6236],[125.8663,34.6206],[125.8628,34.6219]]],[[[125.4653,34.6374],[125.4554,34.6424],[125.4554,34.6477],[125.4636,34.6562],[125.4769,34.6546],[125.4795,34.6583],[125.4786,34.6498],[125.4653,34.6374]]],[[[125.886,34.6575],[125.8869,34.6568],[125.8841,34.6556],[125.886,34.6575]]],[[[125.4317,34.6856],[125.4411,34.6849],[125.4442,34.6882],[125.4377,34.6894],[125.4465,34.6946],[125.4522,34.6911],[125.4547,34.6968],[125.4654,34.6934],[125.4657,34.6873],[125.461,34.6813],[125.4538,34.6848],[125.4481,34.6806],[125.4449,34.6629],[125.4354,34.6575],[125.4274,34.6587],[125.4303,34.6437],[125.4148,34.6385],[125.4138,34.6224],[125.4029,34.6228],[125.3887,34.6332],[125.3845,34.6438],[125.3981,34.6472],[125.3864,34.654],[125.3869,34.659],[125.397,34.6641],[125.3959,34.6722],[125.4078,34.6856],[125.4073,34.6956],[125.4424,34.7025],[125.4436,34.6963],[125.4334,34.6963],[125.4317,34.6856]]],[[[125.3707,34.6657],[125.3622,34.6699],[125.3615,34.6765],[125.3795,34.6816],[125.3896,34.6919],[125.3865,34.6985],[125.3952,34.7001],[125.3967,34.6919],[125.3707,34.6657]]],[[[125.1938,34.6794],[125.1977,34.6729],[125.1903,34.6724],[125.1885,34.6641],[125.181,34.6645],[125.1726,34.6735],[125.1783,34.6764],[125.1826,34.6884],[125.192,34.6865],[125.1993,34.7107],[125.2002,34.711],[125.2009,34.7113],[125.2016,34.7116],[125.2066,34.714],[125.2067,34.7165],[125.2131,34.7155],[125.2132,34.6954],[125.2032,34.6802],[125.1938,34.6794]]],[[[125.4677,34.7006],[125.4686,34.6964],[125.4612,34.7016],[125.4625,34.7048],[125.4677,34.7006]]],[[[125.9045,34.7153],[125.9065,34.708],[125.902,34.7099],[125.9005,34.716],[125.9045,34.7153]]],[[[125.2026,34.7132],[125.2009,34.7113],[125.2014,34.7155],[125.2026,34.7132]]],[[[125.1892,34.7205],[125.1907,34.7131],[125.1896,34.7132],[125.1892,34.7205]]],[[[125.4092,34.7155],[125.4057,34.7142],[125.4041,34.7176],[125.4068,34.7206],[125.4092,34.7155]]],[[[125.2046,34.7201],[125.2029,34.7174],[125.2028,34.7182],[125.2046,34.7201]]],[[[125.2016,34.7248],[125.1981,34.7233],[125.198,34.7249],[125.2016,34.7248]]],[[[125.4786,34.7348],[125.4804,34.7268],[125.4624,34.7267],[125.4668,34.7177],[125.4622,34.7119],[125.4598,34.7192],[125.4485,34.7269],[125.4528,34.7255],[125.4535,34.7313],[125.4613,34.7324],[125.4543,34.7429],[125.4786,34.7348]]],[[[125.4504,34.7298],[125.4443,34.7266],[125.4445,34.7285],[125.4504,34.7298]]],[[[125.8837,34.7368],[125.885,34.7336],[125.8839,34.7337],[125.8837,34.7368]]],[[[125.4514,34.7387],[125.4493,34.7322],[125.4363,34.7343],[125.437,34.742],[125.4514,34.7387]]],[[[125.44,34.7439],[125.4408,34.7431],[125.4376,34.7436],[125.44,34.7439]]],[[[125.4311,34.7464],[125.4344,34.7442],[125.4299,34.7443],[125.4311,34.7464]]],[[[125.4279,34.7518],[125.4264,34.7573],[125.4353,34.7541],[125.4385,34.7488],[125.4279,34.7518]]],[[[125.9031,34.7893],[125.9062,34.7849],[125.9009,34.7864],[125.9031,34.7893]]],[[[126.0404,34.5461],[126.0444,34.5436],[126.0401,34.5435],[126.0404,34.5461]]],[[[126.0061,34.5873],[126.0049,34.5876],[126.0047,34.5921],[126.0061,34.5873]]],[[[126.0006,34.5931],[126.001,34.5875],[125.9963,34.5888],[126.0006,34.5931]]],[[[125.9764,34.5955],[125.9796,34.5799],[125.9762,34.5779],[125.9662,34.5808],[125.971,34.5835],[125.9669,34.5881],[125.9742,34.59],[125.9722,34.5952],[125.956,34.5952],[125.9586,34.5989],[125.9672,34.5978],[125.9739,34.605],[125.9754,34.6008],[125.9851,34.6042],[125.9764,34.5955]]],[[[125.9902,34.5918],[125.9881,34.5911],[125.9871,34.593],[125.9902,34.5918]]],[[[126.0032,34.6063],[126.0071,34.6069],[126.0045,34.5984],[125.9975,34.5975],[126.0032,34.6063]]],[[[126.0409,34.6319],[126.0388,34.6068],[126.0463,34.6027],[126.0551,34.6048],[126.0651,34.5824],[126.0561,34.568],[126.0317,34.5721],[126.0297,34.5653],[126.0195,34.5636],[126.0175,34.5719],[126.0211,34.5737],[126.0115,34.5893],[126.0148,34.5859],[126.0264,34.5929],[126.0195,34.6002],[126.0109,34.5963],[126.0142,34.6024],[126.0107,34.6076],[126.0165,34.6176],[126.0098,34.6314],[126.0283,34.6359],[126.0282,34.6469],[126.0437,34.66],[126.0474,34.6694],[126.0531,34.6501],[126.0437,34.6289],[126.0409,34.6319]]],[[[126.0099,34.6109],[125.9974,34.6058],[125.9959,34.613],[125.9902,34.6043],[125.9877,34.6163],[125.9985,34.6184],[125.9914,34.621],[125.9931,34.6304],[126.0043,34.6294],[126.0099,34.6109]]],[[[125.9793,34.6213],[125.9715,34.6192],[125.9647,34.6282],[125.9564,34.6231],[125.9465,34.6378],[125.9535,34.6371],[125.9605,34.6453],[125.9757,34.6322],[125.9793,34.6213]]],[[[125.9433,34.6305],[125.9412,34.6282],[125.9405,34.636],[125.9433,34.6305]]],[[[126.0124,34.6455],[126.0201,34.6398],[126.0074,34.634],[126.0023,34.6386],[126.0124,34.6455]]],[[[126.0082,34.6517],[126.0125,34.6463],[126.0061,34.648],[126.0045,34.6513],[126.0082,34.6517]]],[[[125.9551,34.6518],[125.9508,34.6534],[125.9583,34.6536],[125.9551,34.6518]]],[[[126.0101,34.6564],[126.0088,34.6577],[126.0114,34.6601],[126.0157,34.6587],[126.0101,34.6564]]],[[[126.0202,34.6646],[126.0152,34.6665],[126.0154,34.6683],[126.0211,34.6686],[126.0202,34.6646]]],[[[126.0335,34.6681],[126.0342,34.673],[126.0391,34.6725],[126.0335,34.6681]]],[[[126.0289,34.6706],[126.0243,34.6705],[126.0255,34.6715],[126.0289,34.6706]]],[[[126.0137,34.6871],[126.0156,34.6858],[126.0109,34.6823],[126.0137,34.6871]]],[[[125.9813,34.7226],[125.9917,34.7196],[125.9914,34.7111],[125.998,34.7058],[125.9973,34.7191],[126.0047,34.7205],[125.9903,34.7297],[125.9993,34.7315],[126.0105,34.7215],[126.0147,34.7104],[126.0086,34.7038],[126.015,34.7011],[126.0084,34.6844],[125.9804,34.6726],[125.9812,34.6639],[125.976,34.6591],[125.9557,34.6575],[125.9537,34.6718],[125.9403,34.6632],[125.9313,34.6688],[125.9355,34.6733],[125.9333,34.6768],[125.928,34.6773],[125.9253,34.6683],[125.9204,34.6714],[125.9222,34.679],[125.9156,34.6773],[125.9159,34.7112],[125.9463,34.7144],[125.9475,34.7224],[125.9608,34.7375],[125.9789,34.7184],[125.9813,34.7226]]],[[[126.0397,34.7274],[126.0395,34.7265],[126.0374,34.7284],[126.0397,34.7274]]],[[[126.0344,34.7359],[126.0346,34.7376],[126.0457,34.7326],[126.0344,34.7359]]],[[[125.9868,34.74],[125.9894,34.7383],[125.9889,34.7368],[125.9868,34.74]]],[[[125.9501,34.7423],[125.9533,34.7396],[125.9514,34.7391],[125.9501,34.7423]]],[[[126.0291,34.7464],[126.0252,34.7401],[126.0317,34.7273],[126.0295,34.7217],[126.0182,34.7233],[126.0106,34.7451],[126.0169,34.7669],[126.0278,34.7638],[126.0291,34.7464]]],[[[125.9957,34.7798],[126.001,34.773],[126.0002,34.7621],[125.992,34.7552],[125.9892,34.762],[125.9771,34.7525],[125.9634,34.7519],[125.9627,34.7468],[125.9548,34.7525],[125.9401,34.7513],[125.9511,34.7324],[125.9442,34.7302],[125.9385,34.7192],[125.9082,34.7159],[125.9014,34.7192],[125.9028,34.7254],[125.8942,34.7262],[125.8934,34.732],[125.8861,34.7305],[125.8939,34.7599],[125.8887,34.7652],[125.8988,34.7812],[125.9104,34.7803],[125.9111,34.776],[125.9156,34.7764],[125.915,34.7804],[125.925,34.7749],[125.9364,34.7763],[125.9528,34.7841],[125.9516,34.7889],[125.9635,34.7866],[125.9739,34.8033],[125.992,34.8073],[125.9968,34.8056],[126.0009,34.7897],[125.9957,34.7798]]],[[[126.0487,34.7717],[126.049,34.774],[126.0501,34.7739],[126.0487,34.7717]]],[[[125.9218,34.7818],[125.9212,34.7816],[125.9201,34.7835],[125.9223,34.7869],[125.9218,34.7818]]],[[[125.9105,34.787],[125.9041,34.7898],[125.9092,34.7959],[125.9173,34.7922],[125.9105,34.787]]],[[[125.9577,34.7973],[125.9544,34.7992],[125.955,34.7996],[125.9577,34.7973]]],[[[125.9711,34.8621],[125.9675,34.8631],[125.9707,34.8644],[125.9711,34.8621]]],[[[126.0802,34.9309],[126.0778,34.9214],[126.083,34.9264],[126.0812,34.9204],[126.0919,34.9232],[126.0842,34.9125],[126.0985,34.9114],[126.0963,34.9043],[126.1041,34.9011],[126.0958,34.8753],[126.0853,34.8636],[126.0503,34.8534],[126.0436,34.8428],[126.0319,34.8578],[126.0256,34.8595],[126.0236,34.8555],[126.0171,34.8605],[126.0218,34.865],[126.0087,34.8586],[125.9971,34.8649],[125.9825,34.8614],[125.9739,34.8644],[125.98,34.8672],[125.9772,34.8724],[125.968,34.8698],[125.9657,34.8734],[125.9678,34.8773],[125.9893,34.8772],[125.9949,34.8828],[125.9921,34.8886],[125.9989,34.8892],[126.0136,34.9135],[126.0312,34.9095],[126.0369,34.9199],[126.0461,34.9119],[126.0526,34.9127],[126.0581,34.9202],[126.0502,34.9233],[126.0571,34.9251],[126.0552,34.9387],[126.0802,34.9309]]],[[[126.0084,34.9112],[126.0089,34.9105],[126.0034,34.9089],[126.003,34.9127],[126.0084,34.9112]]],[[[126.0209,34.9224],[126.0202,34.9194],[126.0143,34.9241],[126.0209,34.9224]]],[[[126.0191,34.9275],[126.0163,34.9313],[126.02,34.9316],[126.0191,34.9275]]],[[[125.924,35.0773],[125.9197,35.0768],[125.9166,35.0809],[125.9214,35.084],[125.924,35.0773]]],[[[126.0356,35.0937],[126.0269,35.0758],[126.0171,35.0785],[126.01,35.0973],[126.0175,35.1],[126.0161,35.1047],[126.0311,35.0921],[126.0356,35.0937]]],[[[126.0469,35.0975],[126.0485,35.096],[126.0463,35.0959],[126.0469,35.0975]]],[[[126.0372,35.1015],[126.0402,35.1004],[126.0397,35.0984],[126.0372,35.1015]]],[[[126.0426,35.111],[126.0421,35.1136],[126.0488,35.1158],[126.0503,35.1053],[126.0426,35.111]]],[[[126.1364,34.581],[126.1486,34.5815],[126.1494,34.5757],[126.1364,34.581]]],[[[126.1034,34.6049],[126.0992,34.5967],[126.1115,34.5884],[126.1033,34.5832],[126.105,34.5787],[126.0995,34.58],[126.1028,34.5737],[126.0935,34.5696],[126.1023,34.5589],[126.1011,34.5531],[126.0829,34.5551],[126.0867,34.5463],[126.0781,34.5401],[126.0623,34.5392],[126.0648,34.5342],[126.0567,34.5305],[126.0252,34.5344],[126.0293,34.5441],[126.0372,34.5383],[126.047,34.539],[126.0445,34.5468],[126.0579,34.5495],[126.0555,34.556],[126.0385,34.5578],[126.0342,34.5499],[126.0317,34.5528],[126.0273,34.5488],[126.0257,34.5559],[126.031,34.5627],[126.046,34.5655],[126.0648,34.5614],[126.0706,34.5724],[126.0804,34.5783],[126.0676,34.594],[126.0639,34.608],[126.0459,34.6092],[126.0492,34.6289],[126.0685,34.6353],[126.0875,34.6091],[126.0984,34.6094],[126.1034,34.6049]]],[[[126.1231,34.6131],[126.125,34.612],[126.1243,34.6108],[126.1231,34.6131]]],[[[126.1093,34.6147],[126.1163,34.614],[126.1142,34.6119],[126.1087,34.6116],[126.1093,34.6147]]],[[[126.1109,34.6185],[126.108,34.6229],[126.118,34.6291],[126.1266,34.6198],[126.1109,34.6185]]],[[[126.0759,34.6337],[126.0715,34.6407],[126.0795,34.6431],[126.0892,34.6299],[126.0759,34.6337]]],[[[126.0939,34.639],[126.0962,34.6359],[126.094,34.6352],[126.0939,34.639]]],[[[126.0913,34.643],[126.0926,34.6406],[126.0888,34.6402],[126.0913,34.643]]],[[[126.0791,34.6434],[126.0698,34.6434],[126.0637,34.6549],[126.0646,34.6847],[126.0806,34.6906],[126.0856,34.6598],[126.0791,34.6434]]],[[[126.1213,34.7773],[126.1384,34.7584],[126.1629,34.7583],[126.1751,34.7537],[126.1804,34.7418],[126.1937,34.7318],[126.1963,34.7195],[126.1759,34.6998],[126.1591,34.6985],[126.1454,34.6863],[126.1259,34.6833],[126.1172,34.6844],[126.1089,34.6961],[126.0992,34.6968],[126.0937,34.7071],[126.0785,34.7052],[126.0724,34.7122],[126.0671,34.707],[126.0636,34.7124],[126.0714,34.7319],[126.0701,34.7405],[126.0807,34.7501],[126.0631,34.7687],[126.0679,34.772],[126.0867,34.7665],[126.0755,34.7729],[126.0786,34.779],[126.0968,34.7714],[126.1213,34.7773]]],[[[126.0596,34.7394],[126.0397,34.7565],[126.0572,34.7714],[126.0558,34.7618],[126.061,34.751],[126.0596,34.7394]]],[[[126.175,34.7622],[126.1696,34.7578],[126.1402,34.7606],[126.1235,34.7795],[126.0995,34.7777],[126.0814,34.7887],[126.0869,34.7926],[126.1174,34.7929],[126.1328,34.7997],[126.1581,34.8243],[126.1656,34.821],[126.1692,34.7898],[126.1734,34.789],[126.175,34.7622]]],[[[126.085,34.8073],[126.0871,34.8057],[126.085,34.8052],[126.085,34.8073]]],[[[126.0729,34.8118],[126.0796,34.7983],[126.0768,34.7942],[126.0647,34.8076],[126.0472,34.8165],[126.0428,34.8254],[126.048,34.8282],[126.0729,34.8118]]],[[[126.0799,34.8141],[126.0805,34.815],[126.0821,34.8126],[126.0799,34.8141]]],[[[126.1454,34.8161],[126.1433,34.8177],[126.1436,34.8181],[126.1454,34.8161]]],[[[126.0668,34.8259],[126.0686,34.8269],[126.0702,34.8237],[126.0668,34.8259]]],[[[126.0597,34.8341],[126.0643,34.8298],[126.0624,34.8291],[126.0583,34.8302],[126.0597,34.8341]]],[[[126.1379,34.8752],[126.144,34.881],[126.1579,34.862],[126.1498,34.8588],[126.1353,34.8623],[126.1348,34.8529],[126.1511,34.8454],[126.1486,34.839],[126.1396,34.835],[126.1435,34.8241],[126.1217,34.8344],[126.1147,34.826],[126.123,34.8125],[126.119,34.8003],[126.0939,34.7966],[126.0912,34.8014],[126.0962,34.8053],[126.0906,34.815],[126.0738,34.823],[126.0763,34.8281],[126.0584,34.8496],[126.0752,34.8511],[126.0873,34.861],[126.1022,34.8515],[126.1153,34.8509],[126.1201,34.8578],[126.1102,34.8649],[126.1124,34.8748],[126.1084,34.8793],[126.119,34.8821],[126.1379,34.8752]]],[[[126.0555,34.8461],[126.0587,34.8456],[126.0577,34.8424],[126.0555,34.8461]]],[[[126.1208,34.8889],[126.1243,34.8876],[126.1199,34.885],[126.1156,34.8854],[126.1208,34.8889]]],[[[126.1074,34.8895],[126.1118,34.8865],[126.1109,34.8849],[126.1048,34.8847],[126.1074,34.8895]]],[[[126.1152,34.9505],[126.1174,34.9484],[126.1164,34.948],[126.1152,34.9505]]],[[[126.125,34.962],[126.1241,34.9611],[126.1222,34.962],[126.125,34.962]]],[[[126.1819,34.9973],[126.1768,34.9937],[126.1832,34.9936],[126.1877,34.9865],[126.1763,34.9492],[126.158,34.9379],[126.1447,34.9414],[126.1407,34.9471],[126.1261,34.942],[126.1235,34.9509],[126.1352,34.9675],[126.1362,34.9973],[126.1332,35.0014],[126.1138,34.9925],[126.1121,34.9973],[126.1046,34.9941],[126.1029,34.9998],[126.0971,34.9998],[126.0989,35.0054],[126.1138,35.0098],[126.1147,35.0184],[126.1265,35.0269],[126.1316,35.0236],[126.1326,35.0273],[126.1574,35.0263],[126.1666,35.0212],[126.1819,34.9973]]],[[[126.0971,34.997],[126.0964,34.9988],[126.0993,34.9988],[126.0971,34.997]]],[[[126.1005,35.015],[126.104,35.0136],[126.1034,35.0103],[126.1005,35.015]]],[[[126.1042,35.0191],[126.1055,35.0171],[126.1029,35.0172],[126.1042,35.0191]]],[[[126.1101,35.0213],[126.1128,35.0203],[126.1095,35.0161],[126.1101,35.0213]]],[[[126.1079,35.0237],[126.105,35.0257],[126.1133,35.0278],[126.1079,35.0237]]],[[[126.1285,35.041],[126.133,35.0412],[126.1328,35.0393],[126.1253,35.0382],[126.1285,35.041]]],[[[126.1143,35.0546],[126.1148,35.0529],[126.1117,35.0529],[126.1143,35.0546]]],[[[126.1228,35.0626],[126.1207,35.0645],[126.1217,35.0663],[126.1228,35.0626]]],[[[126.1341,35.0662],[126.132,35.0669],[126.1329,35.0686],[126.1341,35.0662]]],[[[126.1308,35.0747],[126.1358,35.0706],[126.1322,35.0701],[126.1308,35.0747]]],[[[126.1477,35.0786],[126.15,35.073],[126.1483,35.0731],[126.1477,35.0786]]],[[[126.1419,35.0819],[126.1291,35.0843],[126.1342,35.0933],[126.1436,35.0937],[126.1471,35.084],[126.1419,35.0819]]],[[[126.1205,35.0995],[126.1243,35.0809],[126.1157,35.0664],[126.1186,35.0613],[126.1059,35.0568],[126.1086,35.049],[126.0968,35.0471],[126.0758,35.0535],[126.0743,35.0672],[126.0641,35.0649],[126.0635,35.0551],[126.0565,35.0565],[126.0561,35.0631],[126.0367,35.0651],[126.0371,35.0711],[126.0458,35.0735],[126.0407,35.0784],[126.0415,35.0853],[126.0511,35.0939],[126.0484,35.1026],[126.0711,35.1047],[126.0848,35.1116],[126.1003,35.132],[126.1091,35.1327],[126.1132,35.1438],[126.1649,35.1459],[126.1453,35.1374],[126.1205,35.0995]]],[[[126.0637,35.1061],[126.0566,35.1129],[126.0594,35.1136],[126.0657,35.1091],[126.0637,35.1061]]],[[[126.1514,34.5698],[126.1557,34.5644],[126.1471,34.563],[126.1467,34.5692],[126.1514,34.5698]]],[[[126.1987,34.5659],[126.1968,34.5683],[126.199,34.5687],[126.1987,34.5659]]],[[[126.1968,34.5701],[126.1934,34.5709],[126.1961,34.5724],[126.1968,34.5701]]],[[[126.1948,34.5825],[126.2,34.5822],[126.1963,34.5738],[126.1875,34.5755],[126.1948,34.5825]]],[[[126.1835,34.5855],[126.1882,34.586],[126.1884,34.5847],[126.1835,34.5855]]],[[[126.1864,34.6123],[126.1824,34.6109],[126.1811,34.6184],[126.1864,34.6123]]],[[[126.1804,34.6178],[126.1775,34.6121],[126.1735,34.6159],[126.1739,34.6194],[126.1804,34.6178]]],[[[126.2042,34.6379],[126.2048,34.6383],[126.2056,34.6351],[126.2042,34.6379]]],[[[126.1844,34.6624],[126.1884,34.6499],[126.1851,34.6388],[126.2013,34.6429],[126.2026,34.6349],[126.1619,34.6161],[126.1216,34.6153],[126.1286,34.6209],[126.1082,34.6466],[126.1174,34.6644],[126.1427,34.6743],[126.1844,34.6624]]],[[[126.1874,34.6635],[126.1901,34.6633],[126.1887,34.661],[126.1874,34.6635]]],[[[126.1515,34.6785],[126.1552,34.6748],[126.1542,34.6747],[126.1515,34.6785]]],[[[126.1739,34.6731],[126.1541,34.6883],[126.1691,34.6973],[126.177,34.6946],[126.1936,34.7098],[126.2038,34.7001],[126.1966,34.6834],[126.1849,34.674],[126.1739,34.6731]]],[[[126.1717,34.8234],[126.1717,34.8242],[126.1739,34.8242],[126.1717,34.8234]]],[[[126.1564,34.8586],[126.1577,34.8556],[126.1559,34.8558],[126.1564,34.8586]]],[[[126.1816,34.8783],[126.1807,34.8776],[126.1802,34.8784],[126.1816,34.8783]]],[[[126.169,34.8843],[126.1689,34.8751],[126.1674,34.875],[126.165,34.8812],[126.169,34.8843]]],[[[126.168,34.8922],[126.1701,34.8909],[126.1677,34.8889],[126.168,34.8922]]],[[[126.1624,34.8924],[126.1626,34.8925],[126.1644,34.8903],[126.1624,34.8924]]],[[[126.1897,34.8955],[126.189,34.8898],[126.1758,34.8804],[126.1726,34.8878],[126.1803,34.8922],[126.175,34.9008],[126.1897,34.8955]]],[[[126.1718,34.8959],[126.1676,34.899],[126.1691,34.9003],[126.1718,34.8959]]],[[[126.2008,34.8981],[126.1971,34.8995],[126.1985,34.9008],[126.2008,34.8981]]],[[[126.1661,34.9189],[126.1656,34.9236],[126.1725,34.9195],[126.1661,34.9189]]],[[[126.1748,34.924],[126.1706,34.9231],[126.1719,34.9269],[126.1768,34.9266],[126.1748,34.924]]],[[[126.1524,34.9262],[126.1501,34.9268],[126.1513,34.9288],[126.1524,34.9262]]],[[[126.1766,34.9325],[126.1766,34.9288],[126.175,34.9286],[126.1718,34.9321],[126.1766,34.9325]]],[[[126.1822,34.9402],[126.1789,34.9362],[126.1784,34.9387],[126.1822,34.9402]]],[[[126.1878,35.0022],[126.1884,35.0034],[126.196,34.9962],[126.1902,34.9938],[126.1878,35.0022]]],[[[126.1985,35.0116],[126.1996,35.0113],[126.2014,35.0061],[126.1953,35.0065],[126.1985,35.0116]]],[[[126.1803,35.0521],[126.1857,35.0424],[126.1924,35.0449],[126.2004,35.0397],[126.1952,35.028],[126.1957,35.0102],[126.1901,35.0074],[126.1933,35.0169],[126.1838,35.0214],[126.1825,35.0272],[126.1696,35.0246],[126.1671,35.0338],[126.1486,35.0336],[126.14,35.042],[126.1336,35.0419],[126.1367,35.0473],[126.1265,35.0478],[126.1373,35.0577],[126.1803,35.0521]]],[[[126.1507,35.0654],[126.1548,35.061],[126.1531,35.0602],[126.1507,35.0654]]],[[[126.1555,35.075],[126.1569,35.0749],[126.1566,35.0709],[126.1555,35.075]]],[[[126.1547,35.0805],[126.1568,35.0805],[126.1578,35.0774],[126.1534,35.0773],[126.1547,35.0805]]],[[[126.1545,35.0848],[126.1562,35.0846],[126.1554,35.0827],[126.1545,35.0848]]],[[[126.2054,35.1217],[126.2101,35.1135],[126.203,35.111],[126.2,35.117],[126.2054,35.1217]]],[[[126.1932,35.1196],[126.1944,35.1177],[126.1899,35.1189],[126.1932,35.1196]]],[[[126.2035,35.1293],[126.2097,35.1263],[126.2066,35.1222],[126.2003,35.1273],[126.2035,35.1293]]],[[[126.15,35.128],[126.1488,35.1281],[126.1486,35.1304],[126.15,35.128]]],[[[126.1696,35.1316],[126.1731,35.1297],[126.1703,35.1281],[126.1658,35.1289],[126.1696,35.1316]]],[[[126.196,35.1386],[126.192,35.132],[126.1815,35.1302],[126.1854,35.1356],[126.1829,35.1425],[126.1961,35.1475],[126.2039,35.1449],[126.1999,35.1368],[126.196,35.1386]]],[[[126.2152,34.6261],[126.2192,34.6247],[126.2129,34.6173],[126.1983,34.6206],[126.1928,34.627],[126.2152,34.6261]]],[[[126.2096,34.6717],[126.2122,34.671],[126.2106,34.6687],[126.2096,34.6717]]],[[[126.3472,34.8104],[126.3507,34.8083],[126.3504,34.8064],[126.3472,34.8104]]],[[[126.3371,34.8149],[126.3418,34.811],[126.3384,34.8098],[126.3336,34.8137],[126.3371,34.8149]]],[[[126.3065,34.8433],[126.3096,34.8426],[126.3061,34.8378],[126.3031,34.841],[126.3065,34.8433]]],[[[126.3101,34.843],[126.3125,34.8438],[126.3117,34.8414],[126.3101,34.843]]],[[[126.2935,34.8488],[126.2948,34.8493],[126.2927,34.8451],[126.2935,34.8488]]],[[[126.2151,34.8514],[126.2235,34.8504],[126.2209,34.8476],[126.2151,34.8514]]],[[[126.3695,34.8681],[126.3725,34.8671],[126.3705,34.8625],[126.3695,34.8681]]],[[[126.3115,34.9089],[126.3211,34.9077],[126.3192,34.9132],[126.3356,34.9092],[126.3406,34.9016],[126.3517,34.8984],[126.3495,34.8872],[126.3453,34.8944],[126.3371,34.8934],[126.3349,34.8866],[126.3264,34.8917],[126.3299,34.8793],[126.3195,34.8837],[126.313,34.879],[126.3257,34.8731],[126.3156,34.8666],[126.321,34.8622],[126.3543,34.8647],[126.3627,34.8565],[126.3679,34.8575],[126.3716,34.8433],[126.3655,34.8362],[126.3714,34.839],[126.3734,34.8331],[126.3658,34.8314],[126.3676,34.824],[126.3612,34.8227],[126.3576,34.8146],[126.3275,34.8216],[126.327,34.8249],[126.336,34.8268],[126.3369,34.8337],[126.3458,34.8354],[126.3439,34.8421],[126.3365,34.8396],[126.3343,34.8484],[126.3286,34.8511],[126.3164,34.8461],[126.3126,34.8533],[126.2956,34.8514],[126.2766,34.8557],[126.2622,34.8401],[126.2409,34.8477],[126.2266,34.8475],[126.2329,34.8648],[126.2434,34.8587],[126.2642,34.8593],[126.2694,34.8729],[126.2739,34.8641],[126.2793,34.8634],[126.2804,34.8865],[126.2926,34.8813],[126.3037,34.8872],[126.2952,34.9015],[126.2805,34.9104],[126.2964,34.922],[126.3115,34.9089]]],[[[126.3666,34.8658],[126.3573,34.8656],[126.3622,34.8751],[126.3788,34.8787],[126.3666,34.8658]]],[[[126.3468,34.8815],[126.3484,34.8839],[126.3483,34.8758],[126.3468,34.8815]]],[[[126.219,34.8932],[126.2225,34.8926],[126.2196,34.8913],[126.219,34.8932]]],[[[126.2622,34.9024],[126.2583,34.9032],[126.2625,34.9036],[126.2622,34.9024]]],[[[126.3515,34.9005],[126.3437,34.9069],[126.3518,34.9127],[126.3515,34.9005]]],[[[126.2772,34.914],[126.2764,34.9121],[126.2759,34.9121],[126.2772,34.914]]],[[[126.2888,34.9224],[126.2916,34.923],[126.2897,34.9206],[126.2888,34.9224]]],[[[126.2551,34.9134],[126.2458,34.9171],[126.2341,34.9094],[126.2201,34.9187],[126.2275,34.9376],[126.2387,34.933],[126.2521,34.935],[126.2551,34.9134]]],[[[126.2757,34.9307],[126.2782,34.9303],[126.2763,34.9266],[126.2757,34.9307]]],[[[126.2769,34.9314],[126.2736,34.9326],[126.2743,34.9338],[126.2769,34.9314]]],[[[126.2718,34.9383],[126.27,34.939],[126.2687,34.9408],[126.2718,34.9383]]],[[[126.2755,34.9441],[126.2728,34.9446],[126.2735,34.9465],[126.2755,34.9441]]],[[[126.256,34.9452],[126.2535,34.9425],[126.2508,34.9431],[126.252,34.9515],[126.256,34.9452]]],[[[126.2268,34.9651],[126.2164,34.952],[126.2145,34.9334],[126.1994,34.916],[126.1902,34.9172],[126.1877,34.922],[126.1929,34.9222],[126.188,34.9461],[126.2041,34.9833],[126.2269,34.9861],[126.2306,34.9799],[126.2268,34.9651]]],[[[126.2478,34.9472],[126.2434,34.9444],[126.23,34.9511],[126.2387,34.958],[126.2469,34.9546],[126.2478,34.9472]]],[[[126.2888,34.9626],[126.3006,34.9383],[126.2982,34.9334],[126.281,34.9347],[126.287,34.9424],[126.2765,34.9479],[126.2718,34.9568],[126.2628,34.9518],[126.2584,34.9572],[126.2579,34.9624],[126.2647,34.9638],[126.2636,34.9688],[126.2888,34.9626]]],[[[126.2305,34.9548],[126.2273,34.9542],[126.2275,34.9561],[126.2305,34.9548]]],[[[126.2335,34.9795],[126.2346,34.9824],[126.2367,34.9785],[126.2332,34.9738],[126.2335,34.9795]]],[[[126.2653,34.9946],[126.2702,34.9939],[126.2707,34.9762],[126.2489,34.9729],[126.2443,34.9757],[126.2506,34.9823],[126.2518,35.0004],[126.2465,35.0063],[126.2616,35.0059],[126.2653,34.9946]]],[[[126.2272,35.001],[126.2329,35.001],[126.2327,34.9957],[126.2262,34.9964],[126.2272,35.001]]],[[[126.2137,35.0321],[126.2153,35.0281],[126.2144,35.028],[126.2106,35.0312],[126.2137,35.0321]]],[[[126.2142,35.0364],[126.2153,35.0352],[126.2146,35.0341],[126.2142,35.0364]]],[[[126.2173,35.0369],[126.2176,35.0379],[126.2212,35.0378],[126.2198,35.0338],[126.2173,35.0369]]],[[[126.2452,35.0764],[126.26,35.0664],[126.2642,35.0424],[126.2742,35.0377],[126.2659,35.0223],[126.2502,35.0117],[126.2429,35.0275],[126.2415,35.0191],[126.2271,35.0197],[126.2316,35.026],[126.2276,35.0381],[126.2352,35.0442],[126.2327,35.0531],[126.2226,35.0578],[126.2045,35.0569],[126.21,35.0454],[126.2054,35.0395],[126.1942,35.055],[126.2042,35.0571],[126.2008,35.0618],[126.1824,35.0578],[126.1801,35.0664],[126.1727,35.0635],[126.1674,35.0724],[126.1612,35.0667],[126.1656,35.0835],[126.157,35.0897],[126.167,35.1038],[126.178,35.1042],[126.1904,35.1128],[126.2098,35.1032],[126.2179,35.1067],[126.2326,35.0985],[126.2363,35.1015],[126.2477,35.0971],[126.2452,35.0764]]],[[[126.2189,35.1332],[126.2201,35.1343],[126.2203,35.1277],[126.2189,35.1332]]]]}},{"type":"Feature","properties":{"sido":"전라남도","sigungu":"여수시","center":[34.7662,127.6686]},"geometry":{"type":"MultiPolygon","coordinates":[[[[127.3746,34.0087],[127.3744,34.0062],[127.373,34.0063],[127.3746,34.0087]]],[[[127.3741,34.0118],[127.3729,34.0114],[127.371,34.0152],[127.3741,34.0118]]],[[[127.3246,34.021],[127.3226,34.0205],[127.3234,34.0224],[127.3246,34.021]]],[[[127.3747,34.0213],[127.3707,34.0201],[127.3708,34.0219],[127.3747,34.0213]]],[[[127.3219,34.028],[127.3248,34.0248],[127.3093,34.0238],[127.3073,34.0284],[127.3219,34.028]]],[[[127.2973,34.055],[127.2924,34.048],[127.2969,34.0322],[127.3075,34.026],[127.305,34.019],[127.3246,34.0153],[127.3246,34.0049],[127.3164,34.0129],[127.2945,34.0142],[127.2884,34.0332],[127.2812,34.0345],[127.2818,34.0513],[127.2742,34.0524],[127.2802,34.0604],[127.2831,34.0547],[127.2862,34.0589],[127.2944,34.0556],[127.2911,34.0628],[127.2961,34.0622],[127.2973,34.055]]],[[[127.3178,34.0563],[127.3235,34.059],[127.3247,34.0455],[127.3327,34.0415],[127.3348,34.0341],[127.3134,34.0402],[127.3092,34.0323],[127.314,34.0431],[127.303,34.0583],[127.3178,34.0563]]],[[[127.2606,34.2124],[127.2606,34.213],[127.2637,34.2121],[127.2606,34.2124]]],[[[127.198,34.2244],[127.2012,34.2206],[127.1971,34.2155],[127.1924,34.2191],[127.198,34.2244]]],[[[127.2224,34.221],[127.2175,34.223],[127.2195,34.2248],[127.2239,34.2244],[127.2224,34.221]]],[[[127.4587,34.2332],[127.4659,34.2276],[127.4615,34.2268],[127.4577,34.228],[127.4587,34.2332]]],[[[127.258,34.2371],[127.2617,34.2245],[127.2499,34.2218],[127.2583,34.2192],[127.259,34.2115],[127.2447,34.2141],[127.2412,34.219],[127.2214,34.2102],[127.2331,34.2367],[127.2432,34.238],[127.243,34.248],[127.2564,34.2513],[127.2631,34.2451],[127.258,34.2371]]],[[[127.2649,34.2339],[127.2674,34.2309],[127.2643,34.2317],[127.2649,34.2339]]],[[[127.461,34.2339],[127.4604,34.2345],[127.4613,34.2353],[127.461,34.2339]]],[[[127.266,34.2421],[127.2716,34.2379],[127.2696,34.2366],[127.266,34.2421]]],[[[127.4496,34.2505],[127.4564,34.2429],[127.4472,34.2412],[127.4444,34.2441],[127.4496,34.2505]]],[[[127.536,34.2552],[127.5354,34.2532],[127.5337,34.2541],[127.536,34.2552]]],[[[127.4469,34.2562],[127.4515,34.2569],[127.4501,34.2526],[127.4469,34.2562]]],[[[127.5421,34.2598],[127.5427,34.2582],[127.5406,34.2581],[127.5421,34.2598]]],[[[127.5376,34.259],[127.5299,34.261],[127.527,34.2674],[127.5413,34.2669],[127.5376,34.259]]],[[[127.3678,34.2948],[127.3696,34.2871],[127.3518,34.2735],[127.3476,34.2747],[127.3506,34.2951],[127.3571,34.2885],[127.3678,34.2948]]],[[[127.3949,34.2832],[127.3882,34.2803],[127.3855,34.2902],[127.3908,34.2959],[127.4013,34.2922],[127.3966,34.279],[127.3949,34.2832]]],[[[127.373,34.2931],[127.371,34.2953],[127.3796,34.2954],[127.373,34.2931]]],[[[127.5618,34.6156],[127.5669,34.6055],[127.5514,34.6021],[127.5488,34.5957],[127.5342,34.5974],[127.5398,34.5991],[127.5405,34.6079],[127.5253,34.604],[127.5221,34.6145],[127.529,34.6176],[127.5341,34.6116],[127.5438,34.6122],[127.5411,34.6156],[127.5449,34.6192],[127.5618,34.6156]]],[[[127.5426,34.623],[127.5325,34.6254],[127.5359,34.6324],[127.5509,34.6296],[127.5426,34.623]]],[[[127.5159,34.6255],[127.5246,34.6212],[127.5218,34.6194],[127.5148,34.6227],[127.5094,34.6332],[127.5174,34.6377],[127.5159,34.6255]]],[[[127.5154,34.7574],[127.5162,34.7546],[127.5088,34.7586],[127.5154,34.7574]]],[[[127.5034,34.7575],[127.5003,34.7528],[127.4898,34.7662],[127.5034,34.7575]]],[[[127.5624,34.5886],[127.5681,34.5862],[127.5673,34.5856],[127.5624,34.5886]]],[[[127.6037,34.5884],[127.5993,34.5894],[127.6014,34.5906],[127.6037,34.5884]]],[[[127.5594,34.5884],[127.5536,34.5927],[127.5578,34.5938],[127.5616,34.5869],[127.5594,34.5884]]],[[[127.623,34.5907],[127.606,34.5895],[127.6226,34.5969],[127.6256,34.5885],[127.623,34.5907]]],[[[127.5688,34.5943],[127.5699,34.5915],[127.5657,34.5921],[127.5688,34.5943]]],[[[127.6542,34.5976],[127.658,34.5934],[127.6522,34.5872],[127.6454,34.5909],[127.6508,34.5945],[127.6497,34.604],[127.661,34.6036],[127.6542,34.5976]]],[[[127.5777,34.6002],[127.5802,34.5975],[127.578,34.5961],[127.5777,34.6002]]],[[[127.5969,34.6009],[127.6071,34.6041],[127.6021,34.595],[127.5978,34.5951],[127.5969,34.6009]]],[[[127.5855,34.6154],[127.5875,34.6143],[127.5829,34.611],[127.5855,34.6154]]],[[[127.6469,34.619],[127.6552,34.6088],[127.6419,34.6119],[127.6405,34.6056],[127.6261,34.6136],[127.6292,34.6233],[127.6469,34.619]]],[[[127.6468,34.6354],[127.6479,34.636],[127.6474,34.6336],[127.6468,34.6354]]],[[[127.5681,34.6351],[127.5694,34.6269],[127.5471,34.6376],[127.5498,34.6426],[127.5681,34.6351]]],[[[127.6349,34.6574],[127.6358,34.6598],[127.6401,34.655],[127.6349,34.6574]]],[[[127.5504,34.6596],[127.5515,34.6592],[127.551,34.6576],[127.5504,34.6596]]],[[[127.6428,34.7065],[127.6262,34.7119],[127.6285,34.7171],[127.6252,34.7182],[127.6222,34.7081],[127.6137,34.7062],[127.6279,34.6964],[127.6234,34.6873],[127.6394,34.6835],[127.6315,34.68],[127.6189,34.6845],[127.6174,34.683],[127.6332,34.6702],[127.6354,34.6615],[127.6298,34.6505],[127.6426,34.6504],[127.6344,34.6459],[127.6404,34.6439],[127.6333,34.6362],[127.6409,34.6355],[127.6461,34.6287],[127.6358,34.6261],[127.634,34.6326],[127.6249,34.6298],[127.6151,34.6432],[127.5892,34.6518],[127.5749,34.6478],[127.5828,34.6308],[127.5797,34.6309],[127.5677,34.6501],[127.5534,34.6585],[127.5524,34.6693],[127.5635,34.6752],[127.5502,34.6823],[127.5515,34.6917],[127.5583,34.6938],[127.5594,34.7004],[127.5812,34.6938],[127.5721,34.7037],[127.5641,34.7013],[127.5617,34.7081],[127.5531,34.7006],[127.5557,34.7123],[127.5481,34.7124],[127.5525,34.7196],[127.5638,34.7242],[127.5611,34.732],[127.5671,34.7281],[127.5786,34.733],[127.5825,34.7455],[127.6039,34.7434],[127.5841,34.7503],[127.5902,34.7565],[127.5831,34.7688],[127.5792,34.7609],[127.5727,34.7601],[127.5751,34.7696],[127.5717,34.7744],[127.5594,34.7773],[127.5727,34.7829],[127.5586,34.7963],[127.5572,34.8068],[127.5463,34.8102],[127.5382,34.8053],[127.5229,34.8098],[127.5257,34.8225],[127.5384,34.8318],[127.5435,34.8503],[127.5509,34.8557],[127.5505,34.8632],[127.5423,34.8672],[127.5358,34.8781],[127.5378,34.882],[127.5502,34.8895],[127.5726,34.8846],[127.5897,34.8864],[127.5939,34.889],[127.5899,34.8933],[127.6056,34.9034],[127.6142,34.8923],[127.5917,34.8807],[127.5897,34.8749],[127.6044,34.8608],[127.6076,34.8508],[127.6142,34.8531],[127.6238,34.8442],[127.6364,34.8466],[127.6351,34.8386],[127.6269,34.8405],[127.6267,34.8298],[127.6395,34.8198],[127.6387,34.8311],[127.6616,34.8445],[127.6701,34.837],[127.6951,34.8649],[127.6986,34.8594],[127.7204,34.8589],[127.7287,34.8634],[127.7359,34.8641],[127.7287,34.8598],[127.7432,34.8509],[127.7394,34.8621],[127.762,34.8648],[127.7741,34.8608],[127.7752,34.8569],[127.7779,34.8568],[127.7799,34.8523],[127.7718,34.8521],[127.7756,34.8459],[127.7749,34.8375],[127.7678,34.8313],[127.7682,34.8228],[127.7745,34.8216],[127.7673,34.8182],[127.7698,34.8039],[127.7668,34.7996],[127.7593,34.8002],[127.7569,34.7869],[127.7452,34.7772],[127.7544,34.7636],[127.7518,34.7547],[127.757,34.7522],[127.7528,34.7536],[127.7519,34.7466],[127.7482,34.7472],[127.7559,34.7414],[127.7666,34.7467],[127.7687,34.744],[127.75,34.7359],[127.7423,34.737],[127.7368,34.7323],[127.7344,34.7243],[127.7356,34.7225],[127.7248,34.7263],[127.7029,34.7204],[127.6781,34.7357],[127.6805,34.7416],[127.6664,34.7485],[127.6631,34.7406],[127.6659,34.7482],[127.6626,34.7567],[127.6573,34.755],[127.6585,34.7462],[127.6524,34.744],[127.6403,34.7218],[127.6428,34.7065]]],[[[127.5658,34.7344],[127.5646,34.7328],[127.5614,34.7358],[127.5658,34.7344]]],[[[127.5617,34.7497],[127.5677,34.7428],[127.5654,34.7393],[127.5579,34.7407],[127.5617,34.7497]]],[[[127.562,34.768],[127.57,34.7629],[127.5596,34.7632],[127.5589,34.7705],[127.562,34.768]]],[[[127.5578,34.7828],[127.5584,34.7824],[127.5573,34.7805],[127.5578,34.7828]]],[[[127.56,34.7918],[127.5643,34.7904],[127.5607,34.7881],[127.56,34.7918]]],[[[127.6457,34.8444],[127.6476,34.8412],[127.6447,34.8412],[127.6457,34.8444]]],[[[127.6447,34.85],[127.6469,34.8479],[127.6463,34.8476],[127.6447,34.85]]],[[[127.6216,34.8485],[127.6139,34.8581],[127.6337,34.8709],[127.647,34.8574],[127.6216,34.8485]]],[[[127.6192,34.8681],[127.6226,34.8703],[127.623,34.8672],[127.6192,34.8681]]],[[[127.6096,34.8713],[127.6118,34.8716],[127.6108,34.8675],[127.6096,34.8713]]],[[[127.6296,34.8739],[127.6234,34.8796],[127.6112,34.8788],[127.6202,34.883],[127.6307,34.8803],[127.6296,34.8739]]],[[[127.6694,34.5804],[127.6707,34.5723],[127.6754,34.5746],[127.6808,34.5701],[127.6911,34.5766],[127.7049,34.565],[127.6905,34.5648],[127.687,34.5587],[127.6878,34.5712],[127.6785,34.5669],[127.6742,34.5556],[127.67,34.5553],[127.6691,34.5609],[127.6585,34.5526],[127.6495,34.5563],[127.6477,34.5673],[127.6417,34.5699],[127.6389,34.5559],[127.6381,34.5738],[127.6572,34.5857],[127.6694,34.5804]]],[[[127.7129,34.5651],[127.7096,34.5755],[127.7253,34.5799],[127.7241,34.5726],[127.7129,34.5651]]],[[[127.679,34.5792],[127.6821,34.5804],[127.6823,34.5775],[127.679,34.5792]]],[[[127.6981,34.5904],[127.685,34.5884],[127.6803,34.5942],[127.6981,34.5904]]],[[[127.7225,34.6061],[127.704,34.6049],[127.709,34.6109],[127.7246,34.6094],[127.7225,34.6061]]],[[[127.712,34.6375],[127.7144,34.6368],[127.7122,34.6358],[127.712,34.6375]]],[[[127.7135,34.6413],[127.7118,34.6425],[127.7126,34.6436],[127.7135,34.6413]]],[[[127.7105,34.6693],[127.7081,34.6712],[127.7107,34.6707],[127.7105,34.6693]]],[[[127.6818,34.6751],[127.6805,34.6757],[127.6815,34.6766],[127.6818,34.6751]]],[[[127.7013,34.6797],[127.7051,34.6768],[127.7011,34.6761],[127.7013,34.6797]]],[[[127.7053,34.6854],[127.7036,34.6875],[127.7039,34.6877],[127.7053,34.6854]]],[[[127.7119,34.7021],[127.7,34.7107],[127.7071,34.7099],[127.7119,34.7021]]],[[[127.7101,34.717],[127.7123,34.7122],[127.7114,34.712],[127.7101,34.717]]],[[[127.7147,34.7198],[127.7087,34.72],[127.7116,34.7215],[127.7147,34.7198]]],[[[127.7188,34.8652],[127.7203,34.8638],[127.7192,34.8635],[127.7188,34.8652]]],[[[127.7456,34.891],[127.7512,34.8778],[127.7464,34.8727],[127.728,34.8738],[127.7227,34.8677],[127.7039,34.87],[127.6915,34.8837],[127.6998,34.8933],[127.7156,34.8994],[127.7297,34.8925],[127.7333,34.8952],[127.7456,34.891]]],[[[127.8025,34.451],[127.8173,34.4517],[127.8051,34.4295],[127.8096,34.4248],[127.8033,34.4143],[127.8056,34.4082],[127.7988,34.4097],[127.7961,34.4165],[127.7863,34.4146],[127.7886,34.4256],[127.8012,34.4319],[127.7851,34.4302],[127.7981,34.4442],[127.795,34.4573],[127.8073,34.46],[127.8025,34.451]]],[[[127.7849,34.4515],[127.7814,34.453],[127.782,34.4534],[127.7849,34.4515]]],[[[127.7903,34.4812],[127.7935,34.4805],[127.792,34.4754],[127.7903,34.4812]]],[[[127.813,34.4917],[127.8255,34.485],[127.8214,34.476],[127.8165,34.4791],[127.8103,34.4752],[127.8104,34.4806],[127.8051,34.4829],[127.801,34.4765],[127.804,34.4713],[127.7964,34.4739],[127.7974,34.4899],[127.807,34.4904],[127.8117,34.4979],[127.8231,34.5],[127.8267,34.4958],[127.813,34.4917]]],[[[127.8069,34.5035],[127.8078,34.5025],[127.8061,34.5009],[127.8069,34.5035]]],[[[127.7577,34.5523],[127.7629,34.5342],[127.7802,34.52],[127.7822,34.5115],[127.7673,34.5095],[127.7878,34.5062],[127.7917,34.4971],[127.7985,34.4965],[127.7901,34.487],[127.7638,34.4898],[127.772,34.4985],[127.7538,34.4992],[127.7543,34.5045],[127.7348,34.503],[127.7406,34.5105],[127.7254,34.516],[127.7326,34.5273],[127.72,34.5231],[127.6967,34.5379],[127.7119,34.538],[127.7256,34.5483],[127.7577,34.5523]]],[[[127.7745,34.5355],[127.7701,34.535],[127.7716,34.5373],[127.7745,34.5355]]],[[[127.7658,34.5652],[127.7703,34.5669],[127.7678,34.5638],[127.7658,34.5652]]],[[[127.7369,34.5594],[127.7244,34.5607],[127.73,34.5711],[127.7394,34.5641],[127.7369,34.5594]]],[[[127.7488,34.5634],[127.7444,34.5657],[127.7472,34.568],[127.7524,34.5672],[127.7488,34.5634]]],[[[127.7396,34.5751],[127.7412,34.5748],[127.7416,34.5703],[127.7377,34.5716],[127.7396,34.5751]]],[[[127.7559,34.5787],[127.7627,34.5823],[127.7645,34.5758],[127.7559,34.5787]]],[[[127.7438,34.5798],[127.7343,34.5746],[127.7121,34.5927],[127.7224,34.5893],[127.7318,34.595],[127.7438,34.5798]]],[[[127.7972,34.6101],[127.7998,34.6085],[127.7978,34.6078],[127.7972,34.6101]]],[[[127.7996,34.6486],[127.8007,34.6486],[127.8009,34.6463],[127.7996,34.6486]]],[[[127.7873,34.716],[127.7912,34.7017],[127.7798,34.6966],[127.7825,34.6894],[127.7765,34.6811],[127.785,34.6701],[127.7925,34.6725],[127.8008,34.6676],[127.7939,34.6648],[127.795,34.6607],[127.8066,34.6609],[127.798,34.6549],[127.8004,34.6303],[127.7924,34.6302],[127.7922,34.6109],[127.7881,34.6073],[127.8027,34.6015],[127.8023,34.596],[127.8079,34.5966],[127.8005,34.5863],[127.7494,34.5927],[127.7384,34.6031],[127.7375,34.6105],[127.7191,34.6135],[127.7122,34.6215],[127.7238,34.6335],[127.718,34.643],[127.7221,34.6542],[127.7434,34.6654],[127.7521,34.6804],[127.7629,34.6877],[127.7561,34.6913],[127.7544,34.7086],[127.7578,34.7125],[127.7469,34.7144],[127.7365,34.7307],[127.7486,34.7338],[127.7873,34.716]]],[[[127.7312,34.664],[127.7331,34.6649],[127.7341,34.6614],[127.7312,34.664]]],[[[127.7399,34.6807],[127.7414,34.6825],[127.7442,34.6775],[127.7399,34.6807]]],[[[127.7931,34.6942],[127.7957,34.6916],[127.7931,34.6917],[127.7931,34.6942]]],[[[127.7322,34.7151],[127.7258,34.7113],[127.7399,34.7073],[127.7419,34.7026],[127.7348,34.699],[127.7202,34.705],[127.7186,34.7193],[127.7247,34.7224],[127.7235,34.7181],[127.7322,34.7151]]],[[[127.7292,34.8689],[127.7314,34.8684],[127.7305,34.8675],[127.7267,34.8672],[127.7292,34.8689]]]]}},{"type":"Feature","properties":{"sido":"전라남도","sigungu":"영광군","center":[35.2969,126.4914]},"geometry":{"type":"MultiPolygon","coordinates":[[[[126.2084,35.1878],[126.2143,35.1864],[126.2139,35.1838],[126.206,35.183],[126.2084,35.1878]]],[[[126.2205,35.1947],[126.2226,35.1955],[126.2234,35.1911],[126.2205,35.1947]]],[[[126.1295,35.2],[126.1309,35.1917],[126.1219,35.1895],[126.1242,35.2022],[126.1296,35.2004],[126.1562,35.2118],[126.148,35.2029],[126.1295,35.2]]],[[[126.102,35.2475],[126.0911,35.2436],[126.0922,35.2501],[126.1015,35.2562],[126.102,35.2475]]],[[[126.114,35.2589],[126.1209,35.2596],[126.1155,35.2559],[126.114,35.2589]]],[[[126.0836,35.2584],[126.0901,35.2595],[126.0895,35.2579],[126.0836,35.2584]]],[[[126.209,35.2852],[126.2095,35.2859],[126.2127,35.2836],[126.209,35.2852]]],[[[126.1528,35.2747],[126.1378,35.2707],[126.1429,35.2767],[126.1309,35.2854],[126.14,35.2938],[126.1401,35.2997],[126.1519,35.288],[126.1528,35.2747]]],[[[126.2025,35.2958],[126.2039,35.2929],[126.2034,35.2924],[126.1989,35.2947],[126.2025,35.2958]]],[[[126.0103,35.3281],[126.0024,35.3297],[125.9958,35.3199],[125.9921,35.3187],[125.9986,35.3333],[126.0103,35.3281]]],[[[125.9973,35.3351],[125.985,35.3367],[125.9894,35.3392],[125.9973,35.3351]]],[[[126.0414,35.3463],[126.0313,35.3349],[126.0141,35.3316],[126.0196,35.3395],[126.0123,35.3397],[126.0089,35.3437],[126.0084,35.3475],[126.0233,35.3471],[126.0084,35.3556],[126.0005,35.3522],[125.9958,35.3565],[126.0207,35.3564],[126.0207,35.3644],[126.0414,35.3463]]],[[[126.0587,35.3696],[126.0606,35.3657],[126.0597,35.3649],[126.0545,35.3674],[126.0587,35.3696]]],[[[126.1295,35.3711],[126.1331,35.3729],[126.1333,35.3718],[126.1295,35.3711]]],[[[126.0455,35.3676],[126.0409,35.3707],[126.0452,35.3749],[126.0577,35.3725],[126.0455,35.3676]]],[[[126.3538,35.1704],[126.3537,35.1711],[126.3574,35.1698],[126.3538,35.1704]]],[[[126.2457,35.2032],[126.2497,35.2031],[126.247,35.2008],[126.2457,35.2032]]],[[[126.4078,35.1861],[126.3998,35.1761],[126.3889,35.1787],[126.3686,35.165],[126.3593,35.1689],[126.3523,35.1815],[126.3398,35.1872],[126.3722,35.1989],[126.3766,35.2118],[126.3605,35.1962],[126.3355,35.1912],[126.307,35.1782],[126.304,35.1861],[126.2981,35.1881],[126.2997,35.1968],[126.3136,35.2098],[126.2992,35.2105],[126.2975,35.2274],[126.3111,35.2546],[126.3253,35.2431],[126.3334,35.2473],[126.3261,35.2475],[126.324,35.2526],[126.3283,35.2592],[126.3251,35.2624],[126.3321,35.2675],[126.3249,35.2707],[126.3234,35.2881],[126.3439,35.293],[126.3614,35.2903],[126.3778,35.3058],[126.3783,35.329],[126.397,35.3689],[126.4036,35.369],[126.4045,35.3633],[126.4189,35.3652],[126.4276,35.3583],[126.4441,35.3556],[126.448,35.3486],[126.4463,35.3571],[126.4311,35.3598],[126.4293,35.3676],[126.4106,35.3755],[126.4188,35.3832],[126.4079,35.3815],[126.4077,35.3887],[126.4021,35.3899],[126.4023,35.3972],[126.408,35.4007],[126.4048,35.4028],[126.4122,35.4051],[126.4033,35.4061],[126.4222,35.43],[126.4274,35.4261],[126.4443,35.4309],[126.4725,35.4265],[126.4916,35.4113],[126.4905,35.395],[126.4774,35.3862],[126.4973,35.3734],[126.4937,35.3505],[126.5128,35.362],[126.5204,35.3484],[126.5139,35.3272],[126.5208,35.325],[126.5312,35.3075],[126.5509,35.3136],[126.5726,35.3101],[126.585,35.3008],[126.5896,35.312],[126.5825,35.3198],[126.5834,35.3287],[126.5987,35.3303],[126.604,35.3356],[126.6251,35.3213],[126.6447,35.3199],[126.6339,35.3037],[126.6188,35.3047],[126.6109,35.3002],[126.6182,35.2935],[126.6158,35.2788],[126.5847,35.2582],[126.5875,35.2464],[126.5833,35.2394],[126.5916,35.2325],[126.5931,35.2244],[126.581,35.196],[126.5652,35.1987],[126.5609,35.188],[126.5437,35.1882],[126.5335,35.1823],[126.5144,35.1875],[126.4982,35.1838],[126.4771,35.1939],[126.4652,35.1861],[126.4502,35.1858],[126.4353,35.1729],[126.4078,35.1861]]],[[[126.2264,35.3101],[126.2271,35.3097],[126.2241,35.308],[126.2264,35.3101]]],[[[126.3936,35.3747],[126.3988,35.3761],[126.3973,35.3721],[126.3936,35.3747]]],[[[126.4093,35.415],[126.4077,35.415],[126.4072,35.4168],[126.4093,35.415]]]]}},{"type":"Feature","properties":{"sido":"전라남도","sigungu":"영암군","center":[34.8086,126.6706]},"geometry":{"type":"Polygon","coordinates":[[[126.5757,34.6796],[126.5578,34.665],[126.5651,34.6808],[126.5559,34.6841],[126.5519,34.6736],[126.5315,34.6686],[126.5099,34.6875],[126.5273,34.6887],[126.5101,34.6928],[126.4953,34.7087],[126.5068,34.7135],[126.4933,34.7113],[126.4771,34.72],[126.4703,34.7188],[126.4769,34.7272],[126.4718,34.7377],[126.4573,34.7279],[126.4504,34.7309],[126.4485,34.7342],[126.4528,34.7364],[126.4496,34.7371],[126.4406,34.728],[126.4264,34.7253],[126.4234,34.7282],[126.4272,34.7336],[126.4362,34.7308],[126.4497,34.7432],[126.4394,34.7373],[126.4294,34.7391],[126.4279,34.744],[126.4189,34.7376],[126.4012,34.7388],[126.3908,34.7302],[126.3666,34.7381],[126.3625,34.7449],[126.3804,34.7528],[126.3795,34.7568],[126.3747,34.756],[126.3819,34.7692],[126.4419,34.7799],[126.4492,34.7832],[126.4447,34.7924],[126.448,34.7945],[126.4743,34.7878],[126.4946,34.7694],[126.5135,34.7761],[126.52,34.7859],[126.5194,34.796],[126.5346,34.8031],[126.5437,34.8141],[126.5532,34.8632],[126.5681,34.8729],[126.5723,34.8923],[126.5801,34.8954],[126.5804,34.9053],[126.5732,34.9081],[126.5744,34.9151],[126.5827,34.9204],[126.5848,34.9154],[126.5894,34.9191],[126.5967,34.9158],[126.5927,34.9233],[126.6021,34.9232],[126.6007,34.9293],[126.6117,34.9264],[126.6118,34.9227],[126.6184,34.926],[126.6286,34.9208],[126.6355,34.9009],[126.6281,34.8988],[126.631,34.8885],[126.6613,34.8934],[126.6753,34.8819],[126.6749,34.8909],[126.6821,34.8945],[126.6766,34.9033],[126.676,34.917],[126.6693,34.9268],[126.663,34.927],[126.6621,34.9341],[126.6685,34.9451],[126.6951,34.9423],[126.7159,34.9176],[126.7118,34.9067],[126.7251,34.8896],[126.7635,34.9001],[126.8037,34.8682],[126.8099,34.8693],[126.8117,34.8745],[126.8352,34.8673],[126.8587,34.8692],[126.857,34.8535],[126.8492,34.8442],[126.8072,34.8287],[126.8007,34.803],[126.7932,34.7942],[126.7959,34.7805],[126.7842,34.7807],[126.7805,34.7877],[126.7701,34.7858],[126.7621,34.7706],[126.7433,34.7567],[126.7152,34.7601],[126.704,34.7665],[126.6922,34.7553],[126.6805,34.7534],[126.656,34.7315],[126.665,34.7224],[126.6794,34.7207],[126.6814,34.713],[126.6725,34.7073],[126.6753,34.7016],[126.6701,34.691],[126.6482,34.689],[126.6372,34.6739],[126.6135,34.6817],[126.5757,34.6796]]]}},{"type":"Feature","properties":{"sido":"전라남도","sigungu":"완도군","center":[34.3286,126.8286]},"geometry":{"type":"MultiPolygon","coordinates":[[[[126.5195,34.1187],[126.5195,34.1167],[126.5176,34.1168],[126.5195,34.1187]]],[[[126.5701,34.1363],[126.5727,34.1294],[126.5663,34.1281],[126.5701,34.1363]]],[[[126.5862,34.1455],[126.5895,34.1438],[126.5881,34.1431],[126.5862,34.1455]]],[[[126.5704,34.1704],[126.5741,34.1625],[126.5764,34.1688],[126.5844,34.1703],[126.604,34.1678],[126.6096,34.1622],[126.6207,34.165],[126.6247,34.1571],[126.617,34.1483],[126.6032,34.159],[126.6031,34.1457],[126.5911,34.1617],[126.5796,34.1569],[126.5807,34.1513],[126.5741,34.1489],[126.5774,34.1444],[126.5662,34.1434],[126.5643,34.1349],[126.5296,34.1214],[126.5187,34.1245],[126.5125,34.1212],[126.5114,34.1305],[126.5038,34.1387],[126.5087,34.1441],[126.5032,34.1483],[126.5091,34.1511],[126.5043,34.1606],[126.5393,34.1824],[126.5493,34.1795],[126.5562,34.1708],[126.5704,34.1704]]],[[[126.5875,34.1561],[126.5873,34.1528],[126.5851,34.1535],[126.5875,34.1561]]],[[[126.4808,34.1646],[126.4774,34.1637],[126.4757,34.1711],[126.48,34.1716],[126.4808,34.1646]]],[[[126.5586,34.1713],[126.5574,34.1744],[126.562,34.1756],[126.5668,34.1711],[126.5586,34.1713]]],[[[126.4785,34.1773],[126.4713,34.1907],[126.4866,34.1906],[126.4785,34.1773]]],[[[126.5099,34.1868],[126.5001,34.1869],[126.4905,34.1765],[126.4847,34.1792],[126.4937,34.1848],[126.5049,34.2051],[126.5185,34.1983],[126.5099,34.1868]]],[[[126.4887,34.1989],[126.4955,34.1995],[126.4945,34.1971],[126.4887,34.1989]]],[[[126.5435,34.2055],[126.5472,34.1994],[126.5395,34.1979],[126.5435,34.2055]]],[[[126.5729,34.2228],[126.5773,34.2286],[126.5891,34.2235],[126.5947,34.2273],[126.6079,34.2242],[126.6085,34.2186],[126.6239,34.2067],[126.6241,34.2012],[126.6154,34.1956],[126.6034,34.1995],[126.617,34.1856],[126.6149,34.1783],[126.5869,34.1723],[126.5603,34.1789],[126.5618,34.189],[126.5478,34.189],[126.5469,34.1932],[126.556,34.1958],[126.553,34.2066],[126.5635,34.2118],[126.554,34.2118],[126.5564,34.2186],[126.566,34.2198],[126.5646,34.2258],[126.5528,34.2336],[126.5643,34.2354],[126.5682,34.2344],[126.5666,34.2298],[126.5714,34.2304],[126.5729,34.2228]]],[[[126.5144,34.2184],[126.5168,34.2173],[126.5162,34.2079],[126.5076,34.2097],[126.5144,34.2184]]],[[[126.4066,34.2288],[126.4104,34.2281],[126.4051,34.2241],[126.4066,34.2288]]],[[[126.418,34.2328],[126.4191,34.2385],[126.423,34.2253],[126.4177,34.2224],[126.418,34.2328]]],[[[126.5813,34.241],[126.5829,34.2416],[126.5832,34.2383],[126.5813,34.241]]],[[[126.5611,34.2472],[126.5614,34.2487],[126.5699,34.2455],[126.5644,34.2426],[126.5611,34.2472]]],[[[126.4529,34.2646],[126.4567,34.2626],[126.4527,34.26],[126.4478,34.2608],[126.4529,34.2646]]],[[[126.4282,34.265],[126.4237,34.2638],[126.4239,34.265],[126.4282,34.265]]],[[[126.4291,34.2716],[126.4301,34.2704],[126.428,34.2696],[126.4223,34.2716],[126.4291,34.2716]]],[[[126.4504,34.2746],[126.4549,34.2725],[126.4522,34.27],[126.4504,34.2746]]],[[[126.5723,34.281],[126.5687,34.2751],[126.5408,34.2748],[126.5389,34.2785],[126.5415,34.2829],[126.5723,34.281]]],[[[126.4726,34.2839],[126.4692,34.2776],[126.4649,34.2764],[126.4702,34.2884],[126.4801,34.291],[126.4769,34.2818],[126.4726,34.2839]]],[[[126.5896,34.2891],[126.586,34.2944],[126.5748,34.2898],[126.5944,34.3052],[126.5898,34.2968],[126.5942,34.2922],[126.5896,34.2891]]],[[[126.5683,34.2995],[126.5732,34.3037],[126.5705,34.2973],[126.5683,34.2995]]],[[[126.5642,34.3108],[126.5681,34.3134],[126.5676,34.309],[126.5642,34.3108]]],[[[126.5836,34.0996],[126.5903,34.1053],[126.5862,34.1129],[126.592,34.1143],[126.6055,34.0998],[126.5836,34.0996]]],[[[126.6853,34.182],[126.6823,34.1757],[126.6583,34.1725],[126.6568,34.1663],[126.6687,34.1628],[126.6702,34.1494],[126.6819,34.1505],[126.6815,34.1398],[126.6692,34.1434],[126.6738,34.1333],[126.6675,34.1263],[126.6711,34.1197],[126.663,34.1112],[126.6475,34.1144],[126.6503,34.1293],[126.6376,34.1197],[126.6355,34.132],[126.6289,34.1371],[126.6323,34.1429],[126.6272,34.1474],[126.6515,34.1699],[126.6335,34.1797],[126.6372,34.1828],[126.6326,34.1882],[126.6447,34.1903],[126.6502,34.2005],[126.6853,34.182]]],[[[126.6128,34.1734],[126.6135,34.1723],[126.6108,34.1718],[126.6128,34.1734]]],[[[126.6227,34.1788],[126.6182,34.1785],[126.6202,34.181],[126.6227,34.1788]]],[[[126.6223,34.1863],[126.6255,34.1852],[126.6194,34.1818],[126.6188,34.1864],[126.6223,34.1863]]],[[[126.6233,34.19],[126.6236,34.1893],[126.6215,34.1897],[126.6233,34.19]]],[[[126.7641,34.1888],[126.7615,34.177],[126.7497,34.187],[126.7547,34.2078],[126.7658,34.2096],[126.771,34.1979],[126.7685,34.1888],[126.7641,34.1888]]],[[[126.6221,34.1968],[126.6232,34.1959],[126.6201,34.1937],[126.617,34.1955],[126.6221,34.1968]]],[[[126.629,34.1981],[126.6301,34.1961],[126.6258,34.1981],[126.629,34.1981]]],[[[126.6365,34.2089],[126.6391,34.2056],[126.6327,34.2039],[126.6323,34.2086],[126.6365,34.2089]]],[[[126.6264,34.209],[126.6237,34.2079],[126.6254,34.211],[126.6264,34.209]]],[[[126.6185,34.2239],[126.6212,34.2229],[126.6204,34.2221],[126.6185,34.2239]]],[[[126.7691,34.2298],[126.7786,34.2268],[126.7763,34.2224],[126.7704,34.2237],[126.7691,34.2298]]],[[[126.6132,34.233],[126.6089,34.2374],[126.5997,34.2324],[126.5926,34.2358],[126.5961,34.2447],[126.6128,34.2511],[126.6269,34.2388],[126.6132,34.233]]],[[[126.6056,34.2826],[126.6086,34.292],[126.6135,34.2932],[126.611,34.2847],[126.6056,34.2826]]],[[[126.6414,34.3221],[126.6427,34.3221],[126.6433,34.3204],[126.6414,34.3221]]],[[[126.8486,34.3449],[126.8577,34.3515],[126.8585,34.3443],[126.8724,34.3496],[126.8811,34.3372],[126.8979,34.3445],[126.8975,34.3319],[126.8924,34.3299],[126.889,34.334],[126.8813,34.3296],[126.8873,34.3224],[126.8839,34.3093],[126.872,34.3089],[126.8715,34.3176],[126.8646,34.3214],[126.867,34.3124],[126.8416,34.2984],[126.836,34.3064],[126.8385,34.3131],[126.8295,34.3244],[126.8087,34.3261],[126.7913,34.3154],[126.7799,34.3275],[126.7511,34.3337],[126.7605,34.3391],[126.776,34.3351],[126.786,34.3476],[126.8026,34.3336],[126.8165,34.337],[126.8202,34.3507],[126.8336,34.3585],[126.8486,34.3449]]],[[[126.7291,34.3622],[126.7315,34.3519],[126.7387,34.3476],[126.7358,34.3429],[126.7504,34.3267],[126.7512,34.3183],[126.7576,34.3151],[126.766,34.3181],[126.7722,34.3123],[126.7616,34.3009],[126.7778,34.2874],[126.7479,34.2913],[126.7345,34.3047],[126.732,34.3017],[126.7379,34.2865],[126.7175,34.2968],[126.6938,34.2935],[126.6787,34.3046],[126.6816,34.3078],[126.6773,34.3146],[126.67,34.3159],[126.6688,34.3237],[126.6533,34.3312],[126.6428,34.3275],[126.649,34.3334],[126.641,34.3411],[126.6452,34.3463],[126.6414,34.3639],[126.6456,34.3674],[126.6387,34.3821],[126.6479,34.3929],[126.643,34.3942],[126.637,34.3874],[126.6391,34.3937],[126.6275,34.3948],[126.6239,34.4006],[126.6542,34.3933],[126.6853,34.4032],[126.6929,34.3973],[126.7022,34.3985],[126.7269,34.3832],[126.7334,34.3674],[126.7291,34.3622]]],[[[126.7933,34.3539],[126.7963,34.3532],[126.7928,34.3504],[126.7933,34.3539]]],[[[126.7693,34.3565],[126.7705,34.3571],[126.7709,34.3555],[126.7693,34.3565]]],[[[126.7358,34.361],[126.7383,34.3611],[126.7387,34.358],[126.7358,34.361]]],[[[126.7454,34.3998],[126.7402,34.3972],[126.7425,34.3899],[126.7367,34.3927],[126.7328,34.403],[126.7454,34.3998]]],[[[126.8458,34.4301],[126.8439,34.4205],[126.8279,34.4224],[126.8255,34.4191],[126.8405,34.4109],[126.8503,34.4186],[126.8529,34.4127],[126.848,34.4083],[126.8575,34.4072],[126.859,34.3965],[126.8647,34.3966],[126.8677,34.3904],[126.8473,34.3901],[126.8328,34.3835],[126.831,34.3776],[126.8234,34.3868],[126.819,34.382],[126.8043,34.3855],[126.7935,34.3822],[126.781,34.3696],[126.7819,34.3623],[126.7765,34.3573],[126.7795,34.352],[126.7715,34.3573],[126.7674,34.3576],[126.7654,34.3599],[126.7793,34.3818],[126.7577,34.3833],[126.7491,34.3795],[126.7584,34.3943],[126.768,34.3991],[126.7643,34.4096],[126.7884,34.4333],[126.8012,34.4317],[126.8347,34.4441],[126.8334,34.4332],[126.8458,34.4301]]],[[[126.7262,34.4059],[126.7152,34.4132],[126.7002,34.4135],[126.7109,34.4183],[126.7254,34.4127],[126.7262,34.4059]]],[[[126.6941,34.4214],[126.6947,34.4206],[126.6844,34.4198],[126.6941,34.4214]]],[[[126.9172,33.9687],[126.9096,33.9823],[126.9177,33.9888],[126.9308,33.9872],[126.937,33.9794],[126.9363,33.9716],[126.9172,33.9687]]],[[[126.9119,34.2126],[126.9116,34.2058],[126.9038,34.2021],[126.9118,34.1947],[126.912,34.1874],[126.9234,34.1906],[126.9306,34.1885],[126.9204,34.1861],[126.9252,34.1746],[126.9154,34.1541],[126.8811,34.1497],[126.8811,34.1553],[126.8654,34.1659],[126.8562,34.1506],[126.855,34.161],[126.8482,34.163],[126.8594,34.1708],[126.8506,34.1691],[126.8469,34.1742],[126.8509,34.1819],[126.8573,34.1773],[126.8528,34.1857],[126.8614,34.1945],[126.8572,34.1994],[126.8703,34.2035],[126.872,34.2101],[126.8839,34.2129],[126.8846,34.2169],[126.9119,34.2126]]],[[[126.8497,34.1919],[126.8501,34.1891],[126.8466,34.1888],[126.8439,34.1914],[126.8497,34.1919]]],[[[126.859,34.2026],[126.845,34.2034],[126.8482,34.2063],[126.859,34.2026]]],[[[127.0116,34.2182],[126.9978,34.219],[127.0083,34.2261],[127.0188,34.2251],[127.0116,34.2182]]],[[[126.8963,34.29],[126.9018,34.2872],[126.8979,34.2818],[126.8939,34.2865],[126.8963,34.29]]],[[[126.8625,34.2875],[126.8646,34.2908],[126.8683,34.2817],[126.8625,34.2875]]],[[[127.0042,34.2866],[127.0054,34.2906],[127.0071,34.2898],[127.0042,34.2866]]],[[[127.0055,34.2965],[127.0033,34.2982],[127.0046,34.2994],[127.0055,34.2965]]],[[[126.8359,34.3027],[126.838,34.3008],[126.8364,34.2975],[126.8323,34.2998],[126.8359,34.3027]]],[[[126.8676,34.3014],[126.8644,34.2965],[126.8596,34.3016],[126.8676,34.3014]]],[[[126.8907,34.3046],[126.8905,34.3035],[126.8854,34.3066],[126.8907,34.3046]]],[[[127.001,34.3069],[126.9969,34.3056],[126.9965,34.3063],[127.001,34.3069]]],[[[127.015,34.3321],[127.0168,34.325],[127.0058,34.3212],[127.0031,34.3137],[126.9905,34.3094],[126.9926,34.3048],[126.978,34.3061],[126.9716,34.301],[126.9662,34.3036],[126.9655,34.3107],[126.9595,34.3078],[126.9567,34.3275],[126.9683,34.3385],[127.0016,34.3393],[127.015,34.3321]]],[[[126.9043,34.3323],[126.9086,34.3263],[126.9062,34.3252],[126.9043,34.3323]]],[[[126.9065,34.339],[126.9066,34.3366],[126.9046,34.3367],[126.9065,34.339]]],[[[127.0092,34.3764],[127.0088,34.3697],[127.0035,34.3729],[127.0092,34.3764]]],[[[126.9422,34.3867],[126.9355,34.3836],[126.9478,34.3776],[126.9489,34.3673],[126.9298,34.3695],[126.9221,34.3671],[126.9222,34.3586],[126.9142,34.3554],[126.9099,34.3595],[126.906,34.3544],[126.8928,34.3607],[126.889,34.3585],[126.8886,34.3651],[126.8695,34.3683],[126.8638,34.3746],[126.8722,34.394],[126.8715,34.4005],[126.862,34.4065],[126.8647,34.4111],[126.873,34.4079],[126.8724,34.4011],[126.8792,34.3997],[126.8821,34.407],[126.8938,34.3959],[126.8952,34.4035],[126.9004,34.3978],[126.9084,34.4026],[126.9063,34.3999],[126.9139,34.3912],[126.9209,34.3948],[126.9353,34.3917],[126.9431,34.4029],[126.9431,34.4127],[126.9503,34.4072],[126.9422,34.3867]]],[[[126.8544,34.388],[126.8562,34.3886],[126.8568,34.3866],[126.8544,34.388]]],[[[126.9124,34.4087],[126.9138,34.4079],[126.9119,34.4067],[126.9124,34.4087]]],[[[126.95,34.4135],[126.9544,34.4161],[126.955,34.4119],[126.95,34.4135]]],[[[126.8624,34.4161],[126.8647,34.4148],[126.8621,34.4122],[126.8624,34.4161]]],[[[126.8728,34.4155],[126.8734,34.4143],[126.8727,34.4134],[126.8728,34.4155]]],[[[126.8689,34.4218],[126.8736,34.4278],[126.8775,34.4135],[126.8689,34.4218]]],[[[126.8574,34.4188],[126.8554,34.4237],[126.8572,34.4248],[126.8623,34.4221],[126.8574,34.4188]]],[[[126.8513,34.4297],[126.8529,34.4318],[126.8576,34.4254],[126.8513,34.4297]]],[[[127.0855,34.1901],[127.0846,34.1876],[127.0678,34.1903],[127.0771,34.1949],[127.0855,34.1901]]],[[[127.1762,34.2097],[127.1801,34.2078],[127.1752,34.2033],[127.1582,34.2026],[127.1513,34.206],[127.1762,34.2097]]],[[[127.0081,34.2527],[127.0111,34.2583],[127.02,34.2519],[127.0162,34.2393],[127.0081,34.2527]]],[[[127.0212,34.2704],[127.012,34.2689],[127.0086,34.2802],[127.0132,34.2837],[127.0219,34.2763],[127.0212,34.2704]]],[[[127.1254,34.2994],[127.1197,34.3098],[127.1266,34.3083],[127.1255,34.3152],[127.1323,34.3145],[127.1418,34.306],[127.1254,34.2994]]],[[[127.1042,34.3036],[127.094,34.3031],[127.094,34.3073],[127.1007,34.3142],[127.1042,34.3036]]],[[[127.0655,34.3127],[127.0646,34.3069],[127.0617,34.3083],[127.0616,34.3136],[127.0655,34.3127]]],[[[127.0194,34.3204],[127.0181,34.3185],[127.0169,34.3193],[127.0194,34.3204]]],[[[127.0126,34.3218],[127.0144,34.3195],[127.0114,34.3196],[127.0126,34.3218]]],[[[127.0877,34.3304],[127.0919,34.3227],[127.0853,34.3199],[127.0759,34.328],[127.0877,34.3304]]],[[[127.0463,34.353],[127.0544,34.3608],[127.0667,34.3634],[127.091,34.3585],[127.0941,34.3536],[127.0907,34.3481],[127.1029,34.3369],[127.0943,34.3349],[127.0867,34.3423],[127.0681,34.3465],[127.0641,34.34],[127.0832,34.3346],[127.0559,34.329],[127.0566,34.3225],[127.0504,34.3238],[127.0417,34.3076],[127.0349,34.3234],[127.0497,34.3289],[127.0518,34.3394],[127.0429,34.3411],[127.0304,34.3321],[127.0318,34.3385],[127.0176,34.3391],[127.0319,34.3419],[127.026,34.3479],[127.0152,34.3527],[127.0087,34.3488],[126.9997,34.3509],[126.9851,34.3601],[126.9891,34.3628],[127.0065,34.3582],[127.0111,34.3771],[127.0279,34.3742],[127.0297,34.381],[127.0508,34.3641],[127.0463,34.353]]],[[[127.0889,34.3817],[127.0921,34.3768],[127.0684,34.3706],[127.0748,34.3813],[127.0729,34.387],[127.0941,34.3927],[127.0939,34.384],[127.0889,34.3817]]],[[[127.0238,34.3847],[127.0277,34.3848],[127.0289,34.3812],[127.0243,34.3806],[127.0238,34.3847]]],[[[127.0484,34.3848],[127.0342,34.387],[127.0324,34.3911],[127.0447,34.396],[127.0517,34.3931],[127.0484,34.3848]]],[[[127.0426,34.4033],[127.0412,34.4017],[127.0408,34.4023],[127.0426,34.4033]]],[[[127.0402,34.4053],[127.0403,34.4034],[127.0387,34.4029],[127.0402,34.4053]]],[[[127.0522,34.4043],[127.0481,34.403],[127.0493,34.405],[127.0522,34.4043]]],[[[127.031,34.4032],[127.0335,34.4088],[127.035,34.4086],[127.037,34.4029],[127.031,34.4032]]],[[[127.1198,34.4119],[127.1161,34.4065],[127.1149,34.4069],[127.1153,34.4146],[127.1198,34.4119]]],[[[127.0746,34.4106],[127.0792,34.4277],[127.0849,34.4251],[127.0869,34.4173],[127.0827,34.4125],[127.0854,34.4057],[127.0746,34.4106]]],[[[127.0362,34.4224],[127.0363,34.4219],[127.034,34.4208],[127.0362,34.4224]]],[[[127.0197,34.4261],[127.0206,34.4261],[127.0199,34.4235],[127.0197,34.4261]]],[[[127.0659,34.4516],[127.0758,34.4276],[127.0751,34.4214],[127.0678,34.4204],[127.0723,34.4143],[127.0614,34.3996],[127.0588,34.4132],[127.0397,34.4189],[127.0335,34.4485],[127.022,34.4544],[127.0482,34.4606],[127.0521,34.4592],[127.0477,34.4571],[127.0512,34.4535],[127.0538,34.4584],[127.0659,34.4516]]],[[[127.0069,34.4403],[127.0124,34.4365],[127.0077,34.4332],[127.0069,34.4403]]],[[[127.0176,34.4443],[127.0171,34.4436],[127.0153,34.4448],[127.0176,34.4443]]],[[[127.0228,34.4515],[127.0255,34.4477],[127.0221,34.4461],[127.0186,34.4498],[127.0228,34.4515]]]]}},{"type":"Feature","properties":{"sido":"전라남도","sigungu":"장성군","center":[35.3385,126.7693]},"geometry":{"type":"Polygon","coordinates":[[[126.6774,35.2014],[126.6775,35.1911],[126.651,35.1932],[126.6426,35.2073],[126.6184,35.2213],[126.6132,35.2295],[126.6013,35.2357],[126.5919,35.2319],[126.5844,35.2381],[126.5847,35.2582],[126.6098,35.2713],[126.6182,35.2935],[126.6108,35.3001],[126.6188,35.3047],[126.6317,35.3025],[126.64,35.3089],[126.6471,35.324],[126.6442,35.3273],[126.6526,35.3277],[126.6594,35.3344],[126.6602,35.3442],[126.6667,35.3515],[126.6855,35.3446],[126.6915,35.3516],[126.6992,35.3496],[126.7046,35.3651],[126.7194,35.3649],[126.7311,35.3765],[126.7296,35.3946],[126.7221,35.4],[126.7361,35.4032],[126.7543,35.4179],[126.7517,35.4361],[126.7381,35.449],[126.7409,35.4523],[126.7495,35.4511],[126.7617,35.4649],[126.7725,35.4684],[126.8136,35.4688],[126.814,35.4829],[126.8261,35.4863],[126.8312,35.4801],[126.8399,35.4831],[126.8423,35.4801],[126.8396,35.4621],[126.8506,35.466],[126.8687,35.4614],[126.9047,35.4409],[126.8977,35.433],[126.9036,35.4302],[126.9031,35.4208],[126.9207,35.4109],[126.9169,35.4049],[126.9252,35.3988],[126.9246,35.3794],[126.917,35.386],[126.8957,35.3661],[126.8864,35.3644],[126.8759,35.3425],[126.8877,35.3259],[126.8801,35.3211],[126.8614,35.3212],[126.8632,35.3016],[126.8547,35.2942],[126.8816,35.2531],[126.8588,35.2397],[126.8443,35.2367],[126.8387,35.2299],[126.8253,35.2318],[126.8239,35.2256],[126.8054,35.2183],[126.7814,35.2248],[126.7704,35.2328],[126.7555,35.2344],[126.7548,35.2422],[126.7639,35.2543],[126.7578,35.2584],[126.7372,35.2521],[126.7198,35.2269],[126.7178,35.2119],[126.7026,35.2078],[126.6869,35.2152],[126.6774,35.2014]]]}},{"type":"Feature","properties":{"sido":"전라남도","sigungu":"장흥군","center":[34.6445,126.9586]},"geometry":{"type":"MultiPolygon","coordinates":[[[[126.9288,34.4317],[126.9321,34.4309],[126.9317,34.4292],[126.9288,34.4317]]],[[[126.8731,34.4561],[126.887,34.4336],[126.8847,34.4218],[126.8749,34.4356],[126.8679,34.4392],[126.8652,34.4339],[126.8451,34.4513],[126.8543,34.4742],[126.844,34.506],[126.8585,34.5279],[126.8858,34.5444],[126.8762,34.552],[126.8781,34.5758],[126.8697,34.583],[126.8682,34.5945],[126.8561,34.5999],[126.8497,34.6187],[126.8583,34.624],[126.8746,34.62],[126.8791,34.6263],[126.8714,34.6337],[126.874,34.6528],[126.8656,34.6604],[126.8682,34.6691],[126.8559,34.6788],[126.8547,34.6999],[126.8468,34.7169],[126.8523,34.7226],[126.8419,34.7258],[126.8402,34.7337],[126.8254,34.7438],[126.8142,34.7675],[126.8172,34.7764],[126.813,34.7804],[126.8,34.7772],[126.7932,34.7942],[126.8007,34.803],[126.8072,34.8287],[126.8439,34.84],[126.857,34.8535],[126.8606,34.8719],[126.8844,34.8772],[126.9026,34.869],[126.9075,34.8588],[126.9059,34.8466],[126.9212,34.8454],[126.9215,34.8357],[126.9409,34.8243],[126.9497,34.8288],[126.949,34.8396],[126.9643,34.8408],[126.9696,34.8503],[126.9797,34.8504],[126.9811,34.844],[126.9923,34.8356],[127.0079,34.8412],[127.0374,34.8385],[127.031,34.8341],[127.0284,34.8204],[127.0217,34.8195],[127.0152,34.7902],[127.0247,34.7761],[127.0116,34.77],[127.0204,34.7484],[127.0175,34.7406],[126.9721,34.7061],[126.9816,34.6907],[126.9803,34.683],[127.0196,34.6814],[127.03,34.6625],[127.042,34.6544],[127.0466,34.6347],[127.0397,34.6362],[127.0284,34.6279],[127.012,34.6246],[126.9638,34.6261],[126.9937,34.6238],[126.9945,34.6146],[127.0093,34.6077],[126.9999,34.6042],[126.9999,34.5977],[126.9933,34.594],[126.9926,34.5823],[126.9793,34.574],[126.9971,34.5665],[127.0047,34.5699],[127.0044,34.5558],[126.9977,34.5623],[126.989,34.5618],[126.989,34.5403],[126.9722,34.543],[126.9598,34.5309],[126.965,34.5231],[126.9738,34.5238],[126.9783,34.5114],[126.968,34.5097],[126.9689,34.5048],[126.9622,34.5014],[126.9668,34.4918],[126.9766,34.4873],[126.9785,34.4708],[126.9681,34.4783],[126.9569,34.4685],[126.945,34.4832],[126.9376,34.4769],[126.9473,34.4567],[126.9379,34.4477],[126.8731,34.4561]]],[[[126.9392,34.4383],[126.9415,34.4374],[126.941,34.4371],[126.9392,34.4383]]],[[[126.9695,34.462],[126.9657,34.4452],[126.9585,34.4603],[126.9658,34.4649],[126.9695,34.462]]],[[[127.0153,34.6116],[127.0117,34.6106],[127.009,34.6182],[127.0168,34.6192],[127.0153,34.6116]]]]}},{"type":"Feature","properties":{"sido":"전라남도","sigungu":"진도군","center":[34.4703,126.2566]},"geometry":{"type":"MultiPolygon","coordinates":[[[[125.9356,34.1596],[125.9396,34.1646],[125.9482,34.1448],[125.9436,34.1407],[125.9356,34.1596]]],[[[125.8604,34.1989],[125.8624,34.1951],[125.8608,34.1941],[125.8557,34.1973],[125.8604,34.1989]]],[[[125.8802,34.2113],[125.8814,34.2097],[125.8801,34.2088],[125.8802,34.2113]]],[[[125.8485,34.2115],[125.8472,34.2142],[125.857,34.2175],[125.866,34.2118],[125.8639,34.2075],[125.8485,34.2115]]],[[[125.8395,34.2256],[125.8484,34.2253],[125.8474,34.2195],[125.8395,34.2256]]],[[[125.9864,34.2322],[125.9894,34.2317],[125.9879,34.2292],[125.9864,34.2322]]],[[[125.9619,34.2393],[125.965,34.238],[125.9633,34.236],[125.9619,34.2393]]],[[[125.9441,34.2311],[125.9268,34.231],[125.9253,34.2386],[125.9303,34.2463],[125.9541,34.246],[125.956,34.2412],[125.9441,34.2311]]],[[[125.9288,34.2493],[125.9229,34.2444],[125.9214,34.2539],[125.927,34.2543],[125.9288,34.2493]]],[[[125.9191,34.2484],[125.9156,34.2476],[125.9169,34.2538],[125.9141,34.2487],[125.9095,34.2507],[125.9153,34.2449],[125.9133,34.2408],[125.9094,34.2461],[125.8971,34.246],[125.9052,34.2589],[125.9242,34.2623],[125.9259,34.2563],[125.9216,34.2569],[125.9191,34.2484]]],[[[126.0046,34.2704],[126.0098,34.2647],[125.9987,34.2598],[126.0037,34.2515],[125.9922,34.2528],[125.9923,34.2605],[125.9866,34.2635],[125.9893,34.27],[125.9813,34.2633],[125.9772,34.2761],[125.994,34.2791],[125.9963,34.2666],[126.0046,34.2704]]],[[[125.9832,34.2969],[125.97,34.2999],[125.9728,34.3047],[125.9832,34.2969]]],[[[125.9011,34.3069],[125.9049,34.3056],[125.9037,34.3051],[125.9011,34.3069]]],[[[125.9497,34.301],[125.9441,34.3015],[125.9431,34.3119],[125.9497,34.301]]],[[[125.9904,34.3111],[125.988,34.311],[125.9892,34.312],[125.9904,34.3111]]],[[[125.9528,34.3076],[125.9509,34.3102],[125.9632,34.3158],[125.9648,34.3107],[125.9528,34.3076]]],[[[125.972,34.3071],[125.9672,34.3192],[125.9751,34.3216],[125.9804,34.3157],[125.972,34.3071]]],[[[125.9746,34.3257],[125.9778,34.3313],[125.9809,34.3261],[125.9746,34.3257]]],[[[125.9732,34.3431],[125.971,34.3451],[125.9729,34.3462],[125.9764,34.3443],[125.9732,34.3431]]],[[[125.9589,34.3452],[125.9464,34.3435],[125.9516,34.3525],[125.9584,34.3507],[125.9589,34.3452]]],[[[125.9889,34.3482],[125.9823,34.3517],[125.9888,34.3541],[125.9889,34.3482]]],[[[125.9305,34.3545],[125.9317,34.3506],[125.9297,34.352],[125.9305,34.3545]]],[[[125.9376,34.3782],[125.9457,34.3785],[125.9374,34.3646],[125.9319,34.3684],[125.9376,34.3782]]],[[[125.9685,34.3659],[125.9609,34.3641],[125.962,34.3756],[125.9705,34.3764],[125.9644,34.3817],[125.9707,34.3799],[125.9731,34.3732],[125.9685,34.3659]]],[[[126.0591,34.2209],[126.0584,34.2179],[126.058,34.218],[126.0591,34.2209]]],[[[126.0577,34.2244],[126.0431,34.2317],[126.0357,34.2187],[126.0339,34.2313],[126.0237,34.231],[126.026,34.2388],[126.0411,34.2356],[126.0492,34.2404],[126.0527,34.2482],[126.0488,34.2547],[126.0635,34.2436],[126.0577,34.2244]]],[[[126.0493,34.2619],[126.0559,34.2587],[126.055,34.2566],[126.0475,34.2576],[126.0493,34.2619]]],[[[126.0113,34.2642],[126.0132,34.263],[126.0116,34.2619],[126.0113,34.2642]]],[[[126.0528,34.2714],[126.054,34.2729],[126.0571,34.2712],[126.0528,34.2714]]],[[[125.9945,34.2929],[126.0021,34.2895],[125.9916,34.2871],[125.9945,34.2929]]],[[[126.0065,34.292],[126.0077,34.2908],[126.0057,34.2898],[126.0065,34.292]]],[[[126.0552,34.3045],[126.0889,34.3122],[126.0866,34.2994],[126.0931,34.2891],[126.094,34.2729],[126.0799,34.2844],[126.0739,34.2836],[126.0672,34.2735],[126.062,34.2786],[126.063,34.289],[126.0607,34.2851],[126.053,34.287],[126.059,34.2784],[126.0557,34.2741],[126.0496,34.2816],[126.0234,34.2852],[126.0276,34.2901],[126.0242,34.2953],[126.0151,34.2911],[126.0208,34.3029],[126.0324,34.3048],[126.0214,34.3067],[126.024,34.3133],[126.03,34.31],[126.0342,34.3118],[126.0292,34.3164],[126.0392,34.3196],[126.0552,34.3045]]],[[[126.0135,34.307],[126.0139,34.3052],[126.0114,34.3047],[126.0135,34.307]]],[[[126.0193,34.3096],[126.011,34.3116],[126.0047,34.3055],[126.0062,34.3124],[125.9987,34.3128],[125.9981,34.3168],[126.0162,34.3179],[126.0193,34.3096]]],[[[126.0272,34.3228],[126.0244,34.321],[126.0255,34.3244],[126.0272,34.3228]]],[[[126.0595,34.3192],[126.052,34.3241],[126.0445,34.3217],[126.0366,34.3226],[126.046,34.3237],[126.0369,34.3301],[126.0342,34.324],[126.0238,34.3303],[126.0209,34.3227],[126.0109,34.3212],[125.9978,34.3251],[125.9923,34.3386],[125.9994,34.3413],[126.0159,34.3326],[126.011,34.3394],[126.0242,34.3399],[126.0264,34.343],[126.0536,34.3321],[126.0595,34.3192]]],[[[126.0267,34.3432],[126.014,34.3432],[126.013,34.3486],[126.0212,34.3505],[126.0124,34.3546],[126.0102,34.3608],[126.0221,34.3577],[126.0267,34.3432]]],[[[126.0414,34.3768],[126.0415,34.3786],[126.0445,34.3753],[126.0414,34.3768]]],[[[126.0043,34.3836],[126.0059,34.3839],[126.0068,34.3753],[126.0023,34.3777],[126.0043,34.3836]]],[[[126.0376,34.3827],[126.0412,34.3828],[126.0406,34.38],[126.0376,34.3827]]],[[[126.0152,34.386],[126.0179,34.3831],[126.017,34.383],[126.0152,34.386]]],[[[126.0357,34.4015],[126.0412,34.3936],[126.0353,34.3945],[126.0357,34.4015]]],[[[126.04,34.407],[126.0502,34.402],[126.0548,34.3929],[126.0428,34.3962],[126.04,34.407]]],[[[126.0074,34.3989],[126.0095,34.4044],[126.0144,34.4],[126.0111,34.396],[126.0074,34.3989]]],[[[126.0061,34.4272],[126.0081,34.4274],[126.0059,34.4247],[126.0061,34.4272]]],[[[125.9997,34.4552],[126.001,34.4531],[125.9979,34.4537],[125.9997,34.4552]]],[[[126.0259,34.4593],[126.0261,34.4601],[126.0279,34.4578],[126.0259,34.4593]]],[[[126.0597,34.4884],[126.0553,34.482],[126.0719,34.4814],[126.0663,34.475],[126.0532,34.4719],[126.0539,34.4669],[126.0413,34.4554],[126.0404,34.4608],[126.0349,34.4621],[126.0409,34.4691],[126.0318,34.4841],[126.0389,34.4808],[126.0441,34.4909],[126.0502,34.4928],[126.0468,34.4956],[126.0549,34.4987],[126.0647,34.4934],[126.0652,34.4881],[126.0597,34.4884]]],[[[126.1597,34.2241],[126.1654,34.2256],[126.1648,34.2207],[126.1597,34.2241]]],[[[126.1504,34.2223],[126.1471,34.2264],[126.1514,34.2267],[126.1504,34.2223]]],[[[126.1642,34.2287],[126.1649,34.2269],[126.1623,34.2268],[126.1642,34.2287]]],[[[126.0743,34.2371],[126.0787,34.2324],[126.074,34.2314],[126.0743,34.2371]]],[[[126.0679,34.2373],[126.0661,34.2381],[126.0664,34.2406],[126.0679,34.2373]]],[[[126.0766,34.2459],[126.0724,34.2461],[126.0908,34.2482],[126.083,34.242],[126.0766,34.2459]]],[[[126.1787,34.242],[126.181,34.2372],[126.1748,34.2363],[126.1762,34.2535],[126.1821,34.2629],[126.1865,34.259],[126.1787,34.242]]],[[[126.1779,34.2612],[126.1726,34.264],[126.1733,34.2648],[126.1779,34.2612]]],[[[126.156,34.2571],[126.1392,34.2698],[126.1513,34.2692],[126.156,34.2571]]],[[[126.1093,34.2689],[126.1117,34.2609],[126.1002,34.2627],[126.0957,34.271],[126.1093,34.2689]]],[[[126.1214,34.2696],[126.1228,34.266],[126.1192,34.2686],[126.1214,34.2696]]],[[[126.1249,34.3572],[126.1256,34.3566],[126.123,34.3545],[126.1249,34.3572]]],[[[126.125,34.3646],[126.1229,34.3646],[126.1234,34.3663],[126.125,34.3646]]],[[[126.0813,34.428],[126.0846,34.4286],[126.0848,34.4258],[126.0813,34.428]]],[[[126.084,34.4397],[126.0846,34.4373],[126.0806,34.4371],[126.084,34.4397]]],[[[126.1269,34.3789],[126.1171,34.379],[126.1092,34.395],[126.0901,34.4146],[126.0912,34.4221],[126.0974,34.4223],[126.0937,34.4298],[126.1003,34.431],[126.0969,34.4364],[126.1123,34.4484],[126.1278,34.4437],[126.127,34.4525],[126.1182,34.4535],[126.1164,34.4598],[126.1397,34.4685],[126.1483,34.4775],[126.1725,34.4847],[126.1731,34.4949],[126.1907,34.5146],[126.1948,34.5119],[126.1885,34.4963],[126.205,34.4959],[126.2076,34.5016],[126.1981,34.5099],[126.2106,34.5169],[126.2232,34.5164],[126.2116,34.5267],[126.2249,34.5302],[126.2256,34.5414],[126.228,34.536],[126.2373,34.537],[126.2372,34.5324],[126.2466,34.5319],[126.2459,34.5397],[126.255,34.5368],[126.261,34.5482],[126.2505,34.5638],[126.2394,34.5659],[126.2396,34.5759],[126.2446,34.5802],[126.2388,34.5822],[126.2401,34.5871],[126.2502,34.5895],[126.2523,34.5842],[126.2577,34.5874],[126.2978,34.5742],[126.3102,34.5631],[126.3029,34.5566],[126.3255,34.5412],[126.3265,34.5469],[126.3392,34.5516],[126.3431,34.5483],[126.337,34.5433],[126.3455,34.5424],[126.3538,34.5325],[126.3512,34.5276],[126.3598,34.5267],[126.3822,34.5046],[126.373,34.4968],[126.3839,34.4804],[126.379,34.4783],[126.3747,34.4853],[126.358,34.4806],[126.3605,34.4732],[126.3719,34.4721],[126.3713,34.4655],[126.3582,34.4561],[126.3655,34.4429],[126.3425,34.4155],[126.3358,34.4146],[126.3367,34.4003],[126.3275,34.3967],[126.3207,34.4047],[126.3275,34.4061],[126.3207,34.4129],[126.3267,34.4152],[126.3201,34.4246],[126.3191,34.419],[126.3112,34.416],[126.3152,34.4004],[126.3029,34.4142],[126.3067,34.4028],[126.2927,34.4088],[126.2915,34.403],[126.2972,34.3979],[126.2896,34.3941],[126.2967,34.3908],[126.3025,34.3955],[126.3048,34.3887],[126.2968,34.3845],[126.3086,34.3829],[126.3054,34.3803],[126.3088,34.3739],[126.3016,34.3701],[126.292,34.3741],[126.289,34.3705],[126.2922,34.3665],[126.2881,34.3642],[126.2802,34.3687],[126.284,34.388],[126.2919,34.3912],[126.2843,34.3946],[126.277,34.3904],[126.2764,34.396],[126.2654,34.3974],[126.2596,34.3868],[126.2674,34.3844],[126.2674,34.3781],[126.2463,34.3799],[126.2342,34.3685],[126.2311,34.3746],[126.2199,34.3672],[126.2024,34.3707],[126.2142,34.3603],[126.2063,34.3614],[126.1801,34.3507],[126.1817,34.3591],[126.1738,34.3528],[126.1629,34.3529],[126.1563,34.3567],[126.1593,34.3623],[126.1528,34.3664],[126.1447,34.3648],[126.1417,34.3574],[126.1298,34.3593],[126.1361,34.3643],[126.1299,34.3656],[126.1373,34.3691],[126.1342,34.3741],[126.1456,34.3791],[126.1425,34.3849],[126.1308,34.3853],[126.1269,34.3789]]],[[[126.0917,34.462],[126.1046,34.4546],[126.1018,34.4539],[126.0928,34.4562],[126.0917,34.462]]],[[[126.168,34.4895],[126.1691,34.4897],[126.1691,34.4868],[126.168,34.4895]]],[[[126.0826,34.4934],[126.0881,34.49],[126.0817,34.4844],[126.0777,34.4872],[126.0826,34.4934]]],[[[126.1022,34.4909],[126.101,34.4939],[126.1074,34.4939],[126.1104,34.4896],[126.1022,34.4909]]],[[[126.164,34.5061],[126.1617,34.5065],[126.1639,34.5119],[126.1692,34.5092],[126.164,34.5061]]],[[[126.0871,34.517],[126.0893,34.5164],[126.089,34.5155],[126.0871,34.517]]],[[[126.0965,34.5208],[126.097,34.5189],[126.0942,34.5198],[126.0965,34.5208]]],[[[126.104,34.5311],[126.107,34.5304],[126.1068,34.5282],[126.104,34.5311]]],[[[126.3026,34.322],[126.3022,34.3203],[126.2936,34.3252],[126.3026,34.322]]],[[[126.3043,34.3261],[126.297,34.3281],[126.2977,34.3348],[126.3043,34.3261]]],[[[126.2125,34.3475],[126.213,34.3502],[126.2156,34.3483],[126.2125,34.3475]]],[[[126.3304,34.3862],[126.3273,34.3832],[126.3274,34.3852],[126.3304,34.3862]]],[[[126.3459,34.3871],[126.347,34.3865],[126.3453,34.3849],[126.3459,34.3871]]],[[[126.326,34.3932],[126.3273,34.3916],[126.3257,34.3899],[126.326,34.3932]]],[[[126.3275,34.396],[126.3293,34.3945],[126.3275,34.394],[126.3275,34.396]]],[[[126.3137,34.3968],[126.3151,34.396],[126.3134,34.3943],[126.3137,34.3968]]],[[[126.3489,34.3998],[126.3489,34.4003],[126.3515,34.3996],[126.3489,34.3998]]],[[[126.3543,34.4106],[126.3583,34.4121],[126.3563,34.4058],[126.3507,34.404],[126.3543,34.4106]]],[[[126.3662,34.4092],[126.3638,34.4152],[126.3683,34.4173],[126.3734,34.412],[126.3662,34.4092]]],[[[126.2183,34.5355],[126.2197,34.5363],[126.2198,34.5337],[126.2183,34.5355]]],[[[126.3545,34.536],[126.3505,34.5372],[126.3522,34.5392],[126.3545,34.536]]],[[[126.2284,34.552],[126.2239,34.5511],[126.219,34.553],[126.2284,34.552]]],[[[126.308,34.5562],[126.3105,34.5554],[126.3094,34.5547],[126.308,34.5562]]],[[[126.3154,34.5579],[126.3171,34.5559],[126.3149,34.5557],[126.3154,34.5579]]]]}},{"type":"Feature","properties":{"sido":"전라남도","sigungu":"함평군","center":[35.1047,126.5488]},"geometry":{"type":"Polygon","coordinates":[[[126.5408,34.9752],[126.5312,34.9783],[126.512,34.9902],[126.4998,34.9861],[126.4901,35.001],[126.5001,35.0041],[126.4977,35.0173],[126.4844,35.018],[126.4805,35.0267],[126.4697,35.0209],[126.464,35.0313],[126.4633,35.0421],[126.4774,35.0649],[126.436,35.0844],[126.4576,35.0899],[126.4647,35.0997],[126.4456,35.1059],[126.4206,35.1065],[126.403,35.1354],[126.3907,35.138],[126.3827,35.1526],[126.3686,35.165],[126.3907,35.1794],[126.3998,35.1761],[126.4078,35.1861],[126.4203,35.1852],[126.4353,35.1729],[126.4502,35.1858],[126.4652,35.1861],[126.4771,35.1939],[126.5005,35.1835],[126.5144,35.1875],[126.5335,35.1823],[126.5437,35.1882],[126.5609,35.188],[126.5652,35.1987],[126.581,35.196],[126.5906,35.2134],[126.5931,35.2244],[126.5895,35.2295],[126.6015,35.2356],[126.6426,35.2073],[126.6717,35.1707],[126.654,35.1646],[126.6536,35.153],[126.6447,35.1466],[126.6535,35.1437],[126.6548,35.1367],[126.6515,35.1205],[126.6557,35.1107],[126.6468,35.1035],[126.6472,35.0958],[126.623,35.0869],[126.6085,35.0929],[126.6048,35.0992],[126.5936,35.0978],[126.5978,35.0932],[126.5867,35.0482],[126.5945,35.0279],[126.5858,35.0148],[126.5987,35.0128],[126.592,34.9962],[126.5987,34.996],[126.574,34.9728],[126.5616,34.9882],[126.5514,34.9867],[126.5408,34.9752]]]}},{"type":"Feature","properties":{"sido":"전라남도","sigungu":"해남군","center":[34.5263,126.5642]},"geometry":{"type":"MultiPolygon","coordinates":[[[[126.4781,34.3433],[126.4739,34.3311],[126.4637,34.3454],[126.4781,34.3433]]],[[[126.4686,34.3815],[126.4711,34.3824],[126.4707,34.3806],[126.4686,34.3815]]],[[[126.4653,34.4277],[126.4611,34.4257],[126.4601,34.4268],[126.4653,34.4277]]],[[[126.4349,34.4299],[126.4331,34.432],[126.4411,34.4337],[126.4349,34.4299]]],[[[126.4319,34.4343],[126.4281,34.4341],[126.4282,34.4342],[126.4319,34.4343]]],[[[126.4341,34.4387],[126.435,34.4376],[126.432,34.4365],[126.4301,34.4397],[126.4341,34.4387]]],[[[126.4284,34.4445],[126.4289,34.4436],[126.4239,34.4452],[126.4284,34.4445]]],[[[126.4203,34.4545],[126.4183,34.4519],[126.4136,34.4558],[126.4203,34.4545]]],[[[126.4143,34.4635],[126.4123,34.4669],[126.4172,34.4608],[126.4117,34.461],[126.4143,34.4635]]],[[[126.4231,34.5372],[126.4253,34.5381],[126.4252,34.5365],[126.4231,34.5372]]],[[[126.3181,34.5634],[126.3196,34.5628],[126.3187,34.5619],[126.3181,34.5634]]],[[[126.3219,34.5594],[126.3197,34.5596],[126.3231,34.5669],[126.331,34.5684],[126.3219,34.5594]]],[[[126.4559,34.5195],[126.4562,34.5236],[126.4416,34.5217],[126.444,34.5283],[126.4601,34.5321],[126.443,34.5391],[126.4335,34.5346],[126.4381,34.5401],[126.4337,34.5393],[126.436,34.5499],[126.4302,34.5553],[126.4199,34.5542],[126.4169,34.5468],[126.4049,34.5468],[126.4025,34.5378],[126.3862,34.5323],[126.3782,34.539],[126.3892,34.551],[126.3843,34.5531],[126.3833,34.5617],[126.3625,34.5608],[126.3341,34.5731],[126.3138,34.5666],[126.3073,34.5723],[126.3091,34.5765],[126.3036,34.5775],[126.3126,34.5877],[126.2992,34.5901],[126.2954,34.6006],[126.2921,34.5918],[126.28,34.5954],[126.2826,34.6041],[126.2876,34.6052],[126.2805,34.6109],[126.2626,34.6088],[126.2589,34.6121],[126.2695,34.6153],[126.2795,34.6123],[126.2832,34.6171],[126.2804,34.6221],[126.2933,34.6295],[126.2888,34.6356],[126.2798,34.6298],[126.262,34.6387],[126.2597,34.6454],[126.2671,34.6434],[126.2682,34.6474],[126.2593,34.6534],[126.2626,34.6597],[126.255,34.6641],[126.26,34.676],[126.2549,34.6797],[126.2625,34.6852],[126.2579,34.6934],[126.2601,34.7048],[126.2622,34.708],[126.2667,34.704],[126.2744,34.7181],[126.2802,34.7179],[126.2743,34.7287],[126.2861,34.7586],[126.3,34.7622],[126.3352,34.7383],[126.3312,34.7212],[126.3398,34.719],[126.3507,34.7033],[126.3389,34.6932],[126.3377,34.6848],[126.3605,34.6496],[126.3607,34.6385],[126.3705,34.637],[126.3735,34.6258],[126.3701,34.6047],[126.3737,34.6154],[126.3805,34.6177],[126.3889,34.6085],[126.4093,34.6074],[126.41,34.6009],[126.4518,34.5821],[126.4501,34.5896],[126.4651,34.5946],[126.4361,34.5981],[126.4267,34.604],[126.4285,34.6137],[126.4053,34.6255],[126.4175,34.6364],[126.4056,34.6334],[126.405,34.6466],[126.4193,34.656],[126.4042,34.6483],[126.4035,34.63],[126.3938,34.6265],[126.369,34.6517],[126.3611,34.6682],[126.3629,34.6736],[126.3882,34.6927],[126.3782,34.7089],[126.3734,34.7062],[126.3792,34.6951],[126.3752,34.6941],[126.376,34.6886],[126.3635,34.6792],[126.355,34.6768],[126.3446,34.6857],[126.3473,34.6947],[126.3682,34.6989],[126.3885,34.731],[126.3883,34.7199],[126.4219,34.7134],[126.4192,34.7049],[126.4256,34.7027],[126.4398,34.7101],[126.4527,34.7063],[126.4576,34.6973],[126.4512,34.6864],[126.4714,34.6591],[126.4917,34.6511],[126.5023,34.6535],[126.5256,34.6345],[126.5039,34.6568],[126.4886,34.6561],[126.4795,34.6613],[126.4762,34.6681],[126.4792,34.6798],[126.5061,34.66],[126.5427,34.6549],[126.5788,34.6356],[126.6197,34.6292],[126.6226,34.6325],[126.5806,34.6385],[126.5381,34.6657],[126.5532,34.6723],[126.5616,34.6834],[126.5651,34.6808],[126.5578,34.665],[126.5711,34.6781],[126.5971,34.6827],[126.6246,34.6808],[126.6385,34.6741],[126.6482,34.689],[126.6657,34.692],[126.6778,34.6854],[126.7057,34.6817],[126.6985,34.6725],[126.7019,34.6624],[126.6921,34.658],[126.6972,34.65],[126.6823,34.6327],[126.6988,34.6279],[126.6925,34.6227],[126.6884,34.6071],[126.6718,34.5923],[126.6951,34.5638],[126.6843,34.5459],[126.6674,34.537],[126.6828,34.5304],[126.6863,34.5243],[126.6803,34.5159],[126.6864,34.5092],[126.6841,34.4696],[126.7169,34.4705],[126.7349,34.4546],[126.7251,34.4422],[126.7189,34.4448],[126.7138,34.4391],[126.6978,34.4399],[126.6812,34.4262],[126.6746,34.4275],[126.6776,34.4161],[126.6631,34.426],[126.66,34.4221],[126.6634,34.4209],[126.6471,34.4176],[126.6461,34.4083],[126.6349,34.4115],[126.6284,34.4018],[126.6243,34.4077],[126.6191,34.4035],[126.6215,34.3932],[126.6127,34.3863],[126.6146,34.38],[126.6231,34.3777],[126.6194,34.3737],[126.6214,34.3593],[126.6026,34.3487],[126.6111,34.3419],[126.6042,34.3383],[126.6016,34.3199],[126.606,34.3147],[126.5968,34.3124],[126.5862,34.3197],[126.5591,34.3218],[126.5447,34.303],[126.5313,34.3017],[126.5284,34.2935],[126.5218,34.2927],[126.515,34.3065],[126.5191,34.3136],[126.5121,34.3191],[126.5269,34.3341],[126.5202,34.3448],[126.5199,34.3608],[126.5028,34.3649],[126.4989,34.3577],[126.4909,34.3594],[126.4765,34.3481],[126.4711,34.3489],[126.4648,34.3624],[126.4762,34.3556],[126.4811,34.3586],[126.476,34.3649],[126.4868,34.3646],[126.4754,34.3728],[126.4808,34.3765],[126.4734,34.3782],[126.481,34.3828],[126.4747,34.3818],[126.471,34.3844],[126.4818,34.3853],[126.4834,34.3895],[126.4968,34.3859],[126.4889,34.396],[126.4869,34.4084],[126.5051,34.4054],[126.5167,34.4144],[126.508,34.4267],[126.5138,34.4335],[126.5084,34.4395],[126.4972,34.4312],[126.4844,34.4337],[126.4824,34.4254],[126.4542,34.4487],[126.4645,34.4544],[126.4707,34.448],[126.4768,34.4502],[126.4674,34.4567],[126.471,34.4693],[126.4625,34.4678],[126.4551,34.4775],[126.4556,34.4821],[126.465,34.4843],[126.4559,34.4889],[126.4622,34.4959],[126.4558,34.5013],[126.4714,34.507],[126.4623,34.5199],[126.4559,34.5195]]],[[[126.3056,34.5844],[126.2971,34.5818],[126.2994,34.5872],[126.3051,34.5886],[126.3056,34.5844]]],[[[126.2439,34.6979],[126.2409,34.698],[126.241,34.7006],[126.2439,34.6979]]],[[[126.5119,34.3038],[126.5078,34.298],[126.5077,34.3002],[126.5119,34.3038]]],[[[126.5008,34.317],[126.5046,34.3191],[126.5035,34.315],[126.5008,34.317]]],[[[126.6193,34.3386],[126.6189,34.3371],[126.6162,34.3381],[126.6193,34.3386]]],[[[126.4732,34.3728],[126.4752,34.3713],[126.4747,34.3706],[126.4732,34.3728]]],[[[126.6465,34.4051],[126.648,34.4036],[126.6464,34.4035],[126.6465,34.4051]]],[[[126.7025,34.4351],[126.7147,34.4351],[126.7116,34.4337],[126.7025,34.4351]]],[[[126.4954,34.6754],[126.5043,34.6752],[126.5254,34.6618],[126.5063,34.6641],[126.4954,34.6754]]]]}},{"type":"Feature","properties":{"sido":"전라남도","sigungu":"화순군","center":[35.0203,127.0325]},"geometry":{"type":"Polygon","coordinates":[[[126.9693,34.8503],[126.9638,34.8405],[126.949,34.8396],[126.9497,34.8288],[126.9411,34.8243],[126.9215,34.8357],[126.9212,34.8454],[126.9059,34.8466],[126.9075,34.8588],[126.8984,34.8732],[126.8844,34.8772],[126.8499,34.8679],[126.8239,34.8711],[126.8442,34.8845],[126.8702,34.8906],[126.8747,34.8979],[126.8724,34.9178],[126.8682,34.9199],[126.8731,34.9269],[126.8664,34.9394],[126.8782,34.9499],[126.8817,34.9603],[126.8764,34.9664],[126.8947,34.9894],[126.8851,35.0017],[126.8686,35.0099],[126.8742,35.019],[126.8824,35.0216],[126.8814,35.0297],[126.8926,35.0417],[126.8902,35.0473],[126.8998,35.0553],[126.8921,35.0782],[126.9199,35.0915],[126.9324,35.0744],[126.9518,35.073],[126.9632,35.0875],[126.9883,35.0949],[126.9887,35.1099],[126.9979,35.112],[127.0091,35.1244],[127.0105,35.1338],[127.0203,35.1384],[127.0349,35.1306],[127.05,35.1295],[127.0715,35.1158],[127.0793,35.1192],[127.0792,35.1233],[127.0896,35.1281],[127.084,35.1445],[127.0692,35.1625],[127.0655,35.1844],[127.0905,35.1816],[127.1063,35.1918],[127.1156,35.1886],[127.1207,35.1974],[127.1461,35.1945],[127.1845,35.2142],[127.1973,35.2033],[127.2017,35.186],[127.1891,35.1645],[127.1972,35.1567],[127.1978,35.1326],[127.1875,35.1234],[127.1905,35.1119],[127.1822,35.0955],[127.1853,35.0698],[127.1919,35.065],[127.1836,35.0481],[127.1877,35.0121],[127.1779,35.0058],[127.1749,34.9883],[127.1783,34.9817],[127.1729,34.9736],[127.1516,34.9651],[127.1275,34.9686],[127.1085,34.9453],[127.089,34.936],[127.0812,34.9267],[127.0792,34.9148],[127.0891,34.8741],[127.0636,34.8615],[127.061,34.8472],[127.0421,34.8382],[127.0079,34.8412],[126.9923,34.8356],[126.9786,34.8505],[126.9693,34.8503]]]}},{"type":"Feature","properties":{"sido":"전북특별자치도","sigungu":"고창군","center":[35.4428,126.5886]},"geometry":{"type":"MultiPolygon","coordinates":[[[[126.6447,35.3199],[126.6282,35.3205],[126.604,35.3356],[126.5987,35.3303],[126.5834,35.3287],[126.5825,35.3198],[126.5896,35.312],[126.585,35.3008],[126.5726,35.3101],[126.5509,35.3136],[126.5312,35.3075],[126.5208,35.325],[126.5139,35.3272],[126.5204,35.3484],[126.5128,35.362],[126.4937,35.3505],[126.4973,35.3734],[126.4774,35.3862],[126.4905,35.395],[126.4917,35.4111],[126.4771,35.425],[126.452,35.4269],[126.4463,35.4352],[126.4289,35.4329],[126.4351,35.4508],[126.4405,35.4505],[126.4617,35.4806],[126.4842,35.5228],[126.4966,35.5101],[126.5006,35.5243],[126.5193,35.5335],[126.5446,35.5273],[126.5459,35.5325],[126.567,35.5431],[126.5911,35.5418],[126.594,35.5351],[126.6166,35.5571],[126.6172,35.5699],[126.6241,35.5685],[126.6337,35.575],[126.6479,35.5697],[126.6669,35.5541],[126.6722,35.5714],[126.6922,35.5694],[126.7048,35.5748],[126.7393,35.5674],[126.7556,35.5737],[126.7641,35.5705],[126.7668,35.5628],[126.7609,35.5557],[126.7661,35.5493],[126.7612,35.5329],[126.7737,35.5235],[126.7596,35.5142],[126.7707,35.5074],[126.7642,35.4931],[126.7725,35.4684],[126.7617,35.4649],[126.7495,35.4511],[126.7381,35.449],[126.7515,35.4365],[126.754,35.4162],[126.7361,35.4032],[126.7221,35.4],[126.7296,35.3946],[126.7321,35.3841],[126.7227,35.3672],[126.7046,35.3651],[126.6992,35.3496],[126.6915,35.3516],[126.6855,35.3446],[126.6667,35.3515],[126.6602,35.3442],[126.6594,35.3344],[126.6456,35.3261],[126.6447,35.3199]]],[[[126.4848,35.538],[126.4787,35.5386],[126.4818,35.5402],[126.4848,35.538]]],[[[126.4829,35.5404],[126.4767,35.5438],[126.4807,35.5468],[126.4829,35.5404]]],[[[126.5877,35.5704],[126.5874,35.5737],[126.5882,35.5725],[126.5877,35.5704]]]]}},{"type":"Feature","properties":{"sido":"전북특별자치도","sigungu":"군산시","center":[35.9715,126.715]},"geometry":{"type":"MultiPolygon","coordinates":[[[[126.46,35.7287],[126.4625,35.729],[126.461,35.7261],[126.46,35.7287]]],[[[126.4586,35.7368],[126.4534,35.7281],[126.4485,35.7314],[126.4509,35.7381],[126.4399,35.7429],[126.4523,35.7472],[126.4586,35.7368]]],[[[126.4646,35.7412],[126.4669,35.7407],[126.4654,35.7389],[126.4646,35.7412]]],[[[126.4629,35.7495],[126.4673,35.7524],[126.47,35.7475],[126.4629,35.7495]]],[[[126.4104,35.8002],[126.4129,35.8023],[126.4121,35.7984],[126.4104,35.8002]]],[[[126.4251,35.7931],[126.4134,35.7985],[126.4204,35.8103],[126.4318,35.8023],[126.4327,35.8088],[126.4376,35.8061],[126.4366,35.8107],[126.44,35.8056],[126.4251,35.7931]]],[[[126.4298,35.8096],[126.4315,35.812],[126.4318,35.8096],[126.4298,35.8096]]],[[[126.3753,35.8178],[126.3712,35.8159],[126.3831,35.8032],[126.3766,35.8043],[126.3758,35.7999],[126.3671,35.8101],[126.368,35.8214],[126.3753,35.8178]]],[[[126.4442,35.8144],[126.4466,35.8131],[126.4462,35.8125],[126.4442,35.8144]]],[[[126.3977,35.8074],[126.3941,35.809],[126.3966,35.8145],[126.3873,35.8182],[126.3892,35.8219],[126.3974,35.819],[126.3977,35.8074]]],[[[126.4259,35.8181],[126.4159,35.8204],[126.415,35.8059],[126.4089,35.8046],[126.4061,35.8091],[126.4015,35.8044],[126.4127,35.8225],[126.3993,35.8281],[126.4039,35.8328],[126.414,35.8306],[126.4259,35.8181]]],[[[126.372,35.846],[126.3586,35.8488],[126.3861,35.8565],[126.3884,35.8528],[126.372,35.846]]],[[[126.3536,35.8494],[126.3375,35.8524],[126.3393,35.8546],[126.3536,35.8494]]],[[[126.3321,35.856],[126.3334,35.8553],[126.3339,35.8533],[126.33,35.8525],[126.3321,35.856]]],[[[126.3256,35.8575],[126.3274,35.8528],[126.3136,35.8559],[126.3256,35.8575]]],[[[126.4329,35.8559],[126.4228,35.855],[126.4069,35.8584],[126.3947,35.8546],[126.407,35.8595],[126.4329,35.8559]]],[[[126.4457,36.0738],[126.4351,36.0761],[126.428,36.086],[126.4377,36.0878],[126.446,36.082],[126.4457,36.0738]]],[[[125.992,36.1102],[125.9829,36.1197],[125.9843,36.113],[125.9782,36.1106],[125.9725,36.1127],[125.9665,36.1264],[125.9949,36.1225],[125.992,36.1102]]],[[[126.5333,35.7273],[126.532,35.7259],[126.5264,35.7299],[126.5311,35.7315],[126.5333,35.7273]]],[[[126.5228,35.7363],[126.5236,35.7314],[126.5203,35.7317],[126.5195,35.7381],[126.5228,35.7363]]],[[[126.4693,35.7383],[126.4684,35.7388],[126.4697,35.7406],[126.4693,35.7383]]],[[[126.4807,35.8189],[126.4875,35.8157],[126.4703,35.8107],[126.4622,35.8133],[126.465,35.8182],[126.4618,35.819],[126.4539,35.8157],[126.4572,35.8102],[126.4537,35.806],[126.4457,35.8188],[126.4533,35.8184],[126.4416,35.8277],[126.4505,35.8321],[126.4758,35.8225],[126.491,35.8382],[126.4853,35.845],[126.4899,35.8472],[126.5005,35.8442],[126.4992,35.8374],[126.4807,35.8189]]],[[[126.484,35.8423],[126.4733,35.8421],[126.4823,35.8464],[126.484,35.8423]]],[[[126.6764,35.8947],[126.6677,35.8834],[126.6128,35.8861],[126.6104,35.9166],[126.615,35.9427],[126.5951,35.9475],[126.5494,35.9431],[126.5493,35.9397],[126.5384,35.9421],[126.5338,35.9325],[126.5277,35.9331],[126.5249,35.9373],[126.5293,35.9426],[126.5216,35.9478],[126.5211,35.971],[126.6777,35.9834],[126.6757,35.9906],[126.6863,35.9932],[126.6801,35.9993],[126.7289,35.996],[126.7487,36.0235],[126.7723,36.0313],[126.8101,36.034],[126.8636,36.0606],[126.8737,36.0425],[126.8703,36.0328],[126.8842,36.0259],[126.901,36.0079],[126.9146,36.0048],[126.9141,35.9934],[126.9082,35.9869],[126.9095,35.9819],[126.9023,35.9786],[126.9029,35.9721],[126.8852,35.9608],[126.8937,35.9551],[126.8818,35.9472],[126.8786,35.935],[126.8611,35.919],[126.8539,35.9166],[126.8475,35.9202],[126.8281,35.9068],[126.7912,35.9048],[126.77,35.889],[126.7363,35.8916],[126.725,35.8858],[126.6764,35.8947]]],[[[126.5242,36.0353],[126.5246,36.0339],[126.5223,36.0333],[126.5242,36.0353]]],[[[126.5558,36.0294],[126.5407,36.0373],[126.5432,36.044],[126.5533,36.0474],[126.5586,36.0376],[126.5558,36.0294]]],[[[126.5295,36.0383],[126.5325,36.036],[126.5232,36.0372],[126.5284,36.0422],[126.5295,36.0383]]],[[[126.5451,36.0468],[126.5456,36.0458],[126.544,36.0453],[126.5451,36.0468]]]]}},{"type":"Feature","properties":{"sido":"전북특별자치도","sigungu":"김제시","center":[35.7954,126.9126]},"geometry":{"type":"Polygon","coordinates":[[[126.882,35.7484],[126.8811,35.7401],[126.8685,35.7287],[126.8467,35.728],[126.8253,35.7143],[126.8218,35.7183],[126.8127,35.7158],[126.8082,35.7339],[126.7958,35.7511],[126.7775,35.7532],[126.7767,35.7664],[126.7678,35.7853],[126.7768,35.8015],[126.7339,35.8182],[126.7226,35.8277],[126.6854,35.8442],[126.6995,35.8562],[126.7308,35.8666],[126.7662,35.862],[126.7648,35.8661],[126.7892,35.8654],[126.7987,35.8737],[126.7962,35.8827],[126.8009,35.8938],[126.8253,35.8985],[126.8475,35.9202],[126.8606,35.9052],[126.8897,35.9155],[126.9081,35.9046],[126.9372,35.9127],[126.9529,35.9092],[126.9721,35.8979],[126.9958,35.8917],[126.9941,35.8841],[127.0066,35.8767],[127.0097,35.8466],[126.9947,35.8293],[126.9982,35.8152],[127.0199,35.7999],[127.0287,35.8028],[127.0659,35.7908],[127.0649,35.7862],[127.0743,35.7749],[127.0515,35.7597],[127.0604,35.7577],[127.0866,35.7257],[127.0718,35.7179],[127.0611,35.7043],[127.0689,35.6898],[127.0607,35.6704],[127.0307,35.666],[126.9912,35.6895],[126.992,35.7014],[126.9776,35.7166],[126.9509,35.7248],[126.9339,35.7203],[126.9169,35.7438],[126.8951,35.7533],[126.8833,35.7521],[126.8731,35.7583],[126.882,35.7484]]]}},{"type":"Feature","properties":{"sido":"전북특별자치도","sigungu":"남원시","center":[35.4331,127.4798]},"geometry":{"type":"Polygon","coordinates":[[[127.4015,35.3251],[127.3985,35.3117],[127.3845,35.3033],[127.358,35.321],[127.331,35.3151],[127.3241,35.3065],[127.3059,35.3031],[127.2884,35.3142],[127.2568,35.3126],[127.2317,35.3353],[127.2196,35.3354],[127.2173,35.3189],[127.211,35.3155],[127.187,35.3224],[127.1831,35.3301],[127.1861,35.3362],[127.1957,35.339],[127.1872,35.3447],[127.1973,35.3644],[127.205,35.3606],[127.2148,35.3694],[127.2134,35.3761],[127.2259,35.3989],[127.2459,35.3988],[127.2599,35.4269],[127.2726,35.4207],[127.2938,35.4298],[127.2978,35.4448],[127.3145,35.4663],[127.3073,35.4844],[127.3104,35.4939],[127.3348,35.4926],[127.3562,35.5003],[127.3547,35.5123],[127.3378,35.5256],[127.3444,35.527],[127.3498,35.5372],[127.3346,35.5487],[127.3355,35.554],[127.35,35.5513],[127.3589,35.559],[127.3777,35.5483],[127.392,35.5464],[127.4025,35.5484],[127.41,35.5607],[127.4261,35.5502],[127.4394,35.5528],[127.4401,35.5477],[127.4523,35.5408],[127.4569,35.5463],[127.4672,35.5462],[127.4733,35.5397],[127.4923,35.5341],[127.4912,35.527],[127.5018,35.5213],[127.5159,35.4988],[127.5271,35.4954],[127.5269,35.4862],[127.514,35.4792],[127.5449,35.4679],[127.5617,35.4735],[127.5594,35.4807],[127.5635,35.4883],[127.5802,35.5021],[127.58,35.5141],[127.5712,35.5188],[127.5679,35.5272],[127.5736,35.5461],[127.591,35.5542],[127.6119,35.5357],[127.6287,35.5358],[127.6245,35.5273],[127.6342,35.5211],[127.6341,35.513],[127.6449,35.499],[127.6508,35.4976],[127.6527,35.4857],[127.6368,35.4785],[127.6369,35.4593],[127.6451,35.4495],[127.6679,35.4479],[127.6729,35.4434],[127.6655,35.4363],[127.662,35.4167],[127.6464,35.4027],[127.6354,35.3998],[127.6224,35.3732],[127.6103,35.3663],[127.6121,35.3559],[127.6229,35.3439],[127.6204,35.3323],[127.5932,35.3119],[127.5774,35.309],[127.4956,35.3608],[127.4861,35.3584],[127.4728,35.3662],[127.4542,35.3607],[127.4413,35.3644],[127.4015,35.3251]]]}},{"type":"Feature","properties":{"sido":"전북특별자치도","sigungu":"무주군","center":[35.9267,127.7172]},"geometry":{"type":"Polygon","coordinates":[[[127.7381,35.8351],[127.7387,35.827],[127.7304,35.8137],[127.7234,35.8106],[127.7193,35.7971],[127.6997,35.7882],[127.6883,35.7954],[127.6869,35.8039],[127.6709,35.81],[127.663,35.8183],[127.6539,35.8113],[127.6369,35.8162],[127.6303,35.8131],[127.6211,35.8235],[127.6198,35.8397],[127.6284,35.8451],[127.5991,35.8723],[127.5976,35.8808],[127.5826,35.8757],[127.5749,35.8794],[127.5838,35.8962],[127.5829,35.9029],[127.5633,35.9228],[127.553,35.9245],[127.5483,35.9329],[127.5545,35.9464],[127.5467,35.9615],[127.5347,35.9718],[127.5369,35.978],[127.5266,35.9787],[127.5247,35.9856],[127.5364,35.9964],[127.5323,36.0081],[127.5402,36.0117],[127.5379,36.033],[127.5318,36.0347],[127.5309,36.0406],[127.5665,36.0308],[127.5756,36.0227],[127.591,36.025],[127.6131,36.001],[127.6181,36.0076],[127.6175,36.0164],[127.6103,36.0251],[127.6244,36.0247],[127.6282,36.0322],[127.6381,36.0329],[127.6302,36.0413],[127.6191,36.0412],[127.6203,36.0626],[127.6378,36.0684],[127.654,36.0564],[127.6604,36.0381],[127.6692,36.0383],[127.6727,36.0418],[127.6708,36.0519],[127.6886,36.0628],[127.6967,36.0562],[127.695,36.0464],[127.7021,36.0352],[127.717,36.0344],[127.7278,36.0261],[127.7324,36.0322],[127.7405,36.0249],[127.7479,36.0294],[127.7526,36.0247],[127.7611,36.0255],[127.7588,36.015],[127.7647,36.0121],[127.7879,36.0142],[127.8002,36.0263],[127.8187,36.028],[127.8494,36.0397],[127.8653,36.0251],[127.8769,36.0224],[127.8758,35.9967],[127.893,35.9871],[127.8896,35.9795],[127.8962,35.9779],[127.904,35.9545],[127.9115,35.9495],[127.9065,35.9406],[127.8825,35.9288],[127.8826,35.9188],[127.8876,35.9146],[127.8709,35.9046],[127.8595,35.9065],[127.8583,35.897],[127.8507,35.8901],[127.8528,35.8807],[127.8451,35.8763],[127.8436,35.8691],[127.8253,35.8684],[127.8127,35.8528],[127.8039,35.8572],[127.7805,35.8483],[127.7722,35.8389],[127.7584,35.8367],[127.7444,35.8443],[127.7381,35.8351]]]}},{"type":"Feature","properties":{"sido":"전북특별자치도","sigungu":"부안군","center":[35.6864,126.6525]},"geometry":{"type":"MultiPolygon","coordinates":[[[[126.249,35.574],[126.2414,35.5732],[126.2436,35.5776],[126.249,35.574]]],[[[126.297,35.589],[126.2992,35.5907],[126.2995,35.5866],[126.297,35.589]]],[[[126.3156,35.6107],[126.3037,35.5958],[126.289,35.5918],[126.2798,35.5803],[126.2663,35.5762],[126.2626,35.5712],[126.2667,35.5668],[126.2597,35.5708],[126.2484,35.5871],[126.2709,35.59],[126.2568,35.5938],[126.2594,35.5979],[126.2731,35.599],[126.2678,35.6049],[126.2709,35.6086],[126.2836,35.6042],[126.2754,35.6173],[126.288,35.6085],[126.2918,35.6098],[126.2906,35.606],[126.2941,35.6043],[126.2977,35.6117],[126.3033,35.6126],[126.3005,35.6184],[126.3053,35.6186],[126.3011,35.6207],[126.3069,35.6209],[126.3156,35.6107]]],[[[126.2878,35.6147],[126.2944,35.6184],[126.2918,35.6098],[126.2878,35.6147]]],[[[126.6172,35.585],[126.6016,35.5871],[126.6033,35.5909],[126.5982,35.5943],[126.593,35.5882],[126.5411,35.588],[126.5294,35.5794],[126.5165,35.5807],[126.5151,35.5875],[126.5086,35.5792],[126.4917,35.586],[126.4789,35.6016],[126.4705,35.6028],[126.4656,35.5986],[126.4607,35.6137],[126.4623,35.6205],[126.4704,35.6203],[126.4603,35.6217],[126.4684,35.6311],[126.4561,35.6367],[126.4659,35.6442],[126.4794,35.6449],[126.4843,35.6556],[126.5036,35.6594],[126.5206,35.6764],[126.5282,35.6772],[126.5329,35.6908],[126.539,35.69],[126.5543,35.6999],[126.5703,35.695],[126.5944,35.7124],[126.6115,35.7368],[126.6269,35.7486],[126.6226,35.7887],[126.6323,35.8004],[126.6993,35.7994],[126.7523,35.7852],[126.7712,35.7711],[126.7775,35.7532],[126.7958,35.7511],[126.8082,35.7339],[126.8125,35.7161],[126.8224,35.718],[126.8395,35.6977],[126.8272,35.68],[126.8157,35.6831],[126.8058,35.6758],[126.8021,35.6856],[126.7882,35.675],[126.7793,35.6784],[126.774,35.6872],[126.7623,35.6608],[126.7538,35.6721],[126.7493,35.6647],[126.744,35.6667],[126.7261,35.6454],[126.7203,35.6302],[126.7202,35.5986],[126.7254,35.5937],[126.7185,35.5807],[126.7212,35.5726],[126.6722,35.5714],[126.6521,35.5948],[126.6424,35.592],[126.6367,35.5999],[126.6349,35.5927],[126.6248,35.5923],[126.6172,35.585]]],[[[126.2643,35.6081],[126.2641,35.6092],[126.2663,35.6107],[126.2643,35.6081]]],[[[126.2849,35.622],[126.2848,35.6329],[126.276,35.6256],[126.2737,35.6325],[126.2866,35.6355],[126.2944,35.6292],[126.2849,35.622]]],[[[126.1238,35.6331],[126.1206,35.6395],[126.1127,35.6371],[126.111,35.6415],[126.1195,35.6454],[126.1295,35.6375],[126.1238,35.6331]]],[[[126.1092,35.6566],[126.0988,35.6606],[126.1083,35.6682],[126.1092,35.6566]]],[[[126.4873,35.6611],[126.4821,35.6605],[126.4823,35.6621],[126.4856,35.6653],[126.4873,35.6611]]],[[[126.1215,35.6644],[126.1187,35.6651],[126.1196,35.6664],[126.1215,35.6644]]]]}},{"type":"Feature","properties":{"sido":"전북특별자치도","sigungu":"순창군","center":[35.4286,127.1697]},"geometry":{"type":"Polygon","coordinates":[[[127.0722,35.3126],[127.0656,35.3106],[127.0618,35.3171],[127.0433,35.3218],[127.0511,35.3295],[127.0523,35.3402],[127.0625,35.3361],[127.0703,35.3397],[127.0653,35.357],[127.0703,35.3661],[127.0559,35.3849],[127.0464,35.3769],[127.0273,35.3949],[127.0273,35.3999],[127.0422,35.3989],[127.0472,35.4028],[127.0523,35.4269],[127.037,35.4336],[127.0346,35.4658],[127.0144,35.4575],[127.0,35.4616],[126.9942,35.4398],[126.9852,35.4366],[126.9816,35.4265],[126.9704,35.4274],[126.9765,35.4001],[126.9634,35.3948],[126.9355,35.3944],[126.9301,35.4003],[126.9336,35.4058],[126.9174,35.4022],[126.9207,35.4109],[126.9031,35.4208],[126.9036,35.4302],[126.8977,35.433],[126.9047,35.4409],[126.8649,35.464],[126.8601,35.4794],[126.8734,35.4796],[126.881,35.4857],[126.8892,35.4782],[126.8966,35.4807],[126.9134,35.4765],[126.9226,35.4826],[126.927,35.479],[126.9356,35.4816],[126.9379,35.4893],[126.9296,35.5198],[126.9756,35.5559],[126.9926,35.5369],[127.0206,35.5461],[127.0226,35.5359],[127.05,35.5211],[127.0503,35.5123],[127.0551,35.5092],[127.0671,35.5162],[127.0829,35.5064],[127.1109,35.509],[127.1166,35.5036],[127.1277,35.5033],[127.1419,35.4772],[127.1443,35.4618],[127.1733,35.4589],[127.1772,35.4747],[127.1958,35.4893],[127.2166,35.4899],[127.2307,35.4741],[127.2444,35.4844],[127.2714,35.4735],[127.2841,35.4791],[127.2925,35.4751],[127.3102,35.476],[127.3137,35.4636],[127.2978,35.4448],[127.2938,35.4298],[127.2726,35.4207],[127.2599,35.4269],[127.2459,35.3988],[127.2259,35.3989],[127.2134,35.3761],[127.2146,35.3692],[127.205,35.3606],[127.1973,35.3644],[127.1893,35.3509],[127.1873,35.3436],[127.1954,35.3385],[127.1803,35.3378],[127.1796,35.3324],[127.1609,35.3276],[127.1466,35.3154],[127.1454,35.3091],[127.13,35.3093],[127.1157,35.2996],[127.0722,35.3126]]]}},{"type":"Feature","properties":{"sido":"전북특별자치도","sigungu":"완주군","center":[35.8825,127.2427]},"geometry":{"type":"MultiPolygon","coordinates":[[[[127.1781,35.7382],[127.1631,35.7254],[127.1387,35.718],[127.1389,35.6994],[127.1247,35.6869],[127.131,35.6696],[127.127,35.6572],[127.1355,35.6468],[127.1063,35.6195],[127.0931,35.6218],[127.0896,35.6529],[127.0803,35.6589],[127.0825,35.6662],[127.0775,35.6717],[127.0641,35.6777],[127.0688,35.6937],[127.0613,35.7047],[127.0718,35.7179],[127.0864,35.7253],[127.0858,35.7303],[127.0954,35.7373],[127.1012,35.7513],[127.1167,35.7496],[127.1368,35.761],[127.1465,35.7595],[127.1495,35.7742],[127.1624,35.7839],[127.1783,35.7727],[127.1854,35.7792],[127.1992,35.7759],[127.1997,35.786],[127.2281,35.8085],[127.2357,35.8213],[127.2142,35.8221],[127.2086,35.8287],[127.2102,35.8412],[127.197,35.858],[127.1692,35.855],[127.1479,35.8901],[127.1364,35.9005],[127.0886,35.8933],[127.0637,35.899],[127.0536,35.8922],[127.0403,35.8973],[127.0372,35.8935],[127.0322,35.9059],[127.0354,35.9093],[127.0289,35.9173],[127.0431,35.9258],[127.0662,35.9158],[127.0923,35.931],[127.1063,35.9592],[127.1073,35.9955],[127.1252,36.0055],[127.1161,36.0306],[127.1401,36.0571],[127.1299,36.0656],[127.1372,36.0868],[127.1493,36.0903],[127.1538,36.0848],[127.1692,36.0839],[127.1816,36.0946],[127.1993,36.086],[127.2046,36.1003],[127.2121,36.1006],[127.2282,36.0982],[127.2432,36.0848],[127.2541,36.0837],[127.257,36.0875],[127.246,36.0966],[127.2516,36.1123],[127.2576,36.1142],[127.275,36.1077],[127.294,36.1125],[127.3024,36.1254],[127.3144,36.1186],[127.323,36.1301],[127.3385,36.1305],[127.355,36.1083],[127.3479,36.0984],[127.36,36.0895],[127.3593,36.0706],[127.3646,36.0659],[127.3611,36.0533],[127.3731,36.0435],[127.3793,36.0304],[127.3772,36.022],[127.3692,36.0209],[127.3622,36.0113],[127.3656,35.9901],[127.3532,35.9889],[127.3414,35.9744],[127.3509,35.9501],[127.3455,35.9423],[127.3532,35.9136],[127.3316,35.9071],[127.3333,35.8749],[127.3209,35.8673],[127.3256,35.8563],[127.3119,35.841],[127.3105,35.825],[127.2973,35.8175],[127.2955,35.8087],[127.3032,35.8008],[127.2741,35.7895],[127.2708,35.778],[127.2648,35.7776],[127.2444,35.7563],[127.2537,35.7418],[127.2515,35.7352],[127.2563,35.7328],[127.2516,35.7189],[127.2595,35.6931],[127.2422,35.6871],[127.236,35.7035],[127.224,35.7117],[127.2084,35.7095],[127.2056,35.7238],[127.1781,35.7382]]],[[[127.0586,35.833],[127.0518,35.8333],[127.0509,35.8286],[127.0676,35.8142],[127.0659,35.7908],[127.0287,35.8028],[127.0199,35.7999],[126.9982,35.8152],[126.9947,35.8293],[127.0097,35.8466],[127.0055,35.862],[127.0162,35.8592],[127.0254,35.8648],[127.0277,35.8537],[127.0368,35.8507],[127.0499,35.8539],[127.0586,35.833]]]]}},{"type":"Feature","properties":{"sido":"전북특별자치도","sigungu":"익산시","center":[36.0169,127.0068]},"geometry":{"type":"Polygon","coordinates":[[[126.9087,35.9046],[126.8907,35.9154],[126.8626,35.9053],[126.8547,35.9094],[126.8536,35.9168],[126.8772,35.9333],[126.8818,35.9472],[126.8937,35.9551],[126.8852,35.9608],[126.9029,35.9721],[126.9023,35.9786],[126.9095,35.9819],[126.9152,35.9968],[126.9137,36.0056],[126.901,36.0079],[126.8842,36.0259],[126.8703,36.0328],[126.8737,36.0425],[126.8636,36.0606],[126.874,36.0827],[126.8733,36.1129],[126.8923,36.1407],[126.9081,36.1435],[126.9234,36.1393],[126.9392,36.1513],[126.957,36.1564],[126.9863,36.1452],[127.0157,36.1489],[127.0237,36.1366],[127.0391,36.1389],[127.0441,36.1452],[127.05,36.1418],[127.0507,36.1313],[127.0608,36.1251],[127.0578,36.1169],[127.0614,36.0935],[127.0898,36.0724],[127.1018,36.0757],[127.1229,36.0632],[127.1299,36.0656],[127.1401,36.0571],[127.1161,36.0306],[127.1252,36.0055],[127.1073,35.9955],[127.1055,35.9574],[127.0923,35.931],[127.0804,35.9214],[127.0662,35.9158],[127.0431,35.9258],[127.0359,35.9185],[127.0297,35.9185],[127.0354,35.9093],[127.0322,35.9064],[127.0357,35.8927],[127.0284,35.8978],[127.0015,35.8934],[126.9949,35.8834],[126.9958,35.8917],[126.9868,35.8967],[126.9721,35.8979],[126.9535,35.909],[126.9356,35.9125],[126.9087,35.9046]]]}},{"type":"Feature","properties":{"sido":"전북특별자치도","sigungu":"임실군","center":[35.6171,127.2607]},"geometry":{"type":"Polygon","coordinates":[[[127.1956,35.4892],[127.1789,35.4763],[127.1733,35.4589],[127.1443,35.4618],[127.1419,35.4772],[127.1277,35.5033],[127.1166,35.5036],[127.1109,35.509],[127.0879,35.508],[127.0873,35.5205],[127.1057,35.5344],[127.1151,35.5288],[127.1173,35.5358],[127.0866,35.5501],[127.0927,35.567],[127.0829,35.5844],[127.0987,35.5881],[127.1042,35.5948],[127.0914,35.6137],[127.0933,35.6213],[127.1063,35.6195],[127.1355,35.6468],[127.127,35.6572],[127.131,35.6696],[127.1247,35.6869],[127.1389,35.6994],[127.1387,35.718],[127.1631,35.7254],[127.1791,35.738],[127.2056,35.7238],[127.2084,35.7095],[127.224,35.7117],[127.236,35.7035],[127.2422,35.6871],[127.2576,35.6917],[127.2516,35.7189],[127.2563,35.7328],[127.2515,35.7352],[127.2537,35.7418],[127.2444,35.7563],[127.2648,35.7776],[127.2708,35.778],[127.2731,35.7751],[127.2661,35.7697],[127.2656,35.7625],[127.2761,35.753],[127.2936,35.7173],[127.2898,35.7123],[127.2908,35.6862],[127.2963,35.6824],[127.3057,35.6851],[127.3157,35.6788],[127.3275,35.6608],[127.3565,35.6692],[127.3647,35.6604],[127.3771,35.6642],[127.378,35.6541],[127.3881,35.6555],[127.4167,35.6417],[127.4286,35.641],[127.436,35.6219],[127.4257,35.6146],[127.3815,35.6133],[127.3744,35.6076],[127.3722,35.5926],[127.378,35.5757],[127.3647,35.5686],[127.3615,35.5569],[127.3584,35.5589],[127.35,35.5513],[127.334,35.5525],[127.349,35.5404],[127.3455,35.5281],[127.3377,35.5259],[127.3547,35.5123],[127.3562,35.5003],[127.3523,35.4973],[127.3322,35.4924],[127.3106,35.4939],[127.3087,35.4777],[127.2925,35.4751],[127.2841,35.4791],[127.274,35.4733],[127.2446,35.4844],[127.2307,35.4741],[127.2185,35.4887],[127.1956,35.4892]]]}},{"type":"Feature","properties":{"sido":"전북특별자치도","sigungu":"장수군","center":[35.6496,127.5488]},"geometry":{"type":"Polygon","coordinates":[[[127.6355,35.6185],[127.613,35.6087],[127.6076,35.5948],[127.6106,35.5849],[127.5946,35.5734],[127.5844,35.5531],[127.5731,35.5457],[127.5679,35.5272],[127.5712,35.5188],[127.58,35.5141],[127.5802,35.5021],[127.5635,35.4883],[127.5583,35.4713],[127.5432,35.4681],[127.514,35.4792],[127.5269,35.4862],[127.5271,35.4954],[127.5159,35.4988],[127.5018,35.5213],[127.4912,35.527],[127.4923,35.5341],[127.4733,35.5397],[127.4674,35.5461],[127.4569,35.5463],[127.4523,35.5408],[127.4401,35.5477],[127.4394,35.5528],[127.4261,35.5502],[127.41,35.5607],[127.4025,35.5484],[127.3853,35.5463],[127.3616,35.5617],[127.3649,35.5688],[127.3791,35.5773],[127.3721,35.5922],[127.3744,35.6076],[127.3815,35.6133],[127.4257,35.6146],[127.436,35.6219],[127.4686,35.6215],[127.4666,35.6379],[127.4779,35.6591],[127.46,35.6731],[127.4659,35.6829],[127.4648,35.6932],[127.4778,35.7033],[127.4785,35.7213],[127.5229,35.7544],[127.5131,35.7705],[127.5111,35.7919],[127.5226,35.8122],[127.5358,35.8133],[127.5427,35.8066],[127.579,35.7937],[127.5987,35.8073],[127.6071,35.8302],[127.6198,35.8397],[127.6211,35.8235],[127.6303,35.8131],[127.6369,35.8162],[127.6539,35.8113],[127.663,35.8183],[127.6709,35.81],[127.6869,35.8039],[127.6883,35.7954],[127.6997,35.7882],[127.679,35.7693],[127.6651,35.769],[127.6608,35.7097],[127.6492,35.704],[127.6421,35.6928],[127.6403,35.6723],[127.6291,35.6642],[127.6296,35.6566],[127.6201,35.6425],[127.6355,35.6185]]]}},{"type":"Feature","properties":{"sido":"전북특별자치도","sigungu":"전주시","center":[35.8179,127.1484]},"geometry":{"type":"Polygon","coordinates":[[[127.1465,35.7595],[127.1368,35.761],[127.1159,35.7494],[127.1029,35.7524],[127.0954,35.7373],[127.0817,35.7296],[127.0604,35.7577],[127.0515,35.7597],[127.0743,35.7749],[127.0644,35.7884],[127.0676,35.8142],[127.0509,35.8287],[127.0518,35.8333],[127.0586,35.833],[127.0586,35.8383],[127.0499,35.8539],[127.0341,35.8507],[127.0255,35.8571],[127.0254,35.8648],[127.0162,35.8592],[127.0055,35.862],[127.0066,35.8767],[126.9976,35.8841],[127.0003,35.893],[127.0284,35.8978],[127.034,35.8925],[127.0403,35.8973],[127.0526,35.8921],[127.0637,35.899],[127.0886,35.8933],[127.1364,35.9005],[127.1479,35.8901],[127.1692,35.855],[127.197,35.858],[127.2102,35.8412],[127.2086,35.8287],[127.2142,35.8221],[127.2356,35.8215],[127.2281,35.8085],[127.1997,35.786],[127.1992,35.7759],[127.1854,35.7792],[127.1783,35.7727],[127.1624,35.7839],[127.1534,35.7774],[127.1465,35.7595]]]}},{"type":"Feature","properties":{"sido":"전북특별자치도","sigungu":"정읍시","center":[35.6062,126.9086]},"geometry":{"type":"Polygon","coordinates":[[[126.8139,35.4827],[126.8136,35.4688],[126.7725,35.4684],[126.7642,35.4931],[126.7707,35.5074],[126.7596,35.5142],[126.7737,35.5235],[126.7612,35.5329],[126.7661,35.5493],[126.7609,35.5557],[126.7669,35.5637],[126.7572,35.5736],[126.7393,35.5674],[126.721,35.5739],[126.7185,35.5807],[126.7254,35.5937],[126.7202,35.5986],[126.7203,35.6302],[126.7261,35.6454],[126.744,35.6667],[126.7493,35.6647],[126.7538,35.6721],[126.7636,35.6621],[126.774,35.6872],[126.7793,35.6784],[126.7882,35.675],[126.8021,35.6856],[126.8058,35.6758],[126.8157,35.6831],[126.8272,35.68],[126.8395,35.6977],[126.8265,35.7123],[126.8269,35.7181],[126.8467,35.728],[126.8612,35.7267],[126.8733,35.7319],[126.8811,35.7401],[126.882,35.7484],[126.8731,35.7583],[126.9169,35.7438],[126.9339,35.7203],[126.9509,35.7248],[126.9776,35.7166],[126.992,35.7014],[126.9912,35.6895],[127.0024,35.6857],[127.0212,35.6692],[127.0418,35.666],[127.0607,35.6704],[127.0641,35.6777],[127.0825,35.6662],[127.0801,35.6593],[127.0896,35.6529],[127.0888,35.6394],[127.0939,35.6332],[127.0898,35.627],[127.0936,35.6214],[127.0914,35.6137],[127.1044,35.5958],[127.0987,35.5881],[127.0829,35.5844],[127.0927,35.567],[127.0859,35.5515],[127.1173,35.5358],[127.1151,35.5288],[127.1057,35.5344],[127.0873,35.5205],[127.0879,35.508],[127.0829,35.5064],[127.0671,35.5162],[127.0551,35.5092],[127.0503,35.5123],[127.05,35.5211],[127.0226,35.5359],[127.0206,35.5461],[126.9926,35.5369],[126.9816,35.5534],[126.9752,35.5559],[126.9296,35.5198],[126.9379,35.4893],[126.9356,35.4816],[126.927,35.479],[126.9226,35.4826],[126.9134,35.4765],[126.8966,35.4807],[126.8892,35.4782],[126.881,35.4857],[126.8734,35.4796],[126.8601,35.4794],[126.8687,35.4614],[126.8506,35.466],[126.8396,35.4621],[126.8431,35.476],[126.8403,35.4829],[126.8312,35.4801],[126.8261,35.4863],[126.8139,35.4827]]]}},{"type":"Feature","properties":{"sido":"전북특별자치도","sigungu":"진안군","center":[35.8213,127.4549]},"geometry":{"type":"Polygon","coordinates":[[[127.4778,35.7033],[127.4648,35.6933],[127.4659,35.6829],[127.4599,35.6733],[127.4779,35.6591],[127.4666,35.6379],[127.47,35.6268],[127.4661,35.6207],[127.436,35.6219],[127.4286,35.641],[127.4167,35.6417],[127.3881,35.6555],[127.378,35.6541],[127.3771,35.6642],[127.3647,35.6604],[127.3565,35.6692],[127.3274,35.6608],[127.3157,35.6788],[127.3057,35.6851],[127.2963,35.6824],[127.2908,35.6862],[127.2898,35.7123],[127.2936,35.7173],[127.2652,35.7674],[127.2731,35.7751],[127.2741,35.7895],[127.3032,35.8008],[127.2955,35.8087],[127.2973,35.8175],[127.3105,35.825],[127.3119,35.841],[127.3256,35.8563],[127.3209,35.8673],[127.3333,35.8749],[127.3316,35.9071],[127.3532,35.9136],[127.3455,35.9423],[127.3509,35.9501],[127.3414,35.9742],[127.3532,35.9889],[127.3656,35.9901],[127.3622,36.0112],[127.3694,36.021],[127.3836,36.0218],[127.4011,36.0079],[127.4263,36.0265],[127.4347,36.0277],[127.4374,36.0091],[127.4446,36.0068],[127.456,35.9838],[127.4682,35.9877],[127.4759,35.9805],[127.4876,35.978],[127.4991,35.9875],[127.5066,35.98],[127.5247,35.9856],[127.5276,35.9775],[127.5369,35.978],[127.5347,35.9718],[127.5467,35.9615],[127.5546,35.9462],[127.5499,35.929],[127.5551,35.9227],[127.5633,35.9228],[127.5829,35.9029],[127.5838,35.8962],[127.5749,35.8794],[127.5826,35.8757],[127.5976,35.8808],[127.5991,35.8723],[127.6284,35.8451],[127.6101,35.8336],[127.6026,35.8118],[127.579,35.7937],[127.5427,35.8066],[127.5358,35.8133],[127.5226,35.8122],[127.5111,35.7919],[127.5131,35.7705],[127.5229,35.7544],[127.4949,35.7367],[127.4761,35.7183],[127.4778,35.7033]]]}},{"type":"Feature","properties":{"sido":"제주특별자치도","sigungu":"서귀포시","center":[33.3395,126.6449]},"geometry":{"type":"MultiPolygon","coordinates":[[[[126.2644,33.1181],[126.2683,33.1245],[126.2711,33.1152],[126.2665,33.1123],[126.2644,33.1181]]],[[[126.2626,33.1691],[126.2714,33.1768],[126.2802,33.1674],[126.2692,33.1624],[126.2626,33.1691]]],[[[126.311,33.2086],[126.312,33.2067],[126.3088,33.2055],[126.3077,33.2099],[126.311,33.2086]]],[[[126.5164,33.2206],[126.5192,33.2171],[126.5168,33.2156],[126.5129,33.2172],[126.5164,33.2206]]],[[[126.5599,33.2375],[126.5647,33.2335],[126.5508,33.2411],[126.548,33.2373],[126.5209,33.2407],[126.5092,33.23],[126.4885,33.2299],[126.476,33.2216],[126.4609,33.2303],[126.4544,33.2399],[126.4325,33.2317],[126.4106,33.2441],[126.3698,33.2287],[126.3553,33.2353],[126.3336,33.234],[126.3347,33.2386],[126.3284,33.2404],[126.2954,33.2203],[126.2919,33.2042],[126.2954,33.1964],[126.2891,33.1945],[126.2856,33.1999],[126.2777,33.1999],[126.2691,33.194],[126.2606,33.1992],[126.2624,33.2096],[126.2494,33.2131],[126.2325,33.2345],[126.1998,33.2459],[126.1822,33.2589],[126.1682,33.2816],[126.1778,33.2936],[126.1916,33.2945],[126.1919,33.2984],[126.2303,33.2838],[126.2447,33.2731],[126.2429,33.283],[126.2474,33.2893],[126.2688,33.2963],[126.2849,33.3128],[126.3025,33.3222],[126.3238,33.3264],[126.342,33.343],[126.367,33.3412],[126.3807,33.3467],[126.4287,33.3375],[126.4377,33.3437],[126.4382,33.354],[126.4454,33.3586],[126.4751,33.3556],[126.4829,33.3589],[126.4906,33.3546],[126.5122,33.3615],[126.5358,33.3618],[126.5511,33.372],[126.5856,33.3722],[126.6066,33.382],[126.6228,33.3837],[126.6336,33.3941],[126.6526,33.3947],[126.6603,33.4017],[126.6863,33.3998],[126.6875,33.4118],[126.7068,33.4218],[126.7327,33.4254],[126.7442,33.4181],[126.7575,33.4182],[126.7887,33.4415],[126.8218,33.4466],[126.8239,33.453],[126.897,33.4836],[126.9094,33.4797],[126.9125,33.4732],[126.9138,33.4726],[126.9138,33.4758],[126.9147,33.4756],[126.9214,33.4739],[126.9205,33.4696],[126.9277,33.4759],[126.9244,33.4706],[126.9281,33.4694],[126.9361,33.4776],[126.9379,33.4655],[126.9484,33.4577],[126.9408,33.4543],[126.9305,33.4584],[126.9223,33.4433],[126.9253,33.4353],[126.9371,33.4292],[126.9309,33.422],[126.9221,33.4267],[126.923,33.434],[126.9167,33.4335],[126.919,33.4274],[126.9034,33.4031],[126.9071,33.3912],[126.8833,33.3834],[126.8681,33.3637],[126.8702,33.3549],[126.8568,33.3378],[126.843,33.3309],[126.8496,33.3253],[126.8482,33.3199],[126.8343,33.3081],[126.8156,33.3067],[126.8085,33.3014],[126.7781,33.3066],[126.7655,33.292],[126.7388,33.2766],[126.7333,33.281],[126.6986,33.2703],[126.6787,33.2706],[126.6772,33.2668],[126.6708,33.2706],[126.661,33.267],[126.664,33.2698],[126.6588,33.274],[126.6611,33.2685],[126.6422,33.2658],[126.6403,33.257],[126.6201,33.2496],[126.6177,33.2402],[126.5982,33.2358],[126.5892,33.2429],[126.572,33.2442],[126.5674,33.2406],[126.5707,33.2372],[126.5657,33.2354],[126.5603,33.2422],[126.5599,33.2375]]],[[[126.5686,33.2269],[126.5685,33.2252],[126.563,33.2261],[126.5686,33.2269]]],[[[126.5983,33.2324],[126.603,33.2296],[126.6014,33.2284],[126.5963,33.2288],[126.5983,33.2324]]],[[[126.9155,33.4758],[126.9173,33.4752],[126.9147,33.4756],[126.9155,33.4758]]],[[[126.9144,33.4791],[126.911,33.477],[126.9109,33.4773],[126.9113,33.4811],[126.9144,33.4791]]]]}},{"type":"Feature","properties":{"sido":"제주특별자치도","sigungu":"제주시","center":[33.42,126.4822]},"geometry":{"type":"MultiPolygon","coordinates":[[[[126.1625,33.3109],[126.1592,33.3106],[126.1595,33.3122],[126.1625,33.3109]]],[[[126.1511,33.3138],[126.1537,33.3115],[126.1496,33.3094],[126.1438,33.3111],[126.1511,33.3138]]],[[[126.2688,33.2963],[126.2474,33.2893],[126.2429,33.283],[126.2447,33.2731],[126.2303,33.2838],[126.1919,33.2984],[126.1916,33.2945],[126.1778,33.2936],[126.1682,33.2816],[126.1607,33.2852],[126.1662,33.3184],[126.1612,33.3239],[126.1601,33.3383],[126.1673,33.3464],[126.1772,33.3467],[126.18,33.3597],[126.2,33.3662],[126.2127,33.3766],[126.2118,33.3816],[126.2222,33.3913],[126.2321,33.391],[126.2409,33.3958],[126.2409,33.4015],[126.2496,33.4021],[126.2504,33.4091],[126.2628,33.4163],[126.2597,33.4228],[126.2579,33.417],[126.2522,33.4169],[126.2623,33.4266],[126.2616,33.4375],[126.2732,33.4372],[126.2775,33.4443],[126.2995,33.4475],[126.3133,33.4698],[126.3355,33.4669],[126.3854,33.4896],[126.3983,33.484],[126.4186,33.4895],[126.4237,33.4958],[126.4512,33.4975],[126.4546,33.5046],[126.4627,33.5033],[126.4683,33.5106],[126.4801,33.51],[126.4931,33.5213],[126.5093,33.5168],[126.5277,33.5188],[126.5397,33.5308],[126.5507,33.5206],[126.5624,33.5279],[126.5658,33.5247],[126.5748,33.5294],[126.5842,33.5272],[126.5974,33.5378],[126.6327,33.5371],[126.6436,33.5567],[126.6657,33.5444],[126.6732,33.5455],[126.6785,33.5536],[126.6833,33.5506],[126.7151,33.5549],[126.7308,33.5627],[126.7401,33.5559],[126.749,33.5613],[126.7589,33.5593],[126.7661,33.5669],[126.7803,33.5673],[126.7969,33.5566],[126.8142,33.5629],[126.8279,33.5601],[126.8301,33.5473],[126.8427,33.5356],[126.8586,33.5306],[126.861,33.5257],[126.8716,33.5317],[126.9026,33.5263],[126.9075,33.5209],[126.8995,33.5117],[126.9107,33.5103],[126.9158,33.503],[126.912,33.4936],[126.917,33.4856],[126.9047,33.4871],[126.9032,33.4833],[126.8878,33.4815],[126.8543,33.4632],[126.8239,33.453],[126.8218,33.4466],[126.7887,33.4415],[126.7575,33.4182],[126.7442,33.4181],[126.7327,33.4254],[126.7068,33.4218],[126.6875,33.4118],[126.6863,33.3998],[126.6603,33.4017],[126.652,33.3945],[126.6293,33.3922],[126.6228,33.3837],[126.6072,33.3822],[126.5813,33.3713],[126.5511,33.372],[126.5358,33.3618],[126.5122,33.3615],[126.4902,33.3545],[126.4829,33.3589],[126.4751,33.3556],[126.4454,33.3586],[126.4293,33.3376],[126.3807,33.3467],[126.367,33.3412],[126.3427,33.3432],[126.3238,33.3264],[126.2955,33.3178],[126.2688,33.2963]]],[[[126.2231,33.4117],[126.2321,33.4102],[126.2313,33.4047],[126.2232,33.405],[126.2231,33.4117]]],[[[126.3044,33.9025],[126.303,33.9037],[126.3041,33.9041],[126.3044,33.9025]]],[[[126.3205,33.9139],[126.3201,33.9153],[126.3264,33.9132],[126.3247,33.9088],[126.3205,33.9139]]],[[[126.3123,33.9407],[126.3128,33.9398],[126.309,33.9391],[126.3123,33.9407]]],[[[126.3419,33.9459],[126.3244,33.9411],[126.3285,33.9304],[126.3207,33.9304],[126.3158,33.9416],[126.3029,33.9501],[126.3048,33.954],[126.3428,33.9547],[126.3385,33.9534],[126.3419,33.9459]]],[[[126.2944,33.9615],[126.3018,33.9585],[126.2993,33.952],[126.2821,33.9618],[126.2886,33.9627],[126.2841,33.9681],[126.3002,33.9619],[126.2944,33.9615]]],[[[126.2835,33.9708],[126.2842,33.9683],[126.2815,33.9687],[126.2835,33.9708]]],[[[126.2577,33.9863],[126.2588,33.9855],[126.2568,33.9839],[126.2577,33.9863]]],[[[126.3236,33.9889],[126.326,33.9855],[126.3226,33.9854],[126.3236,33.9889]]],[[[126.2504,33.991],[126.2537,33.988],[126.2505,33.9855],[126.247,33.9891],[126.2504,33.991]]],[[[126.2646,33.99],[126.2641,33.9912],[126.2678,33.9908],[126.2646,33.99]]],[[[126.344,33.9052],[126.3432,33.9009],[126.3417,33.9028],[126.344,33.9052]]],[[[126.3887,33.966],[126.3896,33.9667],[126.3901,33.961],[126.3887,33.966]]],[[[126.3799,33.9685],[126.3823,33.9674],[126.3797,33.9647],[126.3799,33.9685]]],[[[126.3494,33.9807],[126.3452,33.9829],[126.3466,33.9853],[126.3538,33.9822],[126.3494,33.9807]]],[[[126.3911,33.9937],[126.3903,33.9955],[126.3923,33.9954],[126.3911,33.9937]]],[[[126.3453,34.0115],[126.3519,34.007],[126.3308,34.0108],[126.3453,34.0115]]],[[[126.973,33.5142],[126.9666,33.5112],[126.9715,33.4984],[126.9667,33.4895],[126.9432,33.4947],[126.9408,33.5067],[126.9479,33.5152],[126.947,33.5228],[126.9554,33.5257],[126.9624,33.519],[126.9583,33.5134],[126.973,33.5142]]],[[[126.6963,33.5601],[126.6976,33.555],[126.6927,33.557],[126.6963,33.5601]]]]}},{"type":"Feature","properties":{"sido":"충청남도","sigungu":"계룡시","center":[36.2869,127.2238]},"geometry":{"type":"Polygon","coordinates":[[[127.2821,36.2578],[127.2796,36.2447],[127.2469,36.2319],[127.239,36.237],[127.2405,36.2559],[127.2282,36.255],[127.2204,36.2623],[127.2015,36.252],[127.1957,36.2757],[127.2053,36.3037],[127.2026,36.3228],[127.1958,36.334],[127.206,36.3423],[127.2039,36.346],[127.237,36.3482],[127.243,36.338],[127.2534,36.337],[127.2598,36.3272],[127.2602,36.3016],[127.259,36.2961],[127.2468,36.2904],[127.2495,36.2834],[127.2909,36.2629],[127.2821,36.2578]]]}},{"type":"Feature","properties":{"sido":"충청남도","sigungu":"공주시","center":[36.4766,127.0448]},"geometry":{"type":"Polygon","coordinates":[[[127.0778,36.2963],[127.068,36.2966],[127.0658,36.277],[127.039,36.2836],[127.0275,36.2819],[127.014,36.2966],[126.9914,36.3011],[126.9867,36.3114],[126.9966,36.3278],[126.9854,36.3372],[126.9758,36.3355],[126.9868,36.3439],[126.991,36.3721],[127.0273,36.4015],[127.0153,36.4183],[127.024,36.425],[127.018,36.4341],[127.02,36.4386],[127.007,36.4389],[127.0076,36.4514],[127.0023,36.4509],[127.0042,36.4556],[126.9973,36.4602],[126.9715,36.4673],[126.9566,36.4686],[126.9303,36.455],[126.9191,36.4546],[126.9126,36.466],[126.8944,36.4785],[126.8941,36.5029],[126.8839,36.5115],[126.8938,36.5266],[126.8886,36.5338],[126.89,36.5413],[126.8996,36.5495],[126.9005,36.5613],[126.931,36.5917],[126.9273,36.5961],[126.9371,36.615],[126.9359,36.6219],[126.9451,36.6283],[126.9482,36.6409],[126.955,36.6454],[126.9597,36.662],[126.9574,36.6719],[126.9678,36.6794],[126.9782,36.6537],[126.989,36.6489],[127.0095,36.6561],[127.0205,36.65],[127.0252,36.656],[127.0867,36.6417],[127.0934,36.6538],[127.1088,36.6589],[127.1271,36.6537],[127.1312,36.6457],[127.1405,36.6429],[127.15,36.6191],[127.1557,36.6157],[127.1556,36.6061],[127.1843,36.5911],[127.1905,36.5941],[127.1928,36.5809],[127.2005,36.5828],[127.2079,36.5787],[127.2031,36.5675],[127.1938,36.5648],[127.1868,36.5529],[127.1918,36.546],[127.1742,36.5422],[127.173,36.5335],[127.1822,36.5215],[127.17,36.509],[127.1775,36.5024],[127.1732,36.4974],[127.1769,36.4925],[127.1947,36.4896],[127.192,36.4747],[127.2047,36.4593],[127.1984,36.4522],[127.2018,36.4463],[127.1991,36.44],[127.2177,36.4337],[127.2269,36.4212],[127.2423,36.4186],[127.2508,36.4068],[127.2591,36.4091],[127.2628,36.4167],[127.2823,36.4145],[127.2786,36.397],[127.281,36.3748],[127.2708,36.361],[127.2779,36.3488],[127.2672,36.3387],[127.2657,36.3283],[127.2554,36.3293],[127.2534,36.337],[127.243,36.338],[127.2373,36.3482],[127.2143,36.3484],[127.2039,36.346],[127.206,36.3423],[127.1958,36.334],[127.1591,36.3222],[127.1584,36.3164],[127.1431,36.3069],[127.1302,36.3206],[127.1207,36.3179],[127.1067,36.34],[127.0876,36.3171],[127.0778,36.2963]]]}},{"type":"Feature","properties":{"sido":"충청남도","sigungu":"금산군","center":[36.1244,127.4697]},"geometry":{"type":"Polygon","coordinates":[[[127.5392,36.0272],[127.5363,36.0214],[127.5402,36.0117],[127.5323,36.0081],[127.5364,35.9964],[127.5247,35.9856],[127.5085,35.9799],[127.4991,35.9875],[127.4876,35.978],[127.4759,35.9805],[127.4682,35.9877],[127.456,35.9838],[127.4446,36.0068],[127.4374,36.0091],[127.4347,36.0277],[127.4263,36.0265],[127.4011,36.0079],[127.3778,36.0228],[127.3793,36.0304],[127.3731,36.0435],[127.3604,36.056],[127.3646,36.0659],[127.3593,36.0706],[127.36,36.0895],[127.3479,36.0984],[127.355,36.1083],[127.3534,36.1134],[127.3444,36.1181],[127.3385,36.1305],[127.323,36.1301],[127.3185,36.154],[127.319,36.1729],[127.3248,36.1732],[127.3307,36.1837],[127.3407,36.1891],[127.3497,36.2083],[127.3647,36.22],[127.3601,36.2268],[127.3646,36.245],[127.3597,36.2627],[127.3627,36.2692],[127.3776,36.2715],[127.3891,36.2653],[127.3879,36.2345],[127.4006,36.2318],[127.4109,36.2175],[127.4083,36.2131],[127.4293,36.2053],[127.4422,36.1942],[127.4557,36.2009],[127.4533,36.2068],[127.4601,36.2129],[127.4692,36.2155],[127.4675,36.2233],[127.4899,36.2338],[127.49,36.2374],[127.5178,36.2405],[127.5335,36.2513],[127.5379,36.2429],[127.5496,36.2388],[127.5466,36.2302],[127.5791,36.2331],[127.5978,36.2174],[127.5993,36.2045],[127.5928,36.1952],[127.5981,36.1844],[127.5934,36.1772],[127.6017,36.1616],[127.5936,36.153],[127.5902,36.1338],[127.6039,36.1171],[127.6101,36.1186],[127.6196,36.109],[127.6183,36.0933],[127.6328,36.0815],[127.6377,36.0676],[127.6208,36.0634],[127.6188,36.0422],[127.6302,36.0413],[127.638,36.0327],[127.6282,36.0322],[127.6244,36.0247],[127.6103,36.0251],[127.6175,36.0164],[127.6181,36.0076],[127.6131,36.001],[127.591,36.025],[127.5756,36.0227],[127.5665,36.0308],[127.5309,36.0406],[127.5392,36.0272]]]}},{"type":"Feature","properties":{"sido":"충청남도","sigungu":"논산시","center":[36.2017,127.1567]},"geometry":{"type":"Polygon","coordinates":[[[127.1372,36.0868],[127.1336,36.0695],[127.1229,36.0632],[127.1018,36.0757],[127.0898,36.0724],[127.0613,36.0937],[127.0578,36.1169],[127.0608,36.1251],[127.0496,36.1328],[127.0498,36.1424],[127.0441,36.1452],[127.0391,36.1389],[127.0237,36.1366],[127.0157,36.1489],[127.0103,36.1461],[126.9989,36.1524],[126.998,36.159],[127.0074,36.1624],[126.9975,36.1802],[126.9836,36.1922],[126.9862,36.2101],[127.0013,36.2161],[127.007,36.2097],[127.0144,36.2111],[127.0255,36.2202],[127.0399,36.2458],[127.0641,36.2569],[127.0697,36.2691],[127.0657,36.278],[127.068,36.2966],[127.0778,36.2963],[127.0846,36.3168],[127.1067,36.34],[127.1207,36.3179],[127.1302,36.3206],[127.1431,36.3069],[127.1584,36.3164],[127.1591,36.3222],[127.1958,36.334],[127.2026,36.3228],[127.2053,36.3037],[127.1957,36.2757],[127.2015,36.252],[127.2204,36.2623],[127.2282,36.255],[127.2405,36.2559],[127.239,36.237],[127.2464,36.2319],[127.2621,36.2365],[127.2667,36.2426],[127.28,36.2441],[127.2938,36.2231],[127.3029,36.2216],[127.3047,36.2288],[127.3215,36.2137],[127.3232,36.2034],[127.3336,36.1999],[127.3272,36.1755],[127.319,36.1729],[127.3238,36.1284],[127.3166,36.1196],[127.3024,36.1254],[127.2935,36.1123],[127.2735,36.1076],[127.2576,36.1142],[127.2516,36.1123],[127.246,36.0966],[127.257,36.0875],[127.2541,36.0837],[127.2432,36.0848],[127.2282,36.0982],[127.2121,36.1006],[127.2046,36.1003],[127.1993,36.086],[127.1829,36.0945],[127.1692,36.0839],[127.1538,36.0848],[127.1512,36.09],[127.1372,36.0868]]]}},{"type":"Feature","properties":{"sido":"충청남도","sigungu":"당진시","center":[36.9144,126.6469]},"geometry":{"type":"MultiPolygon","coordinates":[[[[126.6007,36.8172],[126.5989,36.8299],[126.5885,36.8366],[126.5752,36.825],[126.5696,36.8286],[126.5496,36.8242],[126.5261,36.8267],[126.5104,36.8472],[126.5147,36.8516],[126.5096,36.8561],[126.5089,36.87],[126.4734,36.882],[126.4764,36.9042],[126.49,36.9375],[126.4833,36.9701],[126.4866,36.9828],[126.4536,37.0256],[126.4862,37.052],[126.4828,37.0624],[126.4897,37.0602],[126.4983,37.0653],[126.5087,37.0627],[126.5098,37.0652],[126.5126,37.0642],[126.5093,37.0625],[126.5195,37.0594],[126.5291,37.0437],[126.542,37.0366],[126.5596,37.0377],[126.564,37.0288],[126.6396,36.9981],[126.695,37.0003],[126.7001,36.9958],[126.7046,36.9995],[126.741,36.9849],[126.7825,36.9757],[126.7803,36.9675],[126.7966,36.9402],[126.7921,36.9373],[126.8022,36.9245],[126.8066,36.9308],[126.8107,36.9278],[126.8166,36.8967],[126.8273,36.89],[126.8273,36.8783],[126.8229,36.8769],[126.828,36.8758],[126.8318,36.862],[126.8471,36.8628],[126.8368,36.8349],[126.8578,36.8029],[126.8592,36.7935],[126.8334,36.7833],[126.8208,36.7865],[126.8174,36.7826],[126.8207,36.7772],[126.8131,36.7716],[126.8045,36.7737],[126.7795,36.7539],[126.7723,36.7553],[126.7753,36.7481],[126.759,36.7634],[126.7465,36.767],[126.7341,36.7895],[126.7136,36.8033],[126.6965,36.8006],[126.6943,36.785],[126.6759,36.7839],[126.6691,36.7806],[126.6649,36.7709],[126.6602,36.7709],[126.6264,36.8143],[126.6007,36.8172]]],[[[126.452,37.0191],[126.4544,37.0166],[126.452,37.0141],[126.452,37.0191]]],[[[126.4262,37.0231],[126.4215,37.0253],[126.4322,37.0215],[126.4262,37.0231]]],[[[126.4508,37.0244],[126.4511,37.0205],[126.4498,37.0212],[126.4473,37.0247],[126.4508,37.0244]]],[[[126.444,37.0332],[126.4483,37.0305],[126.4465,37.03],[126.444,37.0332]]],[[[126.4383,37.0337],[126.441,37.0322],[126.4396,37.0316],[126.4383,37.0337]]],[[[126.4408,37.0355],[126.4402,37.0384],[126.4555,37.0415],[126.4528,37.0323],[126.4408,37.0355]]],[[[126.4571,37.039],[126.4562,37.0363],[126.4552,37.0367],[126.4571,37.039]]],[[[126.4371,37.0574],[126.444,37.0617],[126.4506,37.0543],[126.4455,37.051],[126.4505,37.0445],[126.4209,37.0414],[126.4184,37.0632],[126.4281,37.0649],[126.4371,37.0574]]],[[[126.8046,36.946],[126.8063,36.9475],[126.8121,36.9437],[126.8071,36.9411],[126.8046,36.946]]],[[[126.8203,36.9452],[126.8212,36.9423],[126.8192,36.9435],[126.8203,36.9452]]],[[[126.824,36.953],[126.8258,36.9586],[126.8418,36.9406],[126.832,36.9389],[126.824,36.953]]]]}},{"type":"Feature","properties":{"sido":"충청남도","sigungu":"보령시","center":[36.351,126.6323]},"geometry":{"type":"MultiPolygon","coordinates":[[[[126.0506,36.1976],[126.0453,36.2045],[126.0526,36.204],[126.0567,36.1995],[126.0506,36.1976]]],[[[126.0318,36.2103],[126.0236,36.2245],[126.0282,36.224],[126.0345,36.2146],[126.0318,36.2103]]],[[[126.0777,36.2262],[126.0761,36.2214],[126.0672,36.2235],[126.0773,36.2347],[126.085,36.2298],[126.0905,36.2371],[126.094,36.2259],[126.0777,36.2262]]],[[[125.9622,36.2293],[125.9554,36.2322],[125.9634,36.2405],[125.9668,36.2396],[125.9622,36.2293]]],[[[126.0538,36.2365],[126.0521,36.2402],[126.0563,36.2368],[126.0538,36.2365]]],[[[126.0468,36.2355],[126.0464,36.237],[126.0538,36.2365],[126.0468,36.2355]]],[[[126.288,36.2516],[126.2838,36.2515],[126.2846,36.2522],[126.288,36.2516]]],[[[126.2618,36.2756],[126.2707,36.2797],[126.2667,36.2664],[126.261,36.2687],[126.2618,36.2756]]],[[[126.2026,36.2814],[126.2044,36.28],[126.2024,36.2797],[126.2026,36.2814]]],[[[126.201,36.2842],[126.2007,36.2833],[126.1977,36.2845],[126.201,36.2842]]],[[[126.2543,36.2956],[126.2602,36.2948],[126.2587,36.3019],[126.2614,36.3044],[126.2668,36.3054],[126.2575,36.2897],[126.2543,36.2956]]],[[[126.2614,36.3062],[126.2573,36.3072],[126.2591,36.3081],[126.2614,36.3062]]],[[[126.3579,36.3091],[126.3488,36.3096],[126.3526,36.3122],[126.3579,36.3091]]],[[[126.3143,36.3249],[126.3201,36.3274],[126.3184,36.3197],[126.3143,36.3249]]],[[[126.3041,36.3244],[126.2852,36.3285],[126.2921,36.3329],[126.3041,36.3244]]],[[[126.3174,36.3307],[126.3132,36.3342],[126.3197,36.339],[126.326,36.3371],[126.3174,36.3307]]],[[[126.3598,36.3264],[126.3525,36.3308],[126.3398,36.3293],[126.3514,36.3441],[126.353,36.3558],[126.3615,36.352],[126.3609,36.3417],[126.3706,36.3357],[126.3598,36.3264]]],[[[126.361,36.3914],[126.3649,36.3944],[126.3713,36.3899],[126.3684,36.378],[126.363,36.3782],[126.361,36.3914]]],[[[126.3565,36.3995],[126.3439,36.3913],[126.3393,36.3793],[126.3332,36.3778],[126.3227,36.3899],[126.3307,36.3933],[126.3345,36.4064],[126.3505,36.4063],[126.3565,36.3995]]],[[[126.5065,36.2111],[126.5042,36.2115],[126.5043,36.2141],[126.5065,36.2111]]],[[[126.5189,36.2143],[126.5165,36.2162],[126.5176,36.2175],[126.522,36.2169],[126.5189,36.2143]]],[[[126.5193,36.2409],[126.5169,36.2423],[126.5187,36.2456],[126.5247,36.2463],[126.5193,36.2409]]],[[[126.3787,36.326],[126.3804,36.3266],[126.3819,36.3239],[126.3787,36.326]]],[[[126.4464,36.3662],[126.4611,36.3613],[126.459,36.3546],[126.383,36.3673],[126.3858,36.3808],[126.423,36.386],[126.434,36.3857],[126.4464,36.3662]]],[[[126.3864,36.384],[126.3863,36.3815],[126.3844,36.3822],[126.3864,36.384]]],[[[126.4385,36.3875],[126.4444,36.3906],[126.457,36.3794],[126.4503,36.3764],[126.439,36.3797],[126.4385,36.3875]]],[[[126.4116,36.3891],[126.4132,36.3886],[126.4111,36.387],[126.4116,36.3891]]],[[[126.4295,36.3909],[126.431,36.3899],[126.4295,36.3888],[126.4295,36.3909]]],[[[126.4645,36.3992],[126.4651,36.3979],[126.4639,36.3981],[126.4645,36.3992]]],[[[126.431,36.4002],[126.4378,36.4003],[126.4377,36.399],[126.4312,36.3968],[126.431,36.4002]]],[[[126.4567,36.4059],[126.4607,36.4013],[126.4572,36.4017],[126.4567,36.4059]]],[[[126.4404,36.4061],[126.4402,36.4036],[126.4353,36.4049],[126.4404,36.4061]]],[[[126.4692,36.4114],[126.4709,36.4102],[126.4664,36.4077],[126.4692,36.4114]]],[[[126.4573,36.4119],[126.4592,36.4084],[126.458,36.408],[126.4573,36.4119]]],[[[126.4665,36.4139],[126.4663,36.4101],[126.4651,36.4106],[126.4665,36.4139]]],[[[126.4637,36.4203],[126.465,36.4165],[126.4639,36.4166],[126.4637,36.4203]]],[[[126.497,36.4318],[126.4915,36.4454],[126.4825,36.4527],[126.4734,36.5033],[126.5037,36.5298],[126.5096,36.5228],[126.528,36.5193],[126.5434,36.5076],[126.5613,36.5091],[126.5672,36.5015],[126.5902,36.5089],[126.6019,36.4774],[126.6146,36.4854],[126.6319,36.4758],[126.6355,36.4658],[126.653,36.467],[126.6587,36.4603],[126.6735,36.462],[126.6773,36.4506],[126.6888,36.4457],[126.684,36.4361],[126.6916,36.4287],[126.6916,36.4104],[126.7062,36.4044],[126.7146,36.3937],[126.711,36.388],[126.7247,36.3748],[126.7042,36.367],[126.7041,36.3503],[126.696,36.3363],[126.6831,36.3315],[126.6803,36.3134],[126.6942,36.2994],[126.6873,36.291],[126.6949,36.2835],[126.6961,36.2678],[126.7192,36.2591],[126.7206,36.2538],[126.7368,36.2547],[126.7345,36.2386],[126.7182,36.2345],[126.7135,36.2144],[126.6986,36.2053],[126.6923,36.1903],[126.6667,36.1762],[126.6563,36.1812],[126.6271,36.173],[126.5847,36.1757],[126.5659,36.188],[126.5646,36.1977],[126.5517,36.1947],[126.5382,36.1987],[126.5379,36.21],[126.5323,36.2186],[126.5259,36.2199],[126.5306,36.2252],[126.5303,36.2393],[126.5464,36.2689],[126.5403,36.2779],[126.5348,36.2765],[126.5397,36.2788],[126.5275,36.2969],[126.5166,36.2993],[126.5032,36.325],[126.5052,36.3309],[126.5152,36.3274],[126.5163,36.3321],[126.5433,36.339],[126.5614,36.3516],[126.545,36.3545],[126.5086,36.3805],[126.4803,36.383],[126.4806,36.3963],[126.4862,36.4005],[126.497,36.4318]]],[[[126.5273,36.2414],[126.5291,36.2417],[126.5292,36.2377],[126.5273,36.2414]]]]}},{"type":"Feature","properties":{"sido":"충청남도","sigungu":"부여군","center":[36.2273,126.873]},"geometry":{"type":"Polygon","coordinates":[[[126.8016,36.1415],[126.794,36.137],[126.7955,36.1792],[126.7811,36.1837],[126.7417,36.1833],[126.7135,36.1755],[126.6998,36.1798],[126.6923,36.1903],[126.6986,36.2053],[126.7135,36.2144],[126.7181,36.2344],[126.7341,36.2383],[126.7379,36.2488],[126.7367,36.2548],[126.7206,36.2538],[126.7192,36.2591],[126.6962,36.2677],[126.6949,36.2835],[126.6873,36.291],[126.6942,36.2994],[126.6803,36.3134],[126.6831,36.3315],[126.696,36.3363],[126.7083,36.3704],[126.7345,36.378],[126.7395,36.3651],[126.7483,36.3661],[126.7523,36.3562],[126.7652,36.3531],[126.7855,36.357],[126.7943,36.352],[126.8086,36.3766],[126.8193,36.3767],[126.8295,36.3855],[126.8487,36.3868],[126.8428,36.3735],[126.8316,36.3759],[126.8349,36.3638],[126.8448,36.3639],[126.8414,36.3554],[126.8482,36.3554],[126.8594,36.3432],[126.8556,36.3308],[126.8623,36.3238],[126.8925,36.3257],[126.9001,36.3316],[126.9011,36.3274],[126.9124,36.3272],[126.9144,36.3207],[126.9273,36.3151],[126.9437,36.3196],[126.9593,36.332],[126.9854,36.3372],[126.9966,36.3278],[126.9867,36.3114],[126.9943,36.2987],[127.014,36.2966],[127.0275,36.2819],[127.039,36.2836],[127.0658,36.277],[127.0698,36.2703],[127.0641,36.2569],[127.0399,36.2458],[127.0255,36.2202],[127.0144,36.2111],[127.007,36.2097],[127.0013,36.2161],[126.9842,36.2079],[126.9878,36.2022],[126.9836,36.1922],[126.9975,36.1802],[127.0074,36.1624],[126.998,36.159],[127.0034,36.1491],[126.9863,36.1452],[126.957,36.1564],[126.9392,36.1513],[126.9234,36.1393],[126.9081,36.1435],[126.8923,36.1407],[126.8726,36.1109],[126.8749,36.0915],[126.8701,36.0693],[126.8618,36.0757],[126.8572,36.072],[126.842,36.0797],[126.8366,36.0996],[126.8398,36.1172],[126.8256,36.1257],[126.8192,36.1356],[126.8016,36.1415]]]}},{"type":"Feature","properties":{"sido":"충청남도","sigungu":"서산시","center":[36.8102,126.4847]},"geometry":{"type":"MultiPolygon","coordinates":[[[[126.4419,36.667],[126.4441,36.6368],[126.4239,36.6003],[126.4155,36.5996],[126.3947,36.6184],[126.3747,36.6163],[126.3645,36.6269],[126.3609,36.6691],[126.348,36.6757],[126.3434,36.7408],[126.3498,36.7766],[126.3559,36.7816],[126.3545,36.7909],[126.3344,36.815],[126.3375,36.8179],[126.3271,36.8281],[126.328,36.8365],[126.3151,36.8421],[126.3246,36.8474],[126.3199,36.8512],[126.3284,36.8613],[126.3476,36.8614],[126.3422,36.8479],[126.3543,36.8329],[126.3653,36.83],[126.3558,36.8487],[126.3703,36.8572],[126.3703,36.8696],[126.3641,36.8774],[126.3795,36.8829],[126.3978,36.8813],[126.3954,36.893],[126.4042,36.8912],[126.4048,36.898],[126.4134,36.8942],[126.4313,36.901],[126.4272,36.906],[126.4081,36.9088],[126.409,36.9167],[126.4031,36.9211],[126.4166,36.9303],[126.4106,36.9346],[126.3961,36.9351],[126.3919,36.9294],[126.3862,36.9298],[126.3807,36.944],[126.3735,36.9464],[126.3594,36.9382],[126.3564,36.9417],[126.3604,36.9504],[126.3503,36.9519],[126.3497,36.9611],[126.334,36.9597],[126.3332,36.975],[126.3385,36.975],[126.3382,36.981],[126.3277,36.9868],[126.3256,36.9959],[126.3275,37.001],[126.3326,36.9978],[126.3406,37.0007],[126.3351,37.0059],[126.3404,37.0122],[126.3499,37.0038],[126.3575,37.0144],[126.3612,37.0066],[126.3671,37.0131],[126.4079,37.012],[126.4098,37.0166],[126.4027,37.0191],[126.4055,37.0235],[126.4151,37.0198],[126.4131,37.0146],[126.426,37.0148],[126.4317,37.0084],[126.4524,37.0052],[126.478,36.9687],[126.4867,36.9439],[126.4737,36.8815],[126.5089,36.87],[126.5096,36.8561],[126.5147,36.8516],[126.5104,36.8472],[126.5261,36.8267],[126.5496,36.8242],[126.5696,36.8286],[126.5752,36.825],[126.5885,36.8366],[126.5954,36.834],[126.6007,36.8172],[126.6308,36.8132],[126.631,36.8071],[126.6536,36.776],[126.6474,36.7609],[126.6533,36.7529],[126.6324,36.7573],[126.6326,36.7415],[126.6107,36.7321],[126.602,36.7183],[126.609,36.7049],[126.5998,36.6967],[126.5953,36.6692],[126.5817,36.6641],[126.5795,36.654],[126.5658,36.6445],[126.5459,36.6403],[126.5351,36.6462],[126.5108,36.6308],[126.4659,36.644],[126.4622,36.6845],[126.4535,36.6937],[126.4419,36.667]]],[[[126.3614,36.8725],[126.3622,36.8729],[126.3643,36.8709],[126.3614,36.8725]]],[[[126.3812,36.8924],[126.3866,36.8922],[126.3875,36.8895],[126.3823,36.8884],[126.3812,36.8924]]],[[[126.348,36.9046],[126.3409,36.896],[126.3233,36.9181],[126.3329,36.9165],[126.348,36.9046]]],[[[126.3555,36.9182],[126.3504,36.9181],[126.3512,36.9195],[126.3555,36.9182]]],[[[126.371,36.9184],[126.3707,36.927],[126.3774,36.9292],[126.3873,36.9246],[126.3865,36.9195],[126.371,36.9184]]],[[[126.3372,36.9322],[126.337,36.934],[126.3439,36.9254],[126.3372,36.9322]]],[[[126.3537,36.9322],[126.358,36.9327],[126.3552,36.9293],[126.3537,36.9322]]],[[[126.336,36.9383],[126.336,36.9402],[126.3381,36.9363],[126.336,36.9383]]],[[[126.3478,36.953],[126.3487,36.9525],[126.3465,36.9504],[126.3478,36.953]]],[[[126.3718,37.0232],[126.3667,37.0216],[126.3672,37.0224],[126.3708,37.0261],[126.3718,37.0232]]],[[[126.3872,37.0264],[126.3883,37.0263],[126.3867,37.0228],[126.3836,37.0224],[126.3872,37.0264]]]]}},{"type":"Feature","properties":{"sido":"충청남도","sigungu":"서천군","center":[36.0978,126.7341]},"geometry":{"type":"MultiPolygon","coordinates":[[[[126.5999,35.995],[126.6068,36.0002],[126.6102,35.9945],[126.6008,35.991],[126.5999,35.995]]],[[[126.6337,36.0014],[126.627,36.0004],[126.626,36.0054],[126.6337,36.0014]]],[[[126.6227,36.0075],[126.6248,36.0067],[126.6228,36.0058],[126.6227,36.0075]]],[[[126.6129,36.066],[126.6153,36.068],[126.6176,36.0662],[126.6129,36.066]]],[[[126.6439,36.094],[126.6307,36.0914],[126.6313,36.0995],[126.6205,36.1023],[126.6115,36.0961],[126.5917,36.1279],[126.5706,36.1406],[126.5677,36.1334],[126.5557,36.1285],[126.5539,36.1367],[126.5429,36.1456],[126.5104,36.1512],[126.5019,36.1421],[126.5015,36.1288],[126.4931,36.1377],[126.4947,36.1587],[126.5197,36.1655],[126.527,36.1768],[126.5241,36.1854],[126.531,36.1947],[126.56,36.1899],[126.5827,36.1763],[126.6092,36.1718],[126.6563,36.1812],[126.6667,36.1762],[126.6923,36.1903],[126.6998,36.1798],[126.7135,36.1755],[126.7417,36.1833],[126.7811,36.1837],[126.7959,36.178],[126.7923,36.1671],[126.794,36.137],[126.8016,36.1415],[126.8192,36.1356],[126.8256,36.1257],[126.8398,36.1172],[126.8366,36.0996],[126.842,36.0797],[126.8572,36.072],[126.8618,36.0757],[126.8701,36.0693],[126.8636,36.0606],[126.8101,36.034],[126.7723,36.0313],[126.7487,36.0235],[126.7348,36.0009],[126.6756,36.0086],[126.6676,36.0042],[126.6606,36.0109],[126.664,36.0196],[126.659,36.0287],[126.6669,36.0327],[126.6441,36.0556],[126.6321,36.0549],[126.6297,36.0785],[126.6184,36.0771],[126.6241,36.0845],[126.6328,36.0818],[126.6461,36.0903],[126.6439,36.094]]],[[[126.5493,36.1278],[126.5527,36.1298],[126.5538,36.1254],[126.5499,36.1241],[126.5493,36.1278]]]]}},{"type":"Feature","properties":{"sido":"충청남도","sigungu":"아산시","center":[36.7951,126.9779]},"geometry":{"type":"Polygon","coordinates":[[[127.0266,36.6867],[127.0071,36.6535],[126.989,36.6489],[126.9782,36.6537],[126.9678,36.6794],[126.9696,36.6907],[126.9626,36.697],[126.95,36.7038],[126.9021,36.7022],[126.9026,36.7147],[126.8976,36.7236],[126.8867,36.7313],[126.867,36.7293],[126.8566,36.7479],[126.8469,36.7416],[126.8477,36.7472],[126.8377,36.7518],[126.8302,36.7658],[126.8352,36.7861],[126.8592,36.7935],[126.8578,36.8029],[126.8368,36.8349],[126.8424,36.8426],[126.8479,36.8774],[126.8529,36.8825],[126.8617,36.8802],[126.8806,36.8881],[126.9119,36.8904],[126.9087,36.905],[126.9954,36.9355],[127.0317,36.9283],[127.0606,36.9395],[127.0736,36.9387],[127.0942,36.9121],[127.0846,36.9038],[127.0919,36.8935],[127.088,36.8883],[127.0919,36.8828],[127.0865,36.876],[127.0869,36.8625],[127.1049,36.861],[127.11,36.8559],[127.109,36.8476],[127.0981,36.8397],[127.1054,36.8367],[127.0966,36.815],[127.095,36.7967],[127.0998,36.7924],[127.1041,36.7991],[127.1111,36.7971],[127.1193,36.7668],[127.1093,36.7592],[127.0935,36.7608],[127.0985,36.7536],[127.0885,36.7464],[127.0889,36.7409],[127.0812,36.733],[127.0844,36.7225],[127.079,36.71],[127.0487,36.7037],[127.0266,36.6867]]]}},{"type":"Feature","properties":{"sido":"충청남도","sigungu":"예산군","center":[36.6656,126.8503]},"geometry":{"type":"Polygon","coordinates":[[[126.7614,36.6175],[126.7564,36.6234],[126.7575,36.632],[126.7498,36.6351],[126.7519,36.6456],[126.7365,36.6496],[126.737,36.6588],[126.7453,36.6708],[126.7399,36.6729],[126.7249,36.6675],[126.7104,36.6728],[126.7058,36.6691],[126.7084,36.663],[126.6601,36.6571],[126.6499,36.6485],[126.6283,36.6496],[126.62,36.6395],[126.6267,36.6181],[126.611,36.6214],[126.5856,36.6186],[126.5871,36.6381],[126.5955,36.6503],[126.5892,36.6637],[126.5977,36.6748],[126.5998,36.6967],[126.609,36.7049],[126.6033,36.7213],[126.6107,36.7321],[126.6326,36.7415],[126.6324,36.7573],[126.6533,36.7529],[126.6474,36.7609],[126.6535,36.775],[126.6633,36.7703],[126.6759,36.7839],[126.6943,36.785],[126.6952,36.7993],[126.6996,36.8021],[126.7103,36.8039],[126.7249,36.7984],[126.7436,36.7773],[126.7465,36.767],[126.759,36.7634],[126.7753,36.7481],[126.7723,36.7553],[126.7795,36.7539],[126.8045,36.7737],[126.8131,36.7716],[126.8207,36.7772],[126.8199,36.786],[126.8298,36.7868],[126.8334,36.7833],[126.8304,36.7635],[126.8377,36.7518],[126.8473,36.7477],[126.8469,36.7416],[126.8519,36.7483],[126.8587,36.747],[126.867,36.7293],[126.8867,36.7313],[126.8976,36.7236],[126.9026,36.7147],[126.9021,36.7022],[126.95,36.7038],[126.9696,36.6907],[126.9678,36.6794],[126.9574,36.6719],[126.9597,36.662],[126.955,36.6454],[126.9482,36.6409],[126.9451,36.6283],[126.9359,36.6219],[126.9371,36.615],[126.9305,36.6084],[126.9273,36.5961],[126.931,36.5917],[126.9099,36.5665],[126.8945,36.5591],[126.8722,36.5697],[126.8454,36.5715],[126.8249,36.5285],[126.812,36.5312],[126.805,36.5267],[126.7686,36.5373],[126.7597,36.528],[126.7539,36.5283],[126.7411,36.5375],[126.7368,36.55],[126.7483,36.5576],[126.7485,36.5804],[126.7721,36.5934],[126.7708,36.6166],[126.7614,36.6175]]]}},{"type":"Feature","properties":{"sido":"충청남도","sigungu":"천안시","center":[36.7946,127.2556]},"geometry":{"type":"Polygon","coordinates":[[[127.1362,36.7048],[127.1416,36.6898],[127.1565,36.6908],[127.1584,36.6948],[127.1638,36.6812],[127.1548,36.6649],[127.1599,36.6573],[127.153,36.645],[127.1602,36.6246],[127.1506,36.6204],[127.1405,36.6429],[127.1312,36.6457],[127.1271,36.6537],[127.11,36.6587],[127.0934,36.6538],[127.0867,36.6417],[127.0273,36.6558],[127.0205,36.65],[127.0094,36.6564],[127.0266,36.6867],[127.0486,36.7041],[127.079,36.71],[127.0844,36.7225],[127.0812,36.733],[127.0889,36.7409],[127.0885,36.7464],[127.0985,36.7536],[127.0935,36.7608],[127.1031,36.7579],[127.1191,36.7658],[127.1111,36.7971],[127.1041,36.7991],[127.0998,36.7924],[127.095,36.7967],[127.0966,36.815],[127.1054,36.8367],[127.0981,36.8397],[127.109,36.8476],[127.11,36.8559],[127.1049,36.861],[127.0869,36.8625],[127.0865,36.876],[127.0919,36.8828],[127.088,36.8883],[127.0919,36.8935],[127.0846,36.9038],[127.0942,36.9121],[127.0739,36.9384],[127.0861,36.9478],[127.096,36.9422],[127.1018,36.9538],[127.0965,36.9595],[127.1111,36.9709],[127.1317,36.965],[127.1443,36.9715],[127.1651,36.962],[127.176,36.9621],[127.1901,36.9529],[127.2045,36.9502],[127.2059,36.9418],[127.2117,36.9379],[127.2107,36.9304],[127.2202,36.9303],[127.244,36.9174],[127.2531,36.9223],[127.2591,36.9156],[127.2718,36.9133],[127.2848,36.8957],[127.3081,36.8853],[127.3113,36.8702],[127.3073,36.8597],[127.3363,36.8546],[127.3334,36.8307],[127.3558,36.8285],[127.358,36.8221],[127.3825,36.8134],[127.401,36.7991],[127.3954,36.7825],[127.4122,36.7722],[127.4208,36.7596],[127.412,36.7573],[127.4048,36.7449],[127.3889,36.7532],[127.3872,36.7595],[127.3694,36.7615],[127.3358,36.7526],[127.334,36.747],[127.3412,36.7376],[127.3393,36.7302],[127.3283,36.7346],[127.3097,36.7228],[127.3081,36.7049],[127.2856,36.6909],[127.2458,36.6958],[127.2364,36.7072],[127.2051,36.7203],[127.2029,36.7262],[127.1738,36.7286],[127.1658,36.7337],[127.1569,36.7264],[127.1529,36.7283],[127.1451,36.7171],[127.1277,36.7086],[127.1362,36.7048]]]}},{"type":"Feature","properties":{"sido":"충청남도","sigungu":"청양군","center":[36.4423,126.8471]},"geometry":{"type":"Polygon","coordinates":[[[126.9836,36.3402],[126.9273,36.3151],[126.9144,36.3207],[126.9124,36.3272],[126.9011,36.3274],[126.9001,36.3316],[126.8928,36.3258],[126.875,36.3231],[126.859,36.326],[126.8555,36.331],[126.8596,36.3427],[126.8482,36.3554],[126.8414,36.3554],[126.8448,36.3639],[126.8349,36.3638],[126.8316,36.3759],[126.8428,36.3735],[126.8487,36.3868],[126.8295,36.3855],[126.8193,36.3767],[126.8086,36.3766],[126.7943,36.352],[126.7855,36.357],[126.7569,36.3547],[126.7494,36.3596],[126.7483,36.3661],[126.7395,36.3651],[126.7347,36.3779],[126.7247,36.3748],[126.7152,36.3828],[126.7105,36.3888],[126.7146,36.3937],[126.7062,36.4044],[126.6916,36.4104],[126.6916,36.4287],[126.684,36.4361],[126.6888,36.4457],[126.6773,36.4506],[126.6731,36.4622],[126.7011,36.4787],[126.7148,36.4816],[126.7266,36.48],[126.7362,36.4718],[126.7496,36.5032],[126.7563,36.5036],[126.7695,36.5183],[126.7731,36.5343],[126.7853,36.5347],[126.805,36.5267],[126.812,36.5312],[126.8249,36.5285],[126.8308,36.5475],[126.8449,36.5655],[126.8438,36.5707],[126.8722,36.5697],[126.9,36.558],[126.8996,36.5495],[126.8898,36.5406],[126.8886,36.5338],[126.8938,36.5265],[126.8839,36.5115],[126.8941,36.5029],[126.8944,36.4785],[126.9139,36.4647],[126.916,36.4556],[126.9303,36.455],[126.9566,36.4686],[126.9715,36.4673],[126.9973,36.4602],[127.0042,36.4556],[127.0023,36.4509],[127.0076,36.4514],[127.007,36.4389],[127.02,36.4386],[127.018,36.4341],[127.024,36.425],[127.0153,36.4183],[127.0273,36.4015],[126.9884,36.3664],[126.9836,36.3402]]]}},{"type":"Feature","properties":{"sido":"충청남도","sigungu":"태안군","center":[36.7835,126.2432]},"geometry":{"type":"MultiPolygon","coordinates":[[[[125.5435,36.6143],[125.5472,36.6089],[125.5449,36.6093],[125.5435,36.6143]]],[[[125.5735,36.6216],[125.5808,36.6128],[125.5725,36.6162],[125.5735,36.6216]]],[[[125.5567,36.6256],[125.5564,36.6258],[125.5609,36.6263],[125.5626,36.6252],[125.5567,36.6256]]],[[[125.7157,36.6298],[125.7125,36.6292],[125.7125,36.6315],[125.7157,36.6298]]],[[[126.125,36.6428],[126.1266,36.6427],[126.1261,36.6401],[126.125,36.6428]]],[[[126.1211,36.6412],[126.1167,36.6415],[126.1183,36.6424],[126.1211,36.6412]]],[[[125.6922,36.645],[125.6993,36.639],[125.6927,36.6393],[125.6893,36.6415],[125.6922,36.645]]],[[[125.8255,36.6587],[125.8222,36.6585],[125.8223,36.6605],[125.8255,36.6587]]],[[[125.8623,36.6644],[125.8551,36.6637],[125.8548,36.6651],[125.8623,36.6644]]],[[[126.0351,36.669],[126.0371,36.6663],[126.0319,36.6661],[126.0351,36.669]]],[[[126.0804,36.6766],[126.0814,36.672],[126.0598,36.6726],[126.0508,36.6665],[126.0457,36.6706],[126.062,36.6803],[126.0821,36.684],[126.0819,36.6921],[126.0873,36.6896],[126.0841,36.6844],[126.0875,36.6799],[126.0804,36.6766]]],[[[126.1133,36.7066],[126.1159,36.7052],[126.1125,36.7041],[126.1133,36.7066]]],[[[126.1179,36.7077],[126.1164,36.705],[126.1147,36.7063],[126.1179,36.7077]]],[[[125.9463,36.7277],[125.9486,36.7267],[125.9447,36.7209],[125.9417,36.7247],[125.9463,36.7277]]],[[[126.1269,36.7505],[126.125,36.7482],[126.1243,36.7492],[126.1269,36.7505]]],[[[126.2143,36.4308],[126.2143,36.4288],[126.2109,36.4298],[126.2143,36.4308]]],[[[126.2374,36.4558],[126.2388,36.4544],[126.2364,36.4514],[126.2319,36.4553],[126.2374,36.4558]]],[[[126.1628,36.5105],[126.1585,36.5088],[126.1562,36.5114],[126.1598,36.5143],[126.1628,36.5105]]],[[[126.1944,36.5712],[126.1957,36.5697],[126.1931,36.568],[126.1912,36.5715],[126.1944,36.5712]]],[[[126.2001,36.5821],[126.1972,36.5772],[126.1965,36.5823],[126.2001,36.5821]]],[[[126.2014,36.5948],[126.203,36.5908],[126.2011,36.5911],[126.1975,36.5956],[126.2014,36.5948]]],[[[126.2419,36.5887],[126.2412,36.5943],[126.2344,36.597],[126.2396,36.6004],[126.2365,36.6068],[126.2447,36.6071],[126.2419,36.5887]]],[[[126.2196,36.6861],[126.2208,36.685],[126.2199,36.6847],[126.2196,36.6861]]],[[[126.2518,36.713],[126.2423,36.7171],[126.2424,36.7098],[126.2361,36.7173],[126.2349,36.7083],[126.2413,36.7076],[126.2418,36.7026],[126.2291,36.6927],[126.2118,36.6924],[126.1974,36.6745],[126.1887,36.6716],[126.18,36.6768],[126.1731,36.672],[126.1711,36.6785],[126.1304,36.6683],[126.1243,36.6829],[126.1306,36.6885],[126.137,36.6877],[126.1367,36.6837],[126.1492,36.6862],[126.1458,36.7032],[126.1658,36.7174],[126.1847,36.7169],[126.1947,36.7077],[126.206,36.706],[126.2172,36.7116],[126.2215,36.7213],[126.2146,36.7254],[126.2014,36.7209],[126.2111,36.7404],[126.2001,36.7363],[126.182,36.746],[126.1846,36.7529],[126.1648,36.7575],[126.1619,36.753],[126.1553,36.756],[126.1415,36.7537],[126.1518,36.7486],[126.1522,36.7305],[126.1227,36.7069],[126.121,36.7124],[126.1261,36.7179],[126.1212,36.7248],[126.1335,36.7408],[126.1326,36.7494],[126.1167,36.7561],[126.1015,36.7733],[126.1148,36.7747],[126.118,36.7705],[126.1282,36.7737],[126.1322,36.7769],[126.13,36.7874],[126.1374,36.7854],[126.1449,36.7932],[126.1419,36.7959],[126.1477,36.7962],[126.1502,36.8027],[126.1425,36.8089],[126.1506,36.812],[126.1484,36.8169],[126.1542,36.8174],[126.1586,36.8272],[126.1456,36.8368],[126.1531,36.8392],[126.149,36.8467],[126.1553,36.8447],[126.1612,36.85],[126.1636,36.8418],[126.1756,36.8436],[126.1722,36.8123],[126.1845,36.8149],[126.1803,36.8199],[126.1863,36.823],[126.1769,36.8275],[126.1753,36.8358],[126.1867,36.8415],[126.1948,36.8537],[126.1902,36.8562],[126.1903,36.8659],[126.1837,36.867],[126.1896,36.8781],[126.1769,36.885],[126.1803,36.8894],[126.1953,36.8881],[126.2006,36.8968],[126.1964,36.9005],[126.2029,36.9051],[126.2128,36.9006],[126.2532,36.9149],[126.2465,36.9081],[126.2418,36.8885],[126.2254,36.8886],[126.2183,36.8801],[126.2354,36.8727],[126.2362,36.8654],[126.2422,36.8639],[126.2506,36.8696],[126.2527,36.8794],[126.2717,36.8764],[126.2696,36.8847],[126.2754,36.8982],[126.2809,36.9026],[126.2887,36.9008],[126.283,36.9094],[126.2921,36.9309],[126.2829,36.9704],[126.2943,36.9704],[126.3056,36.9795],[126.3072,36.9618],[126.3137,36.9548],[126.3028,36.9442],[126.3103,36.9298],[126.3023,36.9184],[126.3203,36.9051],[126.3205,36.8921],[126.3326,36.8914],[126.3268,36.8841],[126.3138,36.8833],[126.3031,36.8631],[126.3047,36.8569],[126.2964,36.8525],[126.2947,36.8426],[126.317,36.8389],[126.3162,36.8338],[126.2954,36.8242],[126.2838,36.825],[126.281,36.8179],[126.2889,36.8136],[126.2864,36.8036],[126.2913,36.7983],[126.3045,36.8146],[126.3182,36.8142],[126.3228,36.8197],[126.3281,36.814],[126.3344,36.815],[126.3545,36.7909],[126.3559,36.7816],[126.3498,36.7766],[126.344,36.7489],[126.3466,36.7285],[126.3392,36.6807],[126.3496,36.6322],[126.3601,36.6248],[126.3552,36.6226],[126.3572,36.6181],[126.3359,36.6185],[126.3359,36.6116],[126.3288,36.6066],[126.3139,36.5881],[126.3073,36.5953],[126.2922,36.5838],[126.2824,36.5923],[126.283,36.6223],[126.2955,36.6282],[126.2968,36.6375],[126.2809,36.6685],[126.2632,36.6731],[126.2671,36.6811],[126.2601,36.6934],[126.2723,36.7053],[126.2713,36.7292],[126.2518,36.713]]],[[[126.1561,36.7527],[126.1579,36.7534],[126.1608,36.7487],[126.1574,36.7475],[126.1561,36.7527]]],[[[126.1396,36.8042],[126.1468,36.8008],[126.1423,36.7995],[126.1396,36.8042]]],[[[126.2482,36.8937],[126.2546,36.8933],[126.2502,36.8874],[126.2482,36.8937]]],[[[126.1714,36.9275],[126.1668,36.927],[126.1672,36.9292],[126.1714,36.9275]]],[[[126.4359,36.4211],[126.4276,36.4117],[126.4266,36.3992],[126.4178,36.4055],[126.4119,36.4043],[126.4115,36.4115],[126.3998,36.412],[126.3963,36.4183],[126.3912,36.4118],[126.382,36.4181],[126.3716,36.4101],[126.3665,36.4119],[126.3508,36.4238],[126.3465,36.4358],[126.3636,36.4407],[126.3338,36.4373],[126.3308,36.4415],[126.3331,36.4489],[126.3285,36.4593],[126.333,36.4593],[126.3332,36.4663],[126.3241,36.4688],[126.3304,36.4757],[126.3338,36.4914],[126.3248,36.5203],[126.3283,36.5269],[126.3263,36.5441],[126.3209,36.5583],[126.31,36.5688],[126.3104,36.5852],[126.3202,36.5878],[126.3233,36.5991],[126.34,36.6085],[126.348,36.6047],[126.3482,36.6114],[126.3604,36.6131],[126.3834,36.6073],[126.3959,36.5955],[126.3987,36.5823],[126.3863,36.5588],[126.3966,36.5192],[126.4256,36.4656],[126.4243,36.4568],[126.4296,36.4504],[126.4359,36.4211]]],[[[126.3078,36.4508],[126.3129,36.4498],[126.3098,36.4453],[126.3078,36.4508]]],[[[126.3024,36.4458],[126.2982,36.4454],[126.3042,36.4498],[126.303,36.4564],[126.31,36.4551],[126.3024,36.4458]]],[[[126.4363,36.4644],[126.4338,36.4601],[126.4322,36.4602],[126.4363,36.4644]]],[[[126.3293,36.5005],[126.3299,36.5003],[126.3263,36.4994],[126.3293,36.5005]]],[[[126.325,36.502],[126.3269,36.5016],[126.3262,36.5011],[126.325,36.502]]],[[[126.2931,36.5828],[126.2939,36.5829],[126.294,36.5787],[126.2931,36.5828]]],[[[126.2631,36.636],[126.2663,36.6341],[126.2642,36.6302],[126.2631,36.636]]],[[[126.3122,36.861],[126.3069,36.8639],[126.3079,36.8656],[126.3137,36.8657],[126.3122,36.861]]],[[[126.3126,36.9445],[126.315,36.9445],[126.3082,36.9362],[126.3126,36.9445]]]]}},{"type":"Feature","properties":{"sido":"충청남도","sigungu":"홍성군","center":[36.569,126.5996]},"geometry":{"type":"MultiPolygon","coordinates":[[[[126.438,36.519],[126.4391,36.5215],[126.4434,36.5166],[126.438,36.519]]],[[[126.6008,36.4785],[126.6003,36.4902],[126.5902,36.5089],[126.5672,36.5015],[126.5613,36.5091],[126.5434,36.5076],[126.528,36.5193],[126.5096,36.5228],[126.5049,36.5297],[126.4845,36.5158],[126.4761,36.5219],[126.4542,36.551],[126.4476,36.5869],[126.4522,36.5964],[126.4417,36.5999],[126.4636,36.5974],[126.4783,36.6084],[126.4738,36.6172],[126.4568,36.6263],[126.4659,36.644],[126.5108,36.6308],[126.5351,36.6462],[126.5459,36.6403],[126.5658,36.6445],[126.5795,36.654],[126.5817,36.6641],[126.5861,36.6654],[126.5955,36.6526],[126.5871,36.6381],[126.5862,36.6176],[126.6094,36.6214],[126.6267,36.6181],[126.62,36.6395],[126.6283,36.6496],[126.6499,36.6485],[126.6601,36.6571],[126.7084,36.663],[126.7058,36.6691],[126.7104,36.6728],[126.7249,36.6675],[126.7453,36.6708],[126.737,36.6588],[126.7364,36.6497],[126.7519,36.6456],[126.7498,36.6351],[126.7575,36.632],[126.7564,36.6234],[126.7614,36.6175],[126.7708,36.6166],[126.7722,36.5938],[126.7485,36.5804],[126.7483,36.5576],[126.7368,36.5497],[126.7464,36.5314],[126.7597,36.528],[126.7686,36.5373],[126.7731,36.5343],[126.7695,36.5183],[126.7563,36.5036],[126.7496,36.5032],[126.7362,36.4718],[126.7266,36.48],[126.7148,36.4816],[126.7011,36.4787],[126.6758,36.4627],[126.6587,36.4603],[126.653,36.467],[126.6355,36.4658],[126.6319,36.4758],[126.6128,36.4838],[126.6008,36.4785]]],[[[126.4467,36.546],[126.4503,36.5465],[126.4534,36.5407],[126.4475,36.5366],[126.4467,36.546]]]]}},{"type":"Feature","properties":{"sido":"충청북도","sigungu":"괴산군","center":[36.776,127.8348]},"geometry":{"type":"Polygon","coordinates":[[[127.9277,36.6898],[127.896,36.6942],[127.877,36.6805],[127.9067,36.6802],[127.9185,36.668],[127.9323,36.6652],[127.9315,36.6536],[127.9396,36.6469],[127.9331,36.619],[127.9249,36.6155],[127.9239,36.6052],[127.9155,36.6063],[127.9097,36.6257],[127.8894,36.6295],[127.8891,36.6403],[127.8823,36.6462],[127.8798,36.6576],[127.8741,36.6554],[127.8621,36.6344],[127.848,36.6334],[127.8475,36.6249],[127.8591,36.6132],[127.8405,36.6083],[127.8228,36.6124],[127.8011,36.602],[127.7865,36.6137],[127.7698,36.6041],[127.7641,36.6132],[127.742,36.6286],[127.7388,36.6395],[127.7247,36.6457],[127.7236,36.6514],[127.709,36.6545],[127.7142,36.6611],[127.7129,36.6681],[127.7242,36.6742],[127.7289,36.6826],[127.7135,36.6901],[127.7026,36.7095],[127.6922,36.7125],[127.6863,36.7208],[127.6783,36.7191],[127.6539,36.7353],[127.6391,36.7323],[127.6352,36.7502],[127.6237,36.7603],[127.6292,36.7732],[127.6209,36.7787],[127.621,36.7881],[127.642,36.7998],[127.6342,36.8071],[127.6366,36.8114],[127.629,36.8222],[127.6393,36.8425],[127.6384,36.8499],[127.6528,36.8608],[127.6779,36.8508],[127.6868,36.8601],[127.6894,36.8778],[127.6947,36.88],[127.7078,36.8758],[127.7357,36.8794],[127.7502,36.8731],[127.7879,36.8809],[127.7875,36.8945],[127.7925,36.9004],[127.7857,36.9059],[127.7963,36.9031],[127.7983,36.9098],[127.7937,36.9166],[127.784,36.9177],[127.7821,36.924],[127.7886,36.9265],[127.7887,36.9372],[127.7992,36.9475],[127.8103,36.9401],[127.8224,36.9434],[127.833,36.9397],[127.831,36.9331],[127.8431,36.9276],[127.8381,36.9133],[127.8577,36.9056],[127.8639,36.8964],[127.8803,36.8956],[127.881,36.8901],[127.8969,36.8932],[127.9167,36.8816],[127.9354,36.8882],[127.9505,36.8869],[127.9447,36.874],[127.9697,36.8602],[127.9675,36.8507],[127.977,36.837],[127.972,36.8267],[127.9819,36.8232],[127.9823,36.8154],[128.0113,36.8067],[128.0236,36.8141],[128.023,36.825],[128.0596,36.8168],[128.0542,36.8049],[128.0557,36.7945],[128.0446,36.7846],[128.0444,36.7712],[128.0321,36.7546],[128.0324,36.748],[128.069,36.7217],[128.074,36.7116],[128.0713,36.7073],[128.0488,36.7075],[128.0141,36.7301],[128.0026,36.7166],[127.9868,36.7175],[127.9608,36.7368],[127.948,36.7178],[127.9487,36.7054],[127.9321,36.7065],[127.9277,36.6898]]]}},{"type":"Feature","properties":{"sido":"충청북도","sigungu":"단양군","center":[36.9817,128.3861]},"geometry":{"type":"Polygon","coordinates":[[[128.4403,36.9016],[128.427,36.8893],[128.4244,36.8765],[128.4387,36.8732],[128.448,36.8646],[128.449,36.8481],[128.4343,36.8341],[128.4252,36.8151],[128.4131,36.8111],[128.3821,36.8141],[128.3626,36.8005],[128.3522,36.8105],[128.3347,36.8169],[128.3166,36.8166],[128.3108,36.8285],[128.2965,36.8345],[128.2868,36.8448],[128.282,36.8566],[128.2419,36.8728],[128.2425,36.8785],[128.2515,36.8847],[128.2438,36.8911],[128.2462,36.9051],[128.237,36.9144],[128.2362,36.9319],[128.2468,36.9376],[128.2456,36.9441],[128.2531,36.9428],[128.2639,36.9497],[128.2613,36.9565],[128.2662,36.9609],[128.2562,36.9866],[128.2552,37.0071],[128.2404,37.0238],[128.2265,37.0254],[128.2243,37.0343],[128.2173,37.0373],[128.2207,37.0419],[128.218,37.0544],[128.2259,37.0626],[128.2369,37.0654],[128.2398,37.0739],[128.2495,37.0751],[128.2697,37.088],[128.2645,37.088],[128.2581,37.1022],[128.2733,37.1173],[128.2943,37.0979],[128.3044,37.1005],[128.3096,37.1125],[128.2983,37.1342],[128.3113,37.1453],[128.3244,37.1476],[128.3274,37.153],[128.3308,37.1504],[128.337,37.1579],[128.3429,37.1543],[128.3501,37.158],[128.3595,37.15],[128.3645,37.1554],[128.3771,37.1516],[128.3844,37.1582],[128.3922,37.1537],[128.4036,37.1395],[128.3959,37.1287],[128.4186,37.1198],[128.4248,37.1024],[128.4352,37.1113],[128.445,37.1074],[128.4508,37.1124],[128.4803,37.1116],[128.4901,37.1229],[128.5124,37.1137],[128.512,37.0961],[128.5223,37.1034],[128.5347,37.0984],[128.538,37.09],[128.5508,37.0858],[128.5621,37.0904],[128.5917,37.0782],[128.6018,37.0828],[128.6063,37.0766],[128.6232,37.0871],[128.6283,37.075],[128.6522,37.0655],[128.6446,37.0619],[128.6305,37.039],[128.6088,37.0526],[128.6068,37.0434],[128.5836,37.0439],[128.5771,37.0356],[128.5681,37.0345],[128.5652,37.0309],[128.5729,37.0217],[128.5713,37.016],[128.556,37.0055],[128.5547,36.9982],[128.5145,36.9868],[128.5136,36.9768],[128.5067,36.9702],[128.4678,36.9518],[128.4602,36.934],[128.4419,36.9279],[128.4403,36.9016]]]}},{"type":"Feature","properties":{"sido":"충청북도","sigungu":"보은군","center":[36.4917,127.7275]},"geometry":{"type":"Polygon","coordinates":[[[127.7466,36.3858],[127.7334,36.3942],[127.7312,36.3898],[127.7217,36.3941],[127.7079,36.4063],[127.7104,36.4134],[127.681,36.419],[127.6805,36.4362],[127.6653,36.4451],[127.6559,36.4378],[127.6437,36.445],[127.6396,36.4376],[127.63,36.4365],[127.6244,36.4225],[127.6163,36.4264],[127.6214,36.4171],[127.6123,36.4035],[127.604,36.404],[127.6047,36.4079],[127.5836,36.4182],[127.5791,36.4074],[127.5559,36.3927],[127.5539,36.4029],[127.5435,36.4133],[127.5444,36.4198],[127.5156,36.4223],[127.5199,36.4364],[127.5459,36.4469],[127.5562,36.4718],[127.5764,36.4904],[127.5701,36.4996],[127.573,36.5164],[127.5652,36.5305],[127.581,36.5421],[127.6121,36.5514],[127.6166,36.5593],[127.6114,36.5701],[127.6306,36.5867],[127.6356,36.6],[127.6463,36.6066],[127.6537,36.6005],[127.665,36.6025],[127.6946,36.5886],[127.7139,36.6019],[127.7287,36.6023],[127.737,36.5998],[127.7371,36.5926],[127.7468,36.5855],[127.769,36.5934],[127.7692,36.6038],[127.7865,36.6137],[127.7977,36.6037],[127.7974,36.592],[127.8046,36.5817],[127.8239,36.5708],[127.8301,36.5744],[127.8432,36.5697],[127.8528,36.5716],[127.8678,36.5633],[127.8734,36.5559],[127.8737,36.5378],[127.9019,36.5282],[127.9022,36.5127],[127.9068,36.5074],[127.8885,36.4931],[127.8805,36.4933],[127.8755,36.4857],[127.8818,36.4779],[127.8784,36.4671],[127.8824,36.461],[127.873,36.4417],[127.8753,36.4285],[127.8826,36.4217],[127.8731,36.4059],[127.8636,36.4031],[127.8624,36.3926],[127.876,36.3907],[127.8843,36.3798],[127.882,36.373],[127.8373,36.3732],[127.8351,36.3688],[127.8188,36.3815],[127.7608,36.3919],[127.7466,36.3858]]]}},{"type":"Feature","properties":{"sido":"충청북도","sigungu":"영동군","center":[36.1657,127.7934]},"geometry":{"type":"Polygon","coordinates":[[[127.8187,36.028],[127.8002,36.0263],[127.7879,36.0142],[127.7663,36.012],[127.7588,36.015],[127.7611,36.0255],[127.7526,36.0247],[127.7479,36.0294],[127.7405,36.0249],[127.7324,36.0322],[127.7278,36.0261],[127.717,36.0344],[127.7021,36.0352],[127.695,36.0464],[127.6967,36.0562],[127.6886,36.0628],[127.6708,36.0519],[127.6727,36.0418],[127.6692,36.0383],[127.6604,36.0381],[127.654,36.0564],[127.6378,36.0684],[127.6327,36.0816],[127.6184,36.0931],[127.6196,36.109],[127.6101,36.1186],[127.6039,36.1171],[127.5902,36.1338],[127.5936,36.153],[127.6017,36.1616],[127.5934,36.1772],[127.5954,36.1821],[127.6085,36.1854],[127.6271,36.1778],[127.6342,36.1808],[127.6441,36.1717],[127.6515,36.1712],[127.6547,36.1773],[127.6502,36.1851],[127.6545,36.1919],[127.6486,36.207],[127.6506,36.2251],[127.656,36.229],[127.6633,36.2236],[127.6784,36.2246],[127.6917,36.2393],[127.693,36.2498],[127.7017,36.2614],[127.7146,36.2631],[127.7132,36.2677],[127.7224,36.2667],[127.7331,36.2751],[127.76,36.2704],[127.7641,36.2842],[127.7729,36.2912],[127.7944,36.2905],[127.795,36.2979],[127.8079,36.3091],[127.8172,36.3102],[127.8208,36.3052],[127.844,36.3165],[127.8411,36.3088],[127.8472,36.3006],[127.8515,36.2741],[127.8605,36.2777],[127.8837,36.2732],[127.8903,36.2899],[127.9051,36.3024],[127.907,36.2861],[127.9148,36.2801],[127.9309,36.2782],[127.9379,36.2691],[127.9473,36.2672],[127.9492,36.2566],[127.9602,36.2524],[127.9709,36.2504],[127.979,36.2541],[127.9769,36.2589],[127.9822,36.2642],[128.0103,36.2721],[128.048,36.2571],[128.03,36.2403],[128.0424,36.2173],[128.0498,36.2163],[128.0507,36.2059],[128.063,36.1992],[128.0525,36.2009],[128.0384,36.194],[128.0263,36.2057],[128.0135,36.2091],[127.9975,36.2061],[127.9765,36.1923],[127.9847,36.1771],[127.9835,36.1698],[127.9969,36.1552],[127.9873,36.1474],[127.987,36.1287],[127.9665,36.1185],[127.9686,36.1072],[127.9578,36.0949],[127.9614,36.0684],[127.9359,36.0507],[127.9171,36.0544],[127.9036,36.039],[127.8854,36.036],[127.8769,36.0224],[127.8653,36.0251],[127.8534,36.0391],[127.8187,36.028]]]}},{"type":"Feature","properties":{"sido":"충청북도","sigungu":"옥천군","center":[36.3072,127.6519]},"geometry":{"type":"Polygon","coordinates":[[[127.6784,36.2246],[127.6633,36.2236],[127.656,36.229],[127.6506,36.2251],[127.6486,36.207],[127.6545,36.1919],[127.6502,36.1851],[127.6547,36.1773],[127.6505,36.1707],[127.6342,36.1808],[127.6271,36.1778],[127.609,36.1853],[127.5981,36.1844],[127.5928,36.1952],[127.5993,36.2045],[127.5978,36.2174],[127.5791,36.2331],[127.5466,36.2302],[127.5496,36.2388],[127.5379,36.2429],[127.536,36.2516],[127.5178,36.2405],[127.4928,36.2381],[127.4863,36.2614],[127.4886,36.2732],[127.4983,36.2829],[127.489,36.3008],[127.4995,36.3053],[127.4948,36.3117],[127.5036,36.3258],[127.5013,36.3387],[127.5093,36.3431],[127.5098,36.3504],[127.5213,36.3532],[127.5269,36.3693],[127.5257,36.3873],[127.5392,36.3972],[127.5577,36.3936],[127.5791,36.4074],[127.5836,36.4182],[127.6047,36.4079],[127.604,36.404],[127.6123,36.4035],[127.6214,36.4171],[127.6163,36.4264],[127.6244,36.4225],[127.63,36.4365],[127.6396,36.4376],[127.6437,36.445],[127.6559,36.4378],[127.6653,36.4451],[127.6805,36.4362],[127.681,36.419],[127.7104,36.4134],[127.7079,36.4063],[127.728,36.3907],[127.7334,36.3942],[127.7474,36.3859],[127.7624,36.3938],[127.7705,36.3878],[127.7898,36.3886],[127.7972,36.3835],[127.8188,36.3815],[127.8325,36.3693],[127.8593,36.3743],[127.8835,36.3707],[127.8909,36.3608],[127.8814,36.3449],[127.8698,36.3436],[127.8675,36.3364],[127.8532,36.3317],[127.8507,36.3206],[127.845,36.3163],[127.8208,36.3052],[127.8172,36.3102],[127.8079,36.3091],[127.795,36.2979],[127.7944,36.2905],[127.7729,36.2912],[127.7641,36.2842],[127.76,36.2704],[127.7331,36.2751],[127.7224,36.2667],[127.7132,36.2677],[127.7146,36.2631],[127.7017,36.2614],[127.6784,36.2246]]]}},{"type":"Feature","properties":{"sido":"충청북도","sigungu":"음성군","center":[36.9946,127.551]},"geometry":{"type":"Polygon","coordinates":[[[127.698,36.8805],[127.6899,36.8785],[127.6868,36.8601],[127.6779,36.8508],[127.6594,36.8599],[127.649,36.8599],[127.6378,36.8473],[127.6159,36.8343],[127.6113,36.8478],[127.6165,36.8586],[127.603,36.852],[127.5808,36.8588],[127.5779,36.8533],[127.5763,36.8644],[127.5846,36.8692],[127.5846,36.8745],[127.5718,36.8785],[127.5687,36.8858],[127.5636,36.8823],[127.5561,36.8863],[127.5537,36.8982],[127.5346,36.9123],[127.5257,36.9113],[127.5114,36.9309],[127.4915,36.9388],[127.4814,36.9337],[127.4706,36.9362],[127.4622,36.9473],[127.4469,36.9509],[127.446,36.9604],[127.4572,36.9638],[127.4495,36.9766],[127.4467,37.011],[127.4495,37.0181],[127.4589,37.0226],[127.4577,37.0436],[127.468,37.053],[127.5048,37.048],[127.5183,37.0584],[127.56,37.043],[127.5681,37.0477],[127.5651,37.0603],[127.5762,37.074],[127.5959,37.0739],[127.6042,37.0685],[127.6009,37.0855],[127.6145,37.0879],[127.6348,37.1019],[127.6378,37.1412],[127.6288,37.1538],[127.6476,37.1508],[127.6684,37.1366],[127.6874,37.1351],[127.6954,37.1404],[127.7088,37.1358],[127.7227,37.1147],[127.702,37.1031],[127.6923,37.0814],[127.6838,37.0784],[127.6889,37.0514],[127.6638,37.0307],[127.6642,37.0232],[127.6562,37.0159],[127.6654,37.0031],[127.6555,37.0009],[127.651,36.9829],[127.6616,36.9777],[127.6696,36.9882],[127.6857,36.9857],[127.7112,36.9619],[127.7277,36.959],[127.7332,36.9535],[127.7418,36.9529],[127.7402,36.9589],[127.7478,36.9609],[127.7629,36.9485],[127.762,36.9437],[127.7722,36.9332],[127.7887,36.9372],[127.7891,36.9273],[127.7821,36.924],[127.7836,36.9188],[127.7943,36.9162],[127.7984,36.9073],[127.7963,36.9031],[127.7857,36.9059],[127.7925,36.9004],[127.7875,36.8945],[127.7874,36.8806],[127.7561,36.8734],[127.7351,36.8795],[127.7078,36.8758],[127.698,36.8805]]]}},{"type":"Feature","properties":{"sido":"충청북도","sigungu":"제천시","center":[37.0358,128.1537]},"geometry":{"type":"Polygon","coordinates":[[[128.234,36.8627],[128.2368,36.8481],[128.2138,36.85],[128.2185,36.8154],[128.2144,36.8127],[128.1641,36.8201],[128.1396,36.8342],[128.1035,36.8321],[128.0947,36.8354],[128.0872,36.8519],[128.0613,36.8374],[128.0578,36.8433],[128.0375,36.8524],[128.0385,36.8598],[128.0666,36.8934],[128.0679,36.9082],[128.0722,36.9116],[128.0621,36.9203],[128.0584,36.9313],[128.0419,36.9385],[128.0434,36.9519],[128.0634,36.9577],[128.0822,36.9505],[128.0886,36.9527],[128.0908,36.989],[128.0843,36.9908],[128.0761,37.0025],[128.0889,37.0176],[128.0856,37.0201],[128.0886,37.0313],[128.0807,37.049],[128.0851,37.0756],[128.0594,37.0893],[128.0635,37.0967],[128.0533,37.0975],[128.0461,37.1043],[128.046,37.1156],[128.0375,37.1121],[128.0207,37.1163],[128.0129,37.1104],[128.0119,37.0984],[128.0032,37.0987],[127.9979,37.1092],[127.985,37.1123],[127.9864,37.1312],[127.9771,37.1416],[127.9706,37.1423],[127.9679,37.1565],[127.9262,37.1652],[127.9366,37.1888],[127.9229,37.2279],[127.9387,37.2407],[127.9456,37.2405],[127.9481,37.2469],[127.9726,37.2568],[127.9991,37.2546],[128.0183,37.2451],[128.0213,37.2323],[128.0391,37.2158],[128.0298,37.2025],[128.0317,37.1937],[128.0397,37.1888],[128.0788,37.194],[128.1051,37.2038],[128.1252,37.2211],[128.1216,37.2275],[128.1268,37.2347],[128.1642,37.2133],[128.1731,37.2188],[128.1742,37.2325],[128.2012,37.2488],[128.2148,37.2463],[128.2287,37.2278],[128.2512,37.2292],[128.2684,37.2081],[128.3086,37.2169],[128.3156,37.2235],[128.3305,37.2165],[128.3274,37.1988],[128.3132,37.1967],[128.3129,37.188],[128.2959,37.183],[128.2982,37.1723],[128.2763,37.172],[128.2647,37.1605],[128.2781,37.1436],[128.299,37.1332],[128.3096,37.1125],[128.3046,37.1007],[128.2943,37.0979],[128.2733,37.1173],[128.2581,37.1022],[128.2645,37.088],[128.2697,37.088],[128.2495,37.0751],[128.2398,37.0739],[128.2369,37.0654],[128.2259,37.0626],[128.218,37.0543],[128.2207,37.0419],[128.2173,37.0373],[128.2243,37.0343],[128.2265,37.0254],[128.2404,37.0238],[128.2552,37.0071],[128.2562,36.9866],[128.2662,36.9609],[128.2613,36.9565],[128.2639,36.9497],[128.2531,36.9428],[128.2456,36.9441],[128.2468,36.9376],[128.2362,36.9319],[128.237,36.9144],[128.2462,36.9051],[128.2438,36.8911],[128.2515,36.8847],[128.2425,36.8785],[128.234,36.8627]]]}},{"type":"Feature","properties":{"sido":"충청북도","sigungu":"증평군","center":[36.7858,127.5923]},"geometry":{"type":"Polygon","coordinates":[[[127.6206,36.7795],[127.6292,36.7732],[127.6237,36.7603],[127.6352,36.7502],[127.6386,36.7329],[127.6539,36.7353],[127.6649,36.7298],[127.6616,36.7143],[127.6479,36.7012],[127.6354,36.7086],[127.6178,36.7075],[127.6187,36.7164],[127.6058,36.7438],[127.5912,36.7476],[127.5887,36.7624],[127.5687,36.7718],[127.5553,36.7991],[127.5485,36.7982],[127.5371,36.8079],[127.575,36.8234],[127.5781,36.83],[127.5674,36.8301],[127.5718,36.85],[127.5781,36.8511],[127.58,36.8585],[127.603,36.852],[127.6163,36.8587],[127.6113,36.8478],[127.6139,36.8344],[127.6356,36.8471],[127.6392,36.8436],[127.629,36.8222],[127.6366,36.8114],[127.6342,36.8071],[127.642,36.7998],[127.6251,36.7921],[127.6206,36.7795]]]}},{"type":"Feature","properties":{"sido":"충청북도","sigungu":"진천군","center":[36.8804,127.4401]},"geometry":{"type":"Polygon","coordinates":[[[127.4908,36.7735],[127.482,36.776],[127.473,36.7694],[127.4603,36.7698],[127.4501,36.759],[127.4483,36.7489],[127.4386,36.7533],[127.4271,36.7507],[127.4273,36.7569],[127.4196,36.7576],[127.4124,36.772],[127.3954,36.7825],[127.401,36.7991],[127.3825,36.8134],[127.358,36.8221],[127.3558,36.8285],[127.3334,36.8307],[127.3346,36.8561],[127.3072,36.8599],[127.3113,36.8702],[127.3081,36.8853],[127.2898,36.8938],[127.3041,36.9151],[127.2957,36.9289],[127.327,36.9358],[127.343,36.9435],[127.3497,36.9526],[127.3579,36.9475],[127.3755,36.9482],[127.3801,36.9586],[127.4019,36.9677],[127.3849,36.9837],[127.394,36.9979],[127.4151,36.9997],[127.4222,37.0048],[127.4297,37.0019],[127.4411,37.0116],[127.4488,37.0099],[127.4495,36.9766],[127.4572,36.9639],[127.446,36.9604],[127.4469,36.9509],[127.4622,36.9473],[127.4706,36.9362],[127.4814,36.9337],[127.4915,36.9388],[127.5114,36.9309],[127.5257,36.9113],[127.5346,36.9123],[127.5537,36.8982],[127.5561,36.8863],[127.5636,36.8823],[127.5687,36.8858],[127.5718,36.8785],[127.5846,36.8745],[127.5846,36.8692],[127.5763,36.8644],[127.5782,36.8513],[127.5718,36.85],[127.5674,36.8301],[127.5781,36.83],[127.5751,36.8235],[127.5371,36.8079],[127.5485,36.7982],[127.5552,36.7992],[127.5642,36.7796],[127.5013,36.7639],[127.5106,36.7744],[127.502,36.7797],[127.4908,36.7735]]]}},{"type":"Feature","properties":{"sido":"충청북도","sigungu":"청주시","center":[36.5906,127.4679]},"geometry":{"type":"Polygon","coordinates":[[[127.4654,36.4679],[127.464,36.4566],[127.4532,36.4501],[127.4332,36.4572],[127.4026,36.4557],[127.4042,36.4833],[127.3957,36.4916],[127.4088,36.4953],[127.4088,36.5096],[127.3975,36.521],[127.4088,36.5244],[127.405,36.5373],[127.4015,36.5415],[127.3835,36.542],[127.3727,36.5597],[127.3771,36.5678],[127.3605,36.5623],[127.3379,36.5625],[127.3361,36.5705],[127.3224,36.5825],[127.3037,36.5857],[127.3011,36.5822],[127.3071,36.6015],[127.2913,36.6255],[127.2924,36.6358],[127.2808,36.6344],[127.2767,36.6385],[127.287,36.6542],[127.3016,36.6601],[127.3076,36.6817],[127.2856,36.6909],[127.3081,36.7049],[127.3097,36.7228],[127.3283,36.7346],[127.3393,36.7302],[127.3412,36.7376],[127.334,36.747],[127.3357,36.7525],[127.3694,36.7615],[127.3872,36.7595],[127.3889,36.7532],[127.4046,36.7449],[127.4121,36.7573],[127.4246,36.7578],[127.4271,36.7507],[127.4394,36.7532],[127.4463,36.7482],[127.4603,36.7698],[127.473,36.7694],[127.4822,36.776],[127.4908,36.7735],[127.5063,36.7783],[127.5095,36.7704],[127.5013,36.7639],[127.5642,36.7796],[127.5687,36.7718],[127.5887,36.7624],[127.5912,36.7476],[127.6058,36.7438],[127.6187,36.7164],[127.6178,36.7075],[127.6351,36.7087],[127.6507,36.702],[127.6616,36.7143],[127.6649,36.7298],[127.6722,36.7221],[127.6863,36.7208],[127.6922,36.7125],[127.7022,36.7098],[127.7135,36.6901],[127.7289,36.6826],[127.7242,36.6742],[127.7129,36.6681],[127.7142,36.6611],[127.709,36.6545],[127.7236,36.6514],[127.7247,36.6457],[127.7388,36.6395],[127.742,36.6286],[127.7667,36.6094],[127.769,36.5934],[127.7456,36.5856],[127.7371,36.5926],[127.737,36.5998],[127.7287,36.6023],[127.7139,36.6019],[127.6946,36.5886],[127.665,36.6025],[127.6537,36.6005],[127.6463,36.6066],[127.6356,36.6],[127.6306,36.5867],[127.6114,36.5701],[127.6166,36.5593],[127.6121,36.5514],[127.581,36.5421],[127.5652,36.5305],[127.573,36.5164],[127.5701,36.4996],[127.5764,36.4904],[127.5562,36.4718],[127.5459,36.4469],[127.5199,36.4364],[127.51,36.4031],[127.5026,36.4082],[127.4892,36.4327],[127.5027,36.454],[127.4793,36.4578],[127.4841,36.4776],[127.4717,36.4747],[127.4654,36.4679]]]}},{"type":"Feature","properties":{"sido":"충청북도","sigungu":"충주시","center":[37.0095,127.8714]},"geometry":{"type":"Polygon","coordinates":[[[127.881,36.8901],[127.8803,36.8956],[127.8639,36.8964],[127.8577,36.9056],[127.8393,36.9124],[127.8431,36.9276],[127.831,36.9331],[127.833,36.9397],[127.8224,36.9434],[127.8103,36.9401],[127.7992,36.9475],[127.7887,36.9372],[127.7726,36.9331],[127.7478,36.9609],[127.7402,36.9589],[127.7418,36.9529],[127.7332,36.9535],[127.7277,36.959],[127.7112,36.9619],[127.6857,36.9857],[127.6696,36.9882],[127.6616,36.9777],[127.651,36.9829],[127.6555,37.0009],[127.6654,37.0031],[127.6562,37.0159],[127.6642,37.0232],[127.6638,37.0307],[127.6889,37.0514],[127.6838,37.0784],[127.6923,37.0814],[127.702,37.1031],[127.7227,37.1147],[127.7088,37.1358],[127.6956,37.1402],[127.6944,37.1496],[127.704,37.1565],[127.7048,37.1673],[127.7146,37.1811],[127.7265,37.1827],[127.7354,37.208],[127.7467,37.2167],[127.7439,37.2096],[127.756,37.1721],[127.7673,37.1578],[127.7895,37.1444],[127.8494,37.1533],[127.8537,37.161],[127.8609,37.1554],[127.862,37.1617],[127.8701,37.1643],[127.8867,37.1609],[127.8993,37.1501],[127.9084,37.1672],[127.9152,37.1692],[127.9232,37.1642],[127.9548,37.1622],[127.9682,37.1562],[127.9706,37.1423],[127.9771,37.1416],[127.9864,37.1312],[127.985,37.1123],[127.9979,37.1092],[128.0032,37.0987],[128.0119,37.0984],[128.0129,37.1104],[128.0207,37.1163],[128.0375,37.1121],[128.046,37.1156],[128.0461,37.1043],[128.0533,37.0975],[128.0635,37.0967],[128.0594,37.0893],[128.0851,37.0756],[128.0807,37.049],[128.0886,37.0313],[128.0856,37.0201],[128.0889,37.0176],[128.0761,37.0025],[128.0843,36.9908],[128.0908,36.989],[128.0886,36.9527],[128.0822,36.9505],[128.0634,36.9577],[128.0434,36.9519],[128.0419,36.9385],[128.0584,36.9313],[128.0621,36.9203],[128.0722,36.9116],[128.0679,36.9082],[128.0666,36.8934],[128.0363,36.855],[128.0613,36.8374],[128.0872,36.8519],[128.0948,36.8353],[128.1126,36.8306],[128.1274,36.8342],[128.1337,36.8322],[128.1322,36.8264],[128.1122,36.8189],[128.1068,36.8058],[128.0926,36.8028],[128.0924,36.7965],[128.0675,36.8158],[128.0348,36.8251],[128.023,36.825],[128.0236,36.8141],[128.0113,36.8067],[127.9823,36.8154],[127.9819,36.8232],[127.9727,36.8255],[127.9769,36.8374],[127.9675,36.8507],[127.9697,36.8602],[127.9447,36.874],[127.9508,36.8867],[127.9354,36.8882],[127.9167,36.8816],[127.8967,36.893],[127.881,36.8901]]]}}]}